CustomerId,Surname,CreditScore,Geography,Gender,Age,Tenure,Balance,NumOfProducts
15574012,Chu,645,Spain,Male,44,8,113755.78,2
15592531,Bartlett,822,France,Male,50,7,0.0,2
15656148,Obinna,376,Germany,Female,29,4,115046.74,4
15792365,He,501,France,Male,44,4,142051.07,2
15592389,Unknown,684,France,Male,27,2,134603.88,1
15634602,Hargrave,619,France,Female,42,2,0.0,1
15647311,Hill,608,Spain,Female,41,1,83807.86,1
15619304,Onio,502,France,Female,42,8,159660.8,3
15701354,Boni,699,France,Female,39,1,0.0,2
15737888,Mitchell,850,Spain,Female,43,2,125510.82,1
15767821,Bearce,528,France,Male,31,6,102016.72,2
15737173,Andrews,497,Spain,Male,24,3,0.0,2
15632264,Kay,476,France,Female,34,10,0.0,2
15691483,Chin,549,France,Female,25,5,0.0,2
15600882,Scott,635,Spain,Female,35,7,0.0,2
15643966,Goforth,616,Germany,Male,45,3,143129.41,2
15737452,Romeo,653,Germany,Male,58,1,132602.88,1
15788218,Henderson,549,Spain,Female,24,9,0.0,2
15661507,Muldrow,587,Spain,Male,45,6,0.0,1
15568982,Hao,726,France,Female,24,6,0.0,2
15577657,McDonald,732,France,Male,41,8,0.0,2
15597945,Dellucci,636,Spain,Female,32,8,0.0,2
15699309,Gerasimov,510,Spain,Female,38,4,0.0,1
15725737,Mosman,669,France,Male,46,3,0.0,2
15625047,Yen,846,France,Female,38,5,0.0,1
15738191,Maclean,577,France,Male,25,3,0.0,2
15736816,Young,756,Germany,Male,36,2,136815.64,1
15700772,Nebechi,571,France,Male,44,9,0.0,2
15728693,McWilliams,574,Germany,Female,43,3,141349.43,1
15656300,Lucciano,411,France,Male,29,0,59697.17,2
15589475,Azikiwe,591,Spain,Female,39,3,0.0,3
15706552,Odinakachukwu,533,France,Male,36,7,85311.7,1
15750181,Sanderson,553,Germany,Male,41,9,110112.54,2
15659428,Maggard,520,Spain,Female,42,6,0.0,2
15732963,Clements,722,Spain,Female,29,9,0.0,2
15794171,Lombardo,475,France,Female,45,0,134264.04,1
15788448,Watson,490,Spain,Male,31,3,145260.23,1
15729599,Lorenzo,804,Spain,Male,33,7,76548.6,1
15717426,Armstrong,850,France,Male,36,7,0.0,1
15585768,Cameron,582,Germany,Male,41,6,70349.48,2
15619360,Hsiao,472,Spain,Male,40,4,0.0,1
15738148,Clarke,465,France,Female,51,8,122522.32,1
15687946,Osborne,556,France,Female,61,2,117419.35,1
15755196,Lavine,834,France,Female,49,2,131394.56,1
15684171,Bianchi,660,Spain,Female,61,5,155931.11,1
15754849,Tyler,776,Germany,Female,32,4,109421.13,2
15602280,Martin,829,Germany,Female,27,9,112045.67,1
15771573,Okagbue,637,Germany,Female,39,9,137843.8,1
15766205,Yin,550,Germany,Male,38,2,103391.38,1
15771873,Buccho,776,Germany,Female,37,2,103769.22,2
15616550,Chidiebele,698,Germany,Male,44,10,116363.37,2
15768193,Trevisani,585,Germany,Male,36,5,146050.97,2
15683553,O'Brien,788,France,Female,33,5,0.0,2
15702298,Parkhill,655,Germany,Male,41,8,125561.97,1
15569590,Yoo,601,Germany,Male,42,1,98495.72,1
15760861,Phillipps,619,France,Male,43,1,125211.92,1
15630053,Tsao,656,France,Male,45,5,127864.4,1
15647091,Endrizzi,725,Germany,Male,19,0,75888.2,1
15623944,T'ien,511,Spain,Female,66,4,0.0,1
15804771,Velazquez,614,France,Male,51,4,40685.92,1
15651280,Hunter,742,Germany,Male,35,5,136857.0,1
15773469,Clark,687,Germany,Female,27,9,152328.88,2
15702014,Jeffrey,555,Spain,Male,33,1,56084.69,2
15751208,Pirozzi,684,Spain,Male,56,8,78707.16,1
15592461,Jackson,603,Germany,Male,26,4,109166.37,1
15789484,Hammond,751,Germany,Female,36,6,169831.46,2
15696061,Brownless,581,Germany,Female,34,1,101633.04,1
15641582,Chibugo,735,Germany,Male,43,10,123180.01,2
15638424,Glauert,661,Germany,Female,35,5,150725.53,2
15755648,Pisano,675,France,Female,21,8,98373.26,1
15703793,Konovalova,738,Germany,Male,58,2,133745.44,4
15620344,McKee,813,France,Male,29,6,0.0,1
15812518,Palermo,657,Spain,Female,37,0,163607.18,1
15779052,Ballard,604,Germany,Female,25,5,157780.84,2
15770811,Wallace,519,France,Male,36,9,0.0,2
15780961,Cavenagh,735,France,Female,21,1,178718.19,2
15614049,Hu,664,France,Male,55,8,0.0,2
15662085,Read,678,France,Female,32,9,0.0,1
15575185,Bushell,757,Spain,Male,33,5,77253.22,1
15803136,Postle,416,Germany,Female,41,10,122189.66,2
15706021,Buley,665,France,Female,34,1,96645.54,2
15663706,Leonard,777,France,Female,32,2,0.0,1
15641732,Mills,543,France,Female,36,3,0.0,2
15701164,Onyeorulu,506,France,Female,34,4,90307.62,1
15738751,Beit,493,France,Female,46,4,0.0,2
15805254,Ndukaku,652,Spain,Female,75,10,0.0,2
15762418,Gant,750,Spain,Male,22,3,121681.82,1
15625759,Rowley,729,France,Male,30,9,0.0,2
15622897,Sharpe,646,France,Female,46,4,0.0,3
15767954,Osborne,635,Germany,Female,28,3,81623.67,2
15757535,Heap,647,Spain,Female,44,5,0.0,3
15731511,Ritchie,808,France,Male,45,7,118626.55,2
15809248,Cole,524,France,Female,36,10,0.0,2
15640635,Capon,769,France,Male,29,8,0.0,2
15676966,Capon,730,Spain,Male,42,4,0.0,2
15699461,Fiorentini,515,Spain,Male,35,10,176273.95,1
15738721,Graham,773,Spain,Male,41,9,102827.44,1
15693683,Yuille,814,Germany,Male,29,8,97086.4,2
15604348,Allard,710,Spain,Male,22,8,0.0,2
15633059,Fanucci,413,France,Male,34,9,0.0,2
15808582,Fu,665,France,Female,40,6,0.0,1
15743192,Hung,623,France,Female,44,6,0.0,2
15580146,Hung,738,France,Male,31,9,82674.15,1
15776605,Bradley,528,Spain,Male,36,7,0.0,2
15804919,Dunbabin,670,Spain,Female,65,1,0.0,1
15613854,Mauldon,622,Spain,Female,46,4,107073.27,2
15599195,Stiger,582,Germany,Male,32,1,88938.62,1
15812878,Parsons,785,Germany,Female,36,2,99806.85,1
15602312,Walkom,605,Spain,Male,33,5,150092.8,1
15744689,T'ang,479,Germany,Male,35,9,92833.89,1
15803526,Eremenko,685,Germany,Male,30,3,90536.81,1
15665790,Rowntree,538,Germany,Male,39,7,108055.1,2
15715951,Thorpe,562,France,Male,42,2,100238.35,1
15591100,Chiemela,675,Spain,Male,36,9,106190.55,1
15609618,Fanucci,721,Germany,Male,28,9,154475.54,2
15675522,Ko,628,Germany,Female,30,9,132351.29,2
15705512,Welch,668,Germany,Female,37,6,167864.4,1
15698028,Duncan,506,France,Female,41,1,0.0,2
15661670,Chidozie,524,Germany,Female,31,8,107818.63,1
15600781,Wu,699,Germany,Male,34,4,185173.81,2
15682472,Culbreth,828,France,Male,34,8,129433.34,2
15580203,Kennedy,674,Spain,Male,39,6,120193.42,1
15690673,Cameron,656,France,Female,39,6,0.0,2
15760085,Calabresi,684,Germany,Female,48,10,126384.42,1
15779659,Zetticci,625,France,Female,28,3,0.0,1
15627360,Fuller,432,France,Male,42,9,152603.45,1
15671137,MacDonald,549,France,Female,52,1,0.0,1
15782688,Piccio,625,Germany,Male,56,0,148507.24,1
15575492,Kennedy,828,France,Female,41,7,0.0,2
15591607,Fernie,770,France,Male,24,9,101827.07,1
15740404,He,758,France,Female,34,3,0.0,2
15718369,Kaodilinakachukwu,795,Germany,Female,33,9,130862.43,1
15677871,Cocci,687,France,Male,38,9,122570.87,1
15642004,Alekseeva,686,France,Male,25,1,0.0,2
15712543,Chinweike,789,Germany,Male,39,7,124828.46,2
15584518,Arthur,589,Germany,Female,50,5,144895.05,2
15802381,Li,461,Germany,Female,34,5,63663.93,1
15610156,Ma,637,France,Male,40,2,133463.1,1
15594408,Chia,584,Spain,Female,48,2,213146.2,1
15640905,Vasin,579,Spain,Female,35,1,129490.36,2
15698932,Groves,756,Germany,Male,44,10,137452.09,1
15724944,Tien,663,France,Male,34,7,0.0,2
15628145,Forwood,682,France,Female,43,5,125851.93,1
15713483,Greeves,793,Spain,Male,52,2,0.0,1
15612350,Taylor,691,France,Female,31,5,40915.55,1
15800703,Madukwe,485,Spain,Female,21,5,113157.22,1
15705707,Bennelong,635,Spain,Female,29,8,138296.94,2
15754105,Olisanugo,650,France,Male,37,5,106967.18,1
15703264,Chukwufumnanya,735,France,Male,44,9,120681.63,1
15794413,Harris,416,France,Male,32,0,0.0,2
15650237,Morgan,754,Spain,Female,32,7,0.0,2
15759618,Alexeeva,535,France,Female,48,9,0.0,1
15811589,Metcalfe,716,Spain,Male,42,8,0.0,2
15689044,Humphries,539,France,Male,37,2,127609.59,1
15709368,Milne,614,France,Female,43,6,0.0,2
15679145,Chou,706,Spain,Male,57,7,0.0,1
15655007,Li,758,France,Female,33,7,0.0,2
15623595,Clayton,586,Spain,Female,28,2,0.0,2
15589975,Maclean,646,France,Female,73,6,97259.25,1
15804017,Chigolum,631,Germany,Female,33,4,123246.7,1
15692132,Wilkinson,717,Spain,Female,22,6,101060.25,1
15641122,Wei,684,France,Male,30,2,0.0,2
15630910,Treacy,800,France,Female,49,7,108007.36,1
15680772,Hu,721,Spain,Female,36,2,0.0,2
15658929,Taverner,683,Spain,Male,29,0,133702.89,1
15585388,Sherman,660,Germany,Male,31,9,125189.75,2
15724623,Taubman,704,Germany,Female,24,7,113034.22,1
15588537,Robinson,615,Spain,Female,41,9,109013.23,1
15574692,Pinto,667,Spain,Female,39,2,0.0,2
15611325,Wood,682,Germany,Male,24,9,57929.81,2
15587562,Hawkins,484,France,Female,29,4,130114.39,1
15613172,Sun,628,Germany,Male,27,5,95826.49,2
15651022,Yost,480,Germany,Male,44,10,129608.57,1
15586310,Ting,578,France,Male,30,4,169462.09,1
15625524,Rowe,512,France,Male,40,5,0.0,2
15755209,Fu,484,Spain,Female,35,7,133868.21,1
15645248,Ho,510,France,Female,30,0,0.0,2
15790355,Okechukwu,606,Germany,Male,36,5,190479.48,2
15762615,Campbell,597,Spain,Female,40,8,101993.12,1
15625426,Ashbolt,754,Germany,Female,55,3,161608.81,1
15716334,Rozier,850,Spain,Female,45,2,122311.21,1
15789669,Hsia,510,France,Male,65,2,0.0,2
15621075,Ogbonnaya,778,Germany,Female,45,1,162150.42,2
15810845,T'ang,636,France,Male,42,2,0.0,2
15719377,Cocci,804,France,Female,50,4,0.0,1
15654506,Chang,514,France,Male,32,8,0.0,2
15771977,T'ao,730,France,Female,39,1,99010.67,1
15708710,Ford,525,Spain,Female,37,0,0.0,1
15726676,Marshall,616,Spain,Male,30,5,0.0,2
15587421,Tsai,687,Germany,Female,34,7,111388.18,2
15726931,Onwumelu,715,France,Female,41,8,56214.85,2
15771086,Graham,512,France,Female,36,3,84327.77,2
15756850,Golovanov,479,France,Male,40,1,0.0,2
15702741,Potts,601,France,Male,32,8,93012.89,1
15679200,Crawford,580,Spain,Male,29,9,61710.44,2
15594815,Aleshire,807,France,Male,35,3,174790.15,1
15635905,Moran,616,Spain,Female,32,6,0.0,2
15777892,Samsonova,721,Germany,Male,37,3,107720.64,1
15656176,Jenkins,501,France,Male,57,10,0.0,2
15811127,Volkov,521,France,Male,35,6,96423.84,1
15604482,Chiemezie,850,Spain,Male,30,2,141040.01,1
15622911,Jude,759,France,Male,42,4,105420.18,1
15600974,He,516,Spain,Male,50,5,0.0,1
15727868,Onuora,711,France,Female,38,2,129022.06,2
15627801,Ginikanwa,512,Spain,Male,33,3,176666.62,1
15773039,Ku,550,France,Male,37,3,0.0,1
15755262,McDonald,608,Spain,Female,41,3,89763.84,1
15679531,Collins,618,France,Male,34,5,134954.53,1
15684181,Hackett,643,France,Male,45,5,0.0,1
15612087,Dike,671,France,Male,45,2,106376.85,1
15752047,Trevisano,689,Germany,Male,33,2,161814.64,2
15624592,Tan,603,France,Male,31,8,0.0,2
15573152,Glassman,620,France,Female,41,9,0.0,2
15594917,Miller,676,France,Female,34,1,63095.01,1
15785542,Kornilova,572,Germany,Male,26,4,118287.01,2
15723488,Watson,668,Germany,Male,47,7,106854.21,1
15680920,Marchesi,695,France,Male,46,7,49512.55,1
15786308,Millar,730,Spain,Female,33,9,0.0,2
15659366,Shih,807,France,Male,43,1,105799.32,2
15774854,Fuller,592,France,Male,54,8,0.0,1
15725311,Hay,726,France,Female,31,9,114722.05,2
15787155,Yang,514,Spain,Male,30,7,0.0,1
15727829,McIntyre,567,France,Male,42,2,0.0,2
15733247,Stevenson,850,France,Male,33,10,0.0,1
15568748,Poole,671,Germany,Male,45,6,99564.22,1
15699029,Bagley,670,France,Male,37,4,170557.91,2
15774393,Ch'ien,694,France,Female,30,9,0.0,2
15676895,Cattaneo,547,Germany,Female,39,6,74596.15,3
15637753,O'Sullivan,751,Germany,Male,50,2,96888.39,1
15605461,Lucas,594,Germany,Female,29,3,130830.22,1
15808473,Ringrose,673,France,Male,72,1,0.0,2
15627000,Freeman,610,France,Male,40,0,0.0,2
15787174,Sergeyev,512,France,Female,37,1,0.0,2
15723886,Fiore,767,Germany,Male,20,3,119714.25,2
15704769,Smith,585,France,Female,67,5,113978.97,2
15772896,Dumetochukwu,763,Germany,Male,42,6,100160.75,1
15711540,Pacheco,712,France,Female,29,2,0.0,1
15764866,Synnot,539,Germany,Female,43,3,116220.5,3
15794056,Johnston,668,France,Female,46,2,0.0,3
15795149,Stevens,703,France,Male,28,2,81173.83,2
15812009,Grant,662,Spain,Male,38,4,0.0,2
15651001,Tsao,725,Germany,Female,39,5,116803.8,1
15813844,Barnes,703,France,Male,37,8,105961.68,2
15596175,McIntosh,659,Germany,Male,67,6,117411.6,1
15576269,Madison,523,Spain,Male,34,7,0.0,2
15797219,Ifesinachi,635,France,Female,40,10,123497.58,1
15685500,Glazkov,772,Germany,Male,26,7,152400.51,2
15599792,Dimauro,545,France,Female,26,1,0.0,2
15657566,Wieck,634,Germany,Male,24,8,103097.85,1
15772423,Liao,739,Germany,Male,54,8,126418.14,1
15628112,Hughes,771,Germany,Female,36,5,77846.9,1
15753754,Morrison,587,Spain,Female,34,1,0.0,2
15793726,Matveyeva,681,France,Female,79,0,0.0,2
15694717,Ku,544,Germany,Male,37,2,79731.91,1
15665834,Cheatham,696,Spain,Male,28,8,0.0,1
15765297,Yao,766,Spain,Male,41,0,0.0,2
15636684,Kirkland,727,France,Male,34,10,0.0,2
15592979,Rose,671,Germany,Female,34,6,37266.67,2
15750803,Jess,693,France,Female,30,6,127992.25,1
15607178,Welch,850,Germany,Male,38,3,54901.01,1
15713853,Ifeajuna,732,Germany,Male,42,9,108748.08,2
15673481,Morton,726,Spain,Female,48,6,99906.19,1
15686776,Rossi,557,France,Female,32,6,184686.41,2
15673693,Reppert,682,France,Female,26,0,110654.02,1
15700696,Kang,738,Spain,Male,31,9,79019.8,1
15813163,Ch'iu,531,Spain,Female,36,9,99240.51,1
15653857,Wallis,498,France,Male,34,2,0.0,2
15777076,Clark,651,France,Male,36,7,0.0,2
15717398,Fielding,549,Spain,Female,39,7,0.0,1
15799217,Zetticci,791,Germany,Female,35,7,52436.2,1
15787071,Dulhunty,650,Spain,Male,41,9,0.0,2
15619955,Bevington,733,Germany,Male,34,3,100337.96,3
15796505,Boyle,811,Germany,Female,34,1,149297.19,2
15725166,Newton,707,France,Male,30,8,0.0,2
15800116,Bowman,712,Germany,Male,28,4,145605.44,1
15758685,Dubinina,706,Spain,Female,37,7,0.0,2
15694456,Toscani,756,France,Male,62,3,0.0,1
15767339,Chiazagomekpere,777,France,Female,53,10,0.0,2
15683562,Allen,646,France,Male,35,6,84026.86,1
15782210,K'ung,714,France,Male,46,1,0.0,1
15668893,Wilsmore,782,France,Male,39,8,0.0,2
15669169,Hargreaves,775,Spain,Male,29,10,0.0,2
15643024,Huang,479,Germany,Male,35,4,138718.92,1
15699389,Ch'ien,807,France,Male,42,7,118274.71,1
15708608,Wallwork,799,France,Female,22,8,174185.98,2
15626144,Chu,675,France,Male,40,7,113208.86,2
15573112,Kang,602,Spain,Male,29,5,103907.28,1
15790678,Davidson,475,France,Female,32,8,119023.28,1
15727556,O'Donnell,744,Spain,Female,26,5,166297.89,1
15697307,Nnachetam,588,Spain,Male,34,10,0.0,2
15652266,Chidiebele,703,Germany,Male,42,9,63227.0,1
15607098,Ahmed,747,Spain,Female,41,5,94521.17,2
15655774,Booth,583,France,Male,27,7,0.0,2
15590241,Chuang,750,Spain,Female,34,9,112822.26,1
15785819,Shao,681,France,Male,38,3,0.0,2
15723654,Tsao,773,France,Male,25,2,135903.33,1
15774510,Tien,714,France,Female,31,4,125169.26,1
15684173,Chang,687,Spain,Female,44,7,0.0,3
15650068,Johnson,511,France,Male,58,0,149117.31,1
15811490,French,627,France,Male,33,5,0.0,2
15803976,Efremov,694,France,Female,31,10,0.0,2
15682541,Hartley,616,Spain,Female,36,6,132311.71,1
15695699,Calabrese,687,France,Male,35,8,0.0,2
15624188,Chiu,712,France,Female,33,6,0.0,2
15812191,Brennan,553,France,Male,33,4,118082.89,1
15636673,Onwuatuegwu,667,France,Male,31,1,119266.69,1
15594898,Hewitt,731,France,Male,43,2,0.0,1
15660211,Shih,629,Germany,Male,35,7,156847.29,2
15773972,Balashov,614,France,Male,50,4,137104.47,1
15746726,Doyle,438,Germany,Male,31,8,78398.69,1
15712287,Pokrovskii,652,France,Female,80,4,0.0,2
15702919,Collins,729,Germany,Male,30,6,63669.42,1
15674398,Russo,642,France,Male,38,3,0.0,2
15797960,Skinner,806,Germany,Female,59,0,135296.33,1
15631868,Robertson,744,Spain,Male,36,2,153804.44,1
15581539,Atkinson,474,Spain,Male,37,3,0.0,2
15662736,Doyle,559,France,Male,49,2,147069.78,1
15666252,Ritchie,706,Spain,Male,42,9,0.0,2
15677512,McEncroe,628,Spain,Female,22,3,0.0,1
15626114,Pearson,429,France,Male,24,4,95741.75,1
15810834,Gordon,525,Spain,Female,57,2,145965.33,1
15678910,Ts'ai,680,France,Female,30,8,141441.75,1
15694408,Lung,749,France,Male,40,1,139290.41,1
15585215,Yuan,763,France,Female,31,4,0.0,2
15682757,Pardey,734,France,Male,30,3,0.0,2
15736601,Tai,716,France,Male,35,4,144428.87,1
15601848,Scott,594,France,Male,35,2,0.0,2
15736008,Hunter,644,France,Female,46,9,95441.27,1
15669064,Mazzanti,671,Germany,Male,35,1,144848.74,1
15624528,L?,664,Germany,Male,26,7,116244.14,2
15598493,Beach,656,France,Male,50,7,0.0,2
15601274,Hsieh,667,Spain,Female,40,1,146502.07,1
15702669,Faulkner,663,Germany,Male,44,2,117028.6,2
15728669,Knowles,584,Germany,Female,30,8,112013.81,1
15742668,Day,626,Spain,Female,37,6,108269.37,1
15697441,Hsueh,485,France,Male,29,7,182123.79,1
15740476,Tsao,659,Germany,Female,32,3,150923.74,2
15648064,Kennedy,649,France,Male,33,2,0.0,2
15636624,Nwabugwu,805,Spain,Female,39,5,165272.13,1
15807923,Young,716,Germany,Female,39,10,115301.31,1
15745844,Kerr,642,Germany,Female,40,6,129502.49,2
15786170,Tien,659,France,Male,31,4,118342.26,1
15681081,Marrero,545,Spain,Female,47,5,0.0,2
15684484,White,543,France,Male,22,8,0.0,2
15785869,Pisano,718,France,Female,25,7,0.0,2
15763859,Brown,840,France,Female,43,7,0.0,2
15658935,Freeman,630,Germany,Female,34,9,106937.05,2
15747358,Russell,643,Germany,Male,59,3,170331.37,1
15735203,Seleznyov,654,Germany,Female,32,1,114510.85,1
15576256,Yusupova,582,France,Male,39,5,0.0,2
15659420,Foley,659,Spain,Male,32,3,107594.11,2
15593365,Shih,762,Spain,Male,39,2,81273.13,1
15777352,Ikedinachukwu,568,Spain,Female,32,7,169399.6,1
15812007,Power,670,Spain,Male,25,6,0.0,2
15625461,Amos,613,France,Female,45,1,187841.99,2
15739438,Reed,539,France,Male,30,0,0.0,2
15611759,Simmons,850,Spain,Female,57,8,126776.3,2
15661629,Ricci,522,Spain,Male,34,9,126436.29,1
15633950,Yen,737,France,Male,41,1,101960.74,1
15592386,Campbell,520,France,Male,58,3,0.0,2
15803716,West,706,Spain,Male,28,3,0.0,2
15696674,Robinson,643,Germany,Female,45,2,150842.93,1
15706365,Bianchi,648,France,Female,50,9,102535.57,1
15745088,Chen,443,Germany,Female,29,9,99027.61,2
15676715,Madukaego,640,France,Male,68,9,0.0,2
15613085,Ibrahimova,628,Spain,Female,33,3,0.0,1
15633537,Nolan,540,Germany,Female,42,9,87271.41,2
15594720,Scott,460,Germany,Female,35,8,102742.91,2
15684042,Blair,636,Germany,Male,34,2,40105.51,2
15583303,Monaldo,593,France,Female,29,2,152265.43,1
15611579,Sutherland,801,Spain,Male,42,4,141947.67,1
15774696,Cole,640,Germany,Female,75,1,106307.91,2
15694506,Briggs,611,Germany,Male,31,0,107884.81,2
15688074,Gregory,802,Germany,Male,31,1,125013.72,1
15759537,Bianchi,717,Germany,Male,35,7,58469.37,2
15758449,Angelo,769,France,Female,39,8,0.0,1
15583456,Gardiner,745,Germany,Male,45,10,117231.63,3
15667871,Kerr,572,Spain,Male,35,4,152390.26,1
15677371,Ko,629,Spain,Female,30,2,34013.63,1
15629677,Distefano,687,Spain,Female,39,2,0.0,3
15713578,Farrell,483,France,Female,50,9,0.0,2
15591509,Milano,690,France,Male,36,7,101583.11,2
15568240,Ting,492,Germany,Female,30,10,77168.87,2
15622993,Boyd,709,Germany,Male,28,8,124695.72,2
15689294,Onyemaechi,705,Germany,Male,44,3,105934.96,1
15720910,Black,560,France,Female,66,9,0.0,1
15721181,Oliver,611,Spain,Male,46,6,0.0,2
15776433,Greco,730,Spain,Male,62,2,0.0,2
15748936,Whitehead,709,Spain,Female,45,2,0.0,2
15717225,Ikemefuna,544,France,Female,21,10,161525.96,2
15685226,Morrison,712,Germany,Female,29,7,147199.07,1
15785611,Onyeoruru,752,Germany,Male,38,3,183102.29,1
15573456,Cunningham,648,Spain,Male,46,9,127209.0,2
15684548,Demidov,556,Spain,Male,38,8,0.0,2
15620505,Celis,594,Spain,Female,24,0,97378.54,1
15807432,Cheng,645,Germany,Female,37,2,136925.09,2
15584766,Knight,557,France,Male,33,3,54503.55,1
15612187,Morin,547,Germany,Male,32,8,155726.85,1
15762218,Mills,701,France,Female,39,9,0.0,2
15646372,Outhwaite,616,France,Female,66,1,135842.41,1
15690452,Tung,605,France,Male,52,1,63349.75,1
15747795,Pai,593,Germany,Female,38,4,129499.42,1
15781589,Carpenter,751,Spain,Male,52,8,0.0,2
15732674,Fennell,443,Spain,Male,36,6,70438.01,2
15642291,Fontaine,685,France,Male,23,8,0.0,2
15692761,Pratt,718,France,Male,36,9,0.0,1
15578045,Mitchell,538,Spain,Female,49,9,141434.04,1
15745354,Franklin,611,Spain,Female,37,4,0.0,2
15701376,K'ung,668,Germany,Male,37,10,152958.29,2
15691625,Ko,537,Germany,Female,41,3,138306.34,1
15566594,McKenzie,709,Spain,Male,23,10,0.0,2
15760431,Pino,850,France,Male,38,1,0.0,2
15686302,Fisk,745,Spain,Female,31,3,124328.84,1
15801559,Chiang,693,Germany,Female,41,9,181461.48,3
15810432,Moseley,795,Spain,Male,35,8,0.0,2
15809616,Hsiung,626,Spain,Male,26,8,0.0,2
15720559,Heath,487,Germany,Female,61,5,110368.03,1
15695632,Dellucci,556,France,Female,39,9,89588.35,1
15659843,Li,643,France,Female,46,6,0.0,2
15615624,De Salis,605,France,Female,28,6,0.0,2
15810418,T'ang,756,Germany,Female,60,3,115924.89,1
15716186,Richardson,586,France,Female,38,2,0.0,2
15674551,Fitch,535,Germany,Male,40,7,111756.5,1
15622834,Stevenson,678,France,Female,35,4,0.0,1
15566111,Estes,596,France,Male,39,9,0.0,1
15784597,Lattimore,648,France,Male,26,9,162923.85,1
15652883,Chung,492,Germany,Male,39,10,124576.65,2
15806964,Utz,702,France,Male,45,0,80793.58,1
15576313,Wei,486,Germany,Female,40,9,71340.09,1
15806467,Boyle,568,Germany,Male,40,1,99282.63,1
15597602,Nwachinemelu,619,Germany,Male,57,3,137946.39,1
15743040,Kuznetsova,724,Germany,Male,41,2,127892.57,2
15705521,Pisani,548,Germany,Female,33,0,101084.36,1
15595039,Manna,545,Germany,Female,37,8,114754.08,1
15799384,Collier,683,France,Male,33,8,0.0,1
15581197,Ricci,762,France,Female,51,3,99286.98,1
15693737,Carr,627,Germany,Female,30,4,79871.02,2
15624623,Hs?,516,France,Male,35,10,104088.59,2
15783501,Findlay,800,France,Female,38,2,168190.33,2
15690134,Hughes,464,Germany,Female,42,3,85679.25,1
15782735,Chukwuemeka,626,France,Female,35,3,0.0,1
15611088,Genovese,790,France,Female,31,9,0.0,2
15672145,Swift,534,France,Female,34,7,121551.58,2
15732628,Ugoji,745,France,Male,46,2,122220.19,1
15787470,Parkinson,553,Spain,Male,47,3,116528.15,1
15803406,Ross,748,France,Female,26,1,77780.29,1
15730460,Oleary,722,France,Male,37,2,0.0,1
15644572,Turnbull,501,France,Male,40,4,125832.2,1
15694860,Uspensky,675,France,Female,38,6,68065.8,1
15658169,Cook,778,Spain,Female,47,6,127299.34,2
15794396,Newbold,494,Germany,Female,38,7,174937.64,1
15785798,Uchechukwu,850,France,Male,40,9,0.0,2
15710825,Ch'en,592,Spain,Male,31,7,110071.1,1
15668444,He,590,Spain,Female,44,3,139432.37,1
15726631,Hilton,758,France,Female,39,6,127357.76,1
15733797,Sal,506,France,Male,36,5,0.0,2
15747960,Eluemuno,733,France,Male,33,3,0.0,1
15634632,Titus,711,France,Male,38,3,0.0,2
15707362,Yin,514,Germany,Male,43,1,95556.31,1
15662976,Lettiere,637,Spain,Male,37,8,0.0,1
15732778,Templeman,468,Germany,Male,29,1,111681.98,2
15718443,Chibuzo,539,France,Male,39,3,0.0,2
15670039,Sun,509,Spain,Female,25,3,108738.71,2
15773792,Evans,662,France,Female,32,4,133950.37,1
15613786,Ogbonnaya,818,Spain,Male,26,4,0.0,2
15726032,Enyinnaya,608,France,Male,33,9,89968.69,1
15663252,Olisanugo,850,Spain,Female,32,9,0.0,2
15593782,Brookes,816,Germany,Female,38,5,130878.75,3
15633283,Padovano,536,France,Male,35,8,0.0,2
15749167,Fisk,753,France,Male,35,3,0.0,2
15759298,Shih,631,Spain,Male,27,10,134169.62,1
15683625,Hare,703,France,Male,37,1,149762.08,1
15635367,Muir,774,France,Male,26,2,93844.69,1
15681705,Fanucci,785,France,Male,28,8,0.0,2
15603156,Elewechi,571,France,Female,33,1,0.0,2
15591986,Johnston,621,Germany,Male,46,6,141078.37,1
15798888,Pisano,605,Germany,Female,31,1,117992.59,1
15809722,Ankudinov,611,France,Female,40,8,100812.33,2
15677538,Nwokike,569,France,Male,38,7,0.0,1
15797736,Smith,658,France,Male,29,4,80262.6,1
15695585,Atkins,788,Spain,Male,34,6,156478.62,1
15744398,Burns,525,France,Female,23,5,0.0,2
15750658,Obiuto,798,France,Male,37,8,0.0,3
15578186,Pirozzi,486,Germany,Male,37,9,115217.99,2
15676519,George,615,Spain,Male,61,9,0.0,2
15637954,Lewis,730,France,Female,35,0,155470.55,1
15758639,Moran,641,France,Male,37,7,0.0,2
15613772,Dalrymple,542,France,Male,39,3,135096.77,1
15731744,Carslaw,692,France,Male,30,2,0.0,2
15807709,Kirby,714,Germany,Female,55,9,180075.22,1
15714689,Houghton,591,Spain,Male,29,1,97541.24,1
15699005,Martin,710,France,Female,41,2,156067.05,1
15624170,Tan,639,France,Female,38,4,81550.94,2
15725679,Hsia,531,France,Female,47,6,0.0,1
15585865,Westerberg,673,France,Female,38,2,170061.92,2
15804256,Hale,765,Germany,Male,36,8,92310.54,2
15662403,Kryukova,622,France,Female,32,6,169089.38,2
15733616,Sopuluchukwu,806,France,Male,40,5,80613.93,1
15591995,Barry,757,Germany,Male,26,8,121581.56,2
15677020,Selezneva,570,France,Female,58,8,0.0,1
15727688,Chizuoke,555,Spain,Male,32,4,0.0,2
15715941,Lueck,692,France,Male,54,5,0.0,2
15714485,Udinese,774,France,Male,60,5,85891.55,1
15730059,Udobata,638,Spain,Male,44,9,77637.35,2
15715527,Freeman,543,Spain,Female,41,4,0.0,1
15576623,Outlaw,584,France,Male,31,5,0.0,2
15805565,Obiuto,691,Germany,Male,30,7,116927.89,1
15677307,Lo,684,Germany,Female,40,6,137326.65,1
15773890,Okechukwu,733,France,Male,22,5,0.0,2
15598883,King,599,Spain,Female,37,2,0.0,2
15568506,Forbes,524,Germany,Female,31,10,67238.98,2
15761043,Macleod,632,Germany,Female,38,6,86569.76,2
15782236,Gibbs,735,Spain,Male,34,5,0.0,2
15593601,Isayev,734,France,Male,34,6,133598.4,1
15682048,Pisano,605,France,Female,51,3,136188.78,1
15746902,Belstead,793,Spain,Male,38,9,0.0,2
15752081,Vassiliev,468,France,Female,56,10,0.0,3
15781307,Schneider,779,Germany,Male,37,7,120092.52,2
15775912,Mazzanti,698,France,Male,48,4,101238.24,2
15745417,Knipe,707,France,Male,58,6,89685.92,1
15671256,Macartney,850,France,Female,35,1,211774.31,1
15653547,Madukwe,850,France,Male,56,7,131317.48,1
15595766,Watts,527,Spain,Male,37,5,93722.73,2
15742358,Humphreys,696,Germany,Male,32,8,101160.99,1
15763274,Wu,661,France,Male,48,3,120320.54,1
15786063,Chin,776,France,Female,31,2,0.0,2
15600258,Chesnokova,701,France,Male,43,2,0.0,2
15573318,Kung,610,France,Male,26,8,0.0,2
15653849,Lu,572,Germany,Female,48,3,152827.99,1
15694272,Nkemakolam,673,France,Male,30,1,64097.75,1
15736112,Walton,519,Spain,Female,57,2,119035.35,2
15749851,Brookes,702,Spain,Female,26,4,135219.57,1
15663478,Baldwin,729,France,Male,32,6,93694.42,1
15592300,Mai,543,Spain,Male,35,10,59408.63,1
15567832,Shih,550,France,Female,40,7,114354.95,1
15776780,He,608,France,Male,59,1,0.0,1
15592846,Fiorentini,639,Germany,Male,35,10,128173.9,2
15739803,Lucciano,686,Spain,Male,34,9,0.0,2
15794142,Ferreira,564,Germany,Female,62,5,114931.35,3
15762729,Ukaegbunam,745,Germany,Female,28,1,111071.36,1
15667896,De Luca,833,France,Male,37,8,151226.18,2
15626578,Milne,622,France,Male,26,9,0.0,2
15776223,Davide,597,France,Female,42,4,64740.12,1
15705953,Kodilinyechukwu,721,Spain,Male,51,0,169312.13,1
15802593,Little,504,France,Female,49,7,0.0,3
15615457,Burns,842,Spain,Female,44,2,112652.08,2
15708916,Paterson,587,France,Male,38,0,0.0,2
15720187,Han,479,Germany,Female,30,7,143964.36,2
15595440,Kryukova,508,France,Male,49,7,122451.46,2
15600651,Ijendu,749,France,Male,24,1,0.0,3
15750141,Reichard,721,Germany,Female,36,3,65253.07,2
15657284,Day,674,Germany,Male,47,6,106901.94,1
15763063,Price,685,Spain,Female,25,10,128509.63,1
15709324,Bruce,417,France,Male,34,7,0.0,2
15711309,Sumrall,574,Germany,Male,33,3,129834.67,1
15775318,Lu,590,Spain,Female,51,3,154962.99,3
15705515,Lazarev,587,Germany,Male,40,5,138241.9,2
15634844,Miller,598,Germany,Male,41,3,91536.93,1
15717046,Wentworth-Shields,741,Spain,Male,53,3,0.0,2
15571816,Ritchie,850,Spain,Female,70,5,0.0,1
15670080,Mackenzie,584,Germany,Female,29,7,105204.01,1
15800440,Power,650,Spain,Male,61,1,152968.73,1
15665678,Tan,607,Spain,Male,36,8,158261.68,1
15665956,Pendergrass,509,France,Female,46,1,0.0,1
15788126,Evans,689,Spain,Female,38,6,121021.05,1
15811773,Hsia,543,France,Male,36,4,0.0,2
15651674,Billson,438,Spain,Female,54,2,0.0,1
15689614,Teng,687,Spain,Female,63,1,137715.66,1
15795564,Moretti,737,Germany,Male,31,5,121192.22,2
15706647,Jordan,761,France,Male,31,7,0.0,3
15728505,Ts'ao,601,France,Male,44,1,100486.18,2
15730076,Osborne,651,France,Male,45,1,0.0,1
15622003,Carslaw,745,France,Male,35,9,92566.53,2
15607312,Ch'ang,648,Spain,Female,49,10,0.0,2
15644753,Hung,848,Spain,Male,40,3,110929.96,1
15653620,Gordon,546,France,Female,27,8,0.0,2
15761986,Obialo,439,Spain,Female,32,3,138901.61,1
15633922,Gray,755,France,Male,30,4,123217.66,2
15734674,Lin,593,France,Female,41,6,0.0,1
15658032,Hopkins,701,France,Male,39,2,0.0,2
15692671,Dobson,701,Spain,Male,36,8,0.0,2
15737741,McKay,607,Spain,Female,33,2,108431.87,2
15576352,Revell,586,Spain,Female,57,3,0.0,2
15753719,Rickards,547,Germany,Female,30,9,72392.41,1
15803689,Begum,647,Germany,Female,51,1,119741.77,2
15718057,Onyinyechukwuka,760,France,Female,51,2,100946.71,1
15722010,Zuyev,621,Spain,Male,53,9,170491.84,1
15680998,Nwankwo,725,France,Male,44,5,0.0,1
15614782,Hao,526,France,Male,36,1,0.0,1
15591047,Ma,519,Spain,Female,47,6,157296.02,2
15788291,Okwuadigbo,713,Germany,Female,38,7,144606.22,1
15604044,Mitchell,700,France,Male,38,8,134811.3,1
15679587,Chan,666,France,Female,34,9,115897.12,1
15775153,Buchi,630,Spain,Male,32,4,82034.0,1
15603925,Greco,779,Spain,Female,26,4,174318.13,2
15680970,Lombardi,611,Germany,Female,41,2,114206.84,1
15697183,Uchenna,685,Spain,Male,43,9,0.0,2
15567446,Coffman,646,Germany,Male,39,9,111574.41,1
15637476,Alexandrova,683,Germany,Female,57,5,162448.69,1
15714939,Fallaci,484,Germany,Female,34,4,148249.54,1
15683503,Hudson,601,France,Female,43,8,0.0,3
15645569,Mai,762,Spain,Female,26,7,123709.46,2
15782569,Stout,687,France,Female,72,9,0.0,1
15592387,Burke,566,France,Male,30,5,0.0,1
15609286,Chadwick,702,France,Male,37,10,150525.8,1
15814035,Lawrence,601,France,Male,29,9,0.0,1
15661249,Bellucci,699,France,Male,53,4,0.0,2
15629117,Harper,584,France,Male,28,10,0.0,2
15607170,Boyle,699,France,Male,35,5,0.0,2
15586585,Duncan,698,Germany,Female,51,2,111018.98,1
15686611,Moss,495,France,Male,30,10,129755.99,1
15603203,Avdeyeva,650,France,Female,27,6,0.0,2
15619857,Crawford,605,France,Female,64,2,129555.7,1
15805062,Lynton,667,Spain,Male,38,1,87202.38,1
15660271,Duncan,688,Germany,Male,26,8,146133.39,1
15745295,Gether,727,Spain,Female,31,0,0.0,1
15719352,Davidson,754,Spain,Male,39,6,170184.99,2
15766575,Larionova,612,Germany,Female,62,8,140745.33,1
15594594,Loggia,546,Spain,Male,42,7,139070.51,1
15646161,Steinhoff,673,Spain,Female,37,8,0.0,2
15682585,Guerra,593,France,Male,35,9,114193.24,1
15603134,Pai,656,Spain,Female,40,10,167878.5,1
15636444,Craig,535,Germany,Female,53,5,141616.55,2
15773456,Lazareva,678,Germany,Male,36,3,145747.67,2
15745307,Ch'iu,477,Spain,Female,48,2,129120.64,1
15604119,Alderete,850,Spain,Male,35,7,110349.82,1
15626900,Kung,427,France,Male,29,1,141325.56,1
15605447,Palermo,752,France,Male,49,2,78653.84,1
15589030,Ts'ai,649,France,Male,47,1,0.0,2
15692463,Rahman,799,Spain,Female,28,3,142253.65,1
15712403,McMillan,589,France,Female,61,1,0.0,1
15811762,Pickering,583,Germany,Female,54,6,115988.86,1
15718673,Mirams,839,Spain,Female,33,10,75592.43,1
15724282,Tsao,540,Germany,Male,44,3,164113.04,2
15738181,Douglas,850,France,Male,31,6,67996.23,2
15633648,Jideofor,696,Spain,Female,51,5,0.0,2
15603323,Bell,660,Spain,Female,33,1,0.0,2
15583725,Mairinger,682,France,Male,48,1,138778.15,1
15588350,McIntyre,744,France,Female,43,10,147832.15,1
15798398,Pagnotto,785,France,Female,36,4,135438.4,1
15784844,K'ung,752,Spain,Male,48,5,116060.08,1
15580684,Feng,706,France,Female,29,5,112564.62,1
15809663,Donaldson,583,France,Female,27,1,125406.58,1
15640078,Chambers,660,Germany,Female,39,5,135134.99,1
15698786,Marcelo,819,France,Female,39,9,133102.92,1
15569807,Ejimofor,673,France,Female,34,8,42157.08,1
15730830,Dale,752,France,Female,30,3,0.0,2
15805112,Pokrovsky,578,France,Male,38,7,82259.29,1
15633064,Stonebraker,438,France,Female,36,4,0.0,2
15703119,Liang,652,France,Male,38,6,0.0,2
15730447,Anderson,629,France,Female,49,4,0.0,2
15813850,Christian,720,France,Male,52,7,0.0,1
15711889,Mao,668,France,Male,42,3,150461.07,1
15664610,Campbell,459,Germany,Male,48,4,133994.52,1
15751710,Ginikanwa,729,Spain,Male,31,8,164870.81,2
15692926,Toscani,498,Germany,Male,25,8,121702.73,1
15813741,Nnachetam,549,Spain,Male,25,6,193858.2,1
15698474,Sagese,601,Germany,Female,54,1,131039.97,2
15568595,Fleming,544,France,Male,64,9,113829.45,1
15603065,Grubb,751,France,Female,30,6,0.0,2
15592937,Napolitani,632,Germany,Female,41,3,81877.38,1
15699637,Anenechi,694,Spain,Male,57,8,116326.07,1
15667215,Chandler,678,France,Male,31,2,0.0,2
15788659,Howells,695,France,Male,46,4,0.0,2
15763218,Akeroyd,661,France,Female,41,1,0.0,2
15645772,Onwumelu,661,France,Male,33,9,0.0,2
15725511,Wallace,559,France,Female,31,3,127070.73,1
15575024,Uwaezuoke,503,France,Male,29,3,0.0,2
15640825,Loyau,695,Spain,Male,46,3,122549.64,1
15662397,Small,640,France,Female,42,5,176099.13,1
15576368,Bledsoe,624,Germany,Female,48,3,122388.38,2
15674991,Kao,667,France,Male,42,9,0.0,2
15721024,Wickens,642,France,Male,26,0,0.0,1
15745621,Wertheim,640,Spain,Female,32,6,118879.35,2
15642394,He,529,Spain,Male,35,5,0.0,2
15754605,Jarvis,563,France,Female,39,5,0.0,2
15607040,P'an,593,Spain,Female,38,4,88736.44,2
15715142,Repina,739,Germany,Male,45,7,102703.62,1
15810978,Pugliesi,788,Spain,Female,70,1,0.0,2
15668886,Blakey,684,Spain,Female,38,3,0.0,2
15780804,Nucci,482,France,Male,55,5,97318.25,1
15613880,Higinbotham,591,Spain,Male,58,5,128468.69,1
15775238,Achebe,651,Germany,Female,41,4,133432.59,1
15786905,Russo,749,Germany,Female,40,8,141782.57,2
15747867,Trevisani,583,France,Male,24,9,135125.28,1
15600337,Dobie,661,Spain,Male,42,2,178820.91,1
15801277,Maccallum,715,France,Female,31,2,112212.14,2
15579334,Watkins,769,Germany,Female,45,5,126674.81,1
15802741,Mitchel,625,France,Female,51,7,136294.97,1
15720649,Ferdinand,641,France,Female,36,5,66392.64,1
15589493,Otitodilinna,716,Germany,Male,27,1,122552.34,2
15688251,Mamelu,767,France,Male,43,1,76408.85,2
15665238,Beneventi,745,Germany,Male,36,8,145071.24,1
15740900,Perrodin,589,France,Male,34,6,0.0,2
15681068,Chinagorom,796,France,Female,45,2,109730.22,1
15748625,Napolitano,664,France,Male,57,6,0.0,2
15727299,Edgar,445,Spain,Male,62,1,64119.38,1
15620204,Walker,543,Germany,Female,57,1,106138.33,2
15669516,Steele,746,Spain,Male,36,2,0.0,2
15736534,Elkins,742,Germany,Male,33,0,181656.51,1
15803457,Hao,750,France,Female,32,5,0.0,2
15659098,Toscano,669,France,Male,30,7,95128.86,1
15603436,Savage,594,Spain,Female,49,2,126615.94,2
15566292,Okwuadigbo,574,Spain,Male,36,1,0.0,2
15808621,Mordvinova,659,Germany,Male,36,2,76190.48,2
15580148,Welch,750,Germany,Male,40,5,168286.81,3
15776231,Kent,626,Germany,Male,35,4,88109.81,1
15773809,Campbell,620,France,Male,42,4,0.0,2
15649423,Cooper,580,France,Female,35,8,0.0,2
15734886,Mazzi,686,France,Female,34,3,123971.51,2
15722548,Fisher,540,France,Male,48,0,148116.48,1
15650288,Summers,634,Germany,Male,35,6,116269.01,1
15629448,Brady,632,Spain,Male,38,1,120599.21,1
15716164,Nicholls,501,France,Female,41,3,144260.5,1
15807609,Yuan,650,Spain,Female,25,3,86605.5,3
15578977,Robinson,786,France,Male,34,9,0.0,2
15677369,Golubov,554,Germany,Female,37,4,58629.97,1
15804072,Chen,701,Spain,Female,42,5,0.0,2
15696859,Oldham,474,France,Male,45,10,0.0,2
15653780,Kambinachi,621,France,Female,43,5,0.0,1
15721658,Fleming,672,Spain,Female,56,2,209767.31,2
15578761,Cunningham,459,Spain,Female,42,6,129634.25,2
15736879,Obinna,669,France,Male,23,1,0.0,2
15571973,Chinwemma,776,France,Female,38,2,169824.46,1
15626742,Carpenter,694,France,Male,36,3,97530.25,1
15672692,Yin,787,France,Female,42,10,145988.65,2
15673570,Olsen,580,France,Male,37,9,0.0,2
15767432,Ts'ai,711,France,Female,25,7,0.0,3
15654238,Jen,673,France,Female,40,5,137494.28,1
15612525,Preston,499,France,Female,57,1,0.0,1
15812750,Ozioma,591,France,Male,24,6,147360.0,1
15790757,Cody,769,France,Female,25,10,0.0,2
15723873,Ponomarev,657,Spain,Male,31,3,125167.02,1
15744607,Martin,738,Germany,Male,43,9,121152.05,2
15612966,Milani,545,Germany,Female,60,7,128981.07,1
15784209,Tang,497,France,Male,47,6,0.0,1
15794278,Romani,816,Spain,Male,67,6,151858.98,1
15766741,McIntyre,525,France,Male,36,2,114628.4,1
15661036,Davis,725,France,Male,46,6,0.0,2
15705639,Onyemauchechukwu,692,France,Female,28,8,95059.02,2
15637414,Gell,618,France,Female,24,7,128736.39,1
15716835,Rossi,546,France,Male,24,8,156325.38,1
15696231,Chiwetelu,635,France,Male,29,7,105405.97,1
15641675,Kirillova,611,France,Female,49,2,88915.37,3
15670755,Shaw,650,France,Male,60,8,0.0,2
15640059,Smith,606,France,Male,40,5,0.0,2
15787619,Hsieh,844,France,Male,18,2,160980.03,1
15587535,Onyemauchechukwu,450,Spain,Female,46,5,177619.71,1
15813034,Martin,727,Spain,Male,38,2,62276.99,1
15698839,Okwudilichukwu,460,Germany,Male,46,4,127559.97,2
15790314,Onuoha,649,France,Male,41,0,0.0,2
15634245,Muecke,758,Germany,Female,47,9,95523.16,1
15677305,Hsieh,490,France,Female,35,7,107749.03,1
15661526,Anderson,815,Germany,Male,37,2,110777.26,2
15685997,Azubuike,838,Spain,Female,39,5,166733.92,2
15660101,Nnonso,803,France,Male,31,9,157120.86,2
15637979,Fuller,664,Germany,Female,36,2,127160.78,2
15815364,Ashley,736,Spain,Female,28,2,0.0,2
15647099,Ts'ui,633,France,Female,37,9,156091.97,1
15625944,Buccho,664,France,Male,58,5,98668.18,1
15583212,Chidozie,600,France,Female,43,5,134022.06,1
15582741,Maclean,693,France,Female,35,5,124151.09,1
15637876,Burns,663,Germany,Female,36,6,77253.5,1
15622750,Chu,742,Germany,Female,21,1,114292.48,1
15672056,Kenenna,710,Germany,Male,43,2,140080.32,3
15812351,Beluchi,710,Spain,Female,27,2,135277.96,1
15810864,Williamson,700,France,Female,82,2,0.0,2
15677921,Bobrov,720,Germany,Male,60,9,115920.62,2
15724296,Kerr,684,Spain,Male,41,2,119782.72,2
15685329,McKenzie,531,France,Female,63,1,114715.71,1
15584091,Pitts,742,Germany,Female,36,2,129748.54,2
15640442,Standish,717,France,Male,31,4,129722.57,1
15639314,Cartwright,589,France,Male,32,2,0.0,2
15685320,Johnstone,767,France,Male,36,3,139180.2,1
15789158,Nikitina,636,Germany,Male,49,6,113599.74,2
15752137,McElroy,648,France,Male,33,7,134944.0,1
15712551,Shen,622,Germany,Female,58,7,116922.25,1
15628936,Archer,692,Spain,Male,28,9,118945.09,1
15797227,Otutodilinna,754,France,Male,28,8,0.0,2
15769974,Shih,679,Spain,Female,35,8,119182.73,1
15737051,Denisov,639,France,Male,27,8,0.0,2
15585595,Owens,774,France,Female,28,1,71264.02,2
15654060,P'eng,517,France,Male,41,2,0.0,2
15745196,Verco,571,France,Female,35,8,0.0,2
15571221,Bergamaschi,747,Germany,Male,58,7,116313.57,1
15660155,Lorenzo,792,Spain,Male,36,5,92140.15,1
15605284,Outtrim,688,France,Male,26,1,0.0,2
15694366,Hou,714,Germany,Male,42,2,177640.09,1
15600739,Galkin,562,Spain,Female,35,0,0.0,2
15653253,Pagnotto,704,Spain,Male,48,8,167997.6,1
15763431,Echezonachukwu,698,France,Male,36,2,82275.35,2
15643696,Young,611,France,Male,49,3,0.0,2
15707473,Summers,850,Germany,Female,48,6,111962.99,1
15769504,Munro,743,Germany,Female,34,1,131736.88,1
15776807,Brennan,654,France,Male,29,1,0.0,1
15686870,Ball,761,Germany,Male,36,8,108239.11,2
15668747,Virgo,702,France,Female,46,9,98444.19,1
15766908,Trevisani,488,Germany,Male,32,3,114540.38,1
15570134,Padovano,683,France,Female,35,6,187530.66,2
15567367,Tao,601,Germany,Female,42,9,133636.16,1
15747542,Perez,605,France,Male,52,7,0.0,2
15762238,Fraser,671,Germany,Female,44,0,84745.03,2
15681554,Alley,614,Germany,Female,31,7,120599.38,2
15712825,Howells,511,Spain,Female,29,9,0.0,2
15640280,Cameron,850,France,Male,39,4,127771.35,2
15756026,Hooper,790,Spain,Female,46,9,0.0,1
15613319,Rice,793,France,Female,33,0,0.0,1
15798906,Cox,628,France,Male,69,5,0.0,2
15708917,Martin,598,Germany,Male,53,10,167772.96,1
15778463,Ikenna,657,France,Female,37,6,95845.6,1
15699430,Davide,618,France,Female,35,10,0.0,2
15649992,Alexander,681,Spain,Male,65,7,134714.7,2
15578980,Piazza,516,Spain,Female,33,3,0.0,2
15775306,Ni,421,Germany,Male,28,8,122384.22,3
15641655,Black,700,France,Female,26,2,0.0,2
15619708,Harker,745,France,Male,25,5,157993.15,2
15734565,Hughes,696,France,Male,29,8,0.0,2
15806438,Chiabuotu,580,Germany,Female,42,2,123331.36,1
15591969,Kuo,497,Spain,Male,27,9,75263.16,1
15747807,Gallagher,720,France,Female,43,6,137824.03,2
15596939,Calabresi,659,Germany,Male,36,4,132578.92,2
15716155,Shaw,841,France,Female,36,5,156021.31,1
15765311,Zhirov,642,Spain,Male,34,8,0.0,1
15757811,Lloyd,732,Spain,Female,69,9,137453.43,1
15603830,Palmer,600,Spain,Male,36,4,0.0,2
15660602,Ch'eng,464,Germany,Male,33,8,164284.72,2
15660535,Avent,680,France,Female,47,5,0.0,2
15666633,Huang,758,Spain,Male,56,1,0.0,2
15596914,Shaw,630,Germany,Female,31,2,112373.49,2
15639788,Yuan,577,France,Female,39,10,0.0,2
15695846,Hawkins,684,France,Female,34,6,0.0,2
15726234,Trentini,708,Spain,Female,41,5,0.0,1
15797964,Cameron,732,Germany,Female,29,1,154333.82,1
15625881,Koehler,634,Germany,Male,37,3,111432.77,2
15780628,Wu,633,France,Female,30,6,0.0,2
15575883,Manna,559,France,Male,34,2,137390.11,2
15585036,Okoli,694,Spain,Female,37,3,0.0,2
15589488,Ch'eng,686,Germany,Female,56,5,111642.08,1
15585888,Nwokezuike,553,Spain,Female,48,3,0.0,1
15727915,Artemiev,507,France,Male,36,4,83543.37,1
15707567,Esposito,732,Germany,Male,50,6,145338.76,1
15737792,Abbie,818,France,Female,31,1,186796.37,1
15599433,Fanucci,660,Germany,Male,35,8,58641.43,1
15672012,Jen,773,Spain,Female,41,5,0.0,1
15806983,Moss,640,France,Male,44,3,137148.68,1
15592222,Lo,505,France,Male,49,7,80001.23,1
15608968,Averyanov,714,Germany,Male,21,6,86402.52,2
15586959,Unaipon,468,France,Female,42,5,0.0,2
15646558,Clamp,611,Spain,Male,51,1,122874.74,1
15725811,Lim,705,France,Male,25,0,97544.29,1
15572265,Wu,646,Germany,Male,46,1,170826.55,2
15794048,Wan,667,Germany,Female,48,1,97133.92,2
15677610,Chambers,511,Germany,Female,41,8,153895.65,1
15745012,Pettit,653,France,Female,43,6,0.0,2
15601589,Baresi,675,France,Female,57,8,0.0,2
15686436,Newbery,523,Spain,Male,32,4,0.0,2
15693864,Iheanacho,567,Germany,Female,49,5,134956.02,1
15760550,Duncan,741,Spain,Male,39,7,143637.58,2
15686137,Barry,456,Spain,Male,32,9,147506.25,1
15809087,Landry,598,France,Male,64,1,0.0,2
15807663,McGregor,667,France,Male,43,8,190227.46,1
15809100,Nucci,548,France,Female,32,2,172448.77,1
15794916,Pirogov,725,France,Male,41,7,113980.21,1
15614215,Oguejiofor,717,France,Male,53,6,0.0,2
15805449,Ugochukwu,594,France,Male,38,4,0.0,2
15686983,Rohu,678,Germany,Female,25,10,76968.12,2
15808017,Cary,545,France,Male,38,1,88293.13,2
15756804,O'Loghlen,636,France,Female,48,1,170833.46,1
15646810,Quinn,603,Germany,Male,44,6,108122.39,2
15710424,Page,435,France,Male,36,4,0.0,1
15799422,Evans,535,France,Female,40,8,0.0,1
15692750,McGregor,629,Germany,Female,45,7,129818.39,3
15794549,Andrews,722,France,Female,35,2,163943.89,2
15803764,Stanley,561,France,Male,28,7,0.0,2
15674840,Chiazagomekpere,645,France,Female,38,5,101430.3,2
15653762,Chidiebele,501,France,Female,39,9,117301.66,1
15581229,Gregory,502,Germany,Female,32,1,173340.83,1
15800228,Bednall,652,Spain,Female,42,4,0.0,2
15656333,Jen,574,France,Female,33,3,134348.57,1
15697497,She,518,France,Female,45,9,105525.65,2
15585362,Simmons,749,France,Female,60,6,0.0,1
15571928,Fraser,679,France,Female,43,4,0.0,3
15785519,May,565,France,Male,36,6,106192.1,1
15743007,Seabrook,643,France,Female,45,4,45144.43,1
15777211,Herrera,515,France,Male,65,7,92113.61,1
15721935,Kincaid,521,France,Male,25,7,0.0,2
15591711,Sleeman,739,Spain,Male,38,0,128366.44,1
15625021,Hung,585,France,Male,42,2,0.0,2
15702968,Artemieva,733,Germany,Male,74,3,106545.53,1
15600462,Barwell,542,France,Female,43,8,145618.37,1
15768104,Wright,788,Spain,Male,37,8,141541.25,1
15780140,Bellucci,435,Germany,Male,32,2,57017.06,2
15585255,Moore,577,France,Male,42,9,0.0,1
15772781,Ball,703,France,Female,51,3,0.0,3
15669987,Sung,728,Germany,Female,35,8,125884.95,2
15697000,Mello,728,Germany,Male,32,5,61825.5,1
15733119,Mistry,718,France,Male,35,8,0.0,2
15782390,T'ien,621,France,Female,40,6,0.0,1
15654700,Fallaci,523,France,Female,40,2,102967.41,1
15632210,Hill,657,Germany,Male,25,2,171770.55,1
15642041,Burns,727,Germany,Male,40,1,93051.64,2
15709737,Hunter,643,France,Male,36,7,161064.64,2
15792388,Li,645,France,Female,48,7,90612.34,1
15786014,Ku,568,France,Male,28,5,145105.64,2
15794580,Ch'en,599,France,Male,58,4,0.0,1
15675964,Chukwukadibia,672,France,Female,45,9,0.0,1
15814275,Zikoranachidimma,685,France,Male,33,6,174912.72,1
15724848,Oluchukwu,516,France,Female,46,1,104947.72,1
15754713,Rivera,685,Spain,Male,31,10,135213.71,1
15693814,Niu,806,Spain,Male,25,7,0.0,2
15599660,Bennett,604,France,Male,36,6,116229.85,2
15746490,Wollstonecraft,648,Spain,Female,53,6,111201.41,1
15566091,Thomsen,545,Spain,Female,32,4,0.0,1
15655961,Palermo,756,Germany,Male,27,1,131899.0,1
15710404,Chinwendu,569,France,Male,35,10,124525.52,1
15775625,McKenzie,596,France,Male,47,6,0.0,1
15792328,James,475,France,Male,39,6,0.0,1
15719856,Lamb,646,France,Female,45,3,47134.75,1
15593773,Olejuru,784,Spain,Male,35,3,0.0,2
15733114,Hay,552,Spain,Male,45,9,0.0,2
15797748,Lu,729,France,Male,44,5,0.0,2
15743411,Chiawuotu,609,Spain,Male,61,1,0.0,1
15753337,Yeates,555,France,Male,51,5,0.0,3
15601026,Gallagher,572,Germany,Female,19,1,138657.08,1
15658485,Heath,785,France,Female,34,9,70302.48,1
15636731,Ts'ai,714,Germany,Female,36,1,101609.01,2
15628303,Thurgood,738,Spain,Male,35,3,0.0,1
15633461,Pai,639,Germany,Male,38,5,130170.82,1
15677135,Lorenzo,520,Germany,Male,61,8,133802.29,2
15590876,Knupp,764,France,Female,24,7,106234.02,1
15790782,Baryshnikov,661,Spain,Male,39,6,132628.98,1
15700476,Azubuike,564,Germany,Male,41,9,103522.75,2
15634141,Shephard,708,Germany,Female,42,8,192390.52,2
15737795,Scott,512,Spain,Male,36,1,0.0,1
15790299,Williamson,592,Spain,Male,37,9,0.0,3
15675316,Avdeeva,619,France,Female,38,3,0.0,2
15613630,Tang,775,France,Male,52,8,109922.61,1
15662100,Hsu,850,Germany,Female,44,5,128605.32,1
15668032,Buchanan,577,France,Female,37,4,0.0,1
15599289,Yeh,724,France,Female,37,10,68598.56,1
15754084,Palazzi,710,Spain,Male,35,1,106518.52,1
15676521,Y?an,696,France,Female,31,8,0.0,2
15804586,Lin,376,France,Female,46,6,0.0,1
15781465,Schofield,675,Germany,Female,29,8,121326.42,1
15729362,Lombardi,745,France,Male,36,8,67226.37,1
15709295,Wall,697,Spain,Female,25,5,82931.85,2
15745324,Milani,599,Spain,Female,39,4,0.0,1
15741336,Ejimofor,715,France,Female,38,5,118590.41,1
15783659,Blackburn,659,France,Male,67,4,145981.87,1
15620981,Wickham,684,France,Female,48,3,73309.38,1
15630328,Bird,635,France,Female,48,8,130796.33,2
15785899,Ch'en,789,Germany,Male,33,8,151607.56,1
15606149,Wood,571,Germany,Female,66,9,111577.01,1
15671139,Brizendine,694,Spain,Male,39,0,107042.74,1
15660429,Ch'in,665,Spain,Female,42,2,156371.61,2
15571002,Yusupov,706,France,Female,44,4,129605.99,1
15631681,Jibunoh,807,Spain,Female,43,0,0.0,2
15731522,Ts'ui,771,Spain,Female,67,8,0.0,2
15619529,Ndukaku,531,Spain,Male,27,8,132576.25,1
15628034,Wilder,629,France,Female,37,6,129101.3,1
15686164,Maclean,850,Germany,Female,31,1,108822.4,1
15582797,Ch'iu,685,Spain,Male,35,4,137948.51,1
15753831,Cox,642,Spain,Male,32,7,100433.8,1
15731815,Nepean,529,Spain,Male,63,4,96134.11,3
15580956,McNess,683,Germany,Female,43,4,115888.04,1
15602084,Coles,663,France,Female,42,5,124626.07,1
15589805,Benson,563,France,Female,34,6,139810.34,1
15720893,Gilbert,637,Spain,Female,34,9,0.0,2
15641009,Wilhelm,544,France,Male,37,3,84496.71,1
15605926,Sinclair,649,Germany,Male,70,9,116854.71,2
15805955,L?,638,France,Female,48,10,138333.03,1
15801488,Buckner,723,France,Male,25,3,0.0,2
15605918,Padovesi,635,Germany,Male,43,5,78992.75,2
15779711,Gray,750,Spain,Female,38,7,97257.41,2
15705620,Lu,730,France,Male,34,5,122453.37,2
15685357,Wright,750,Spain,Female,36,8,112940.07,1
15570060,Palerma,586,France,Female,43,8,132558.26,1
15582616,Y?an,520,France,Female,38,4,0.0,2
15799515,Wei,652,France,Female,48,8,133297.24,1
15642937,Padovesi,550,France,Female,46,7,0.0,2
15624729,Tsao,594,France,Male,27,0,197041.8,1
15566156,Franklin,749,Germany,Female,44,0,71497.79,2
15792360,Clark,668,France,Male,32,7,0.0,2
15807008,McGregor,614,Germany,Female,35,6,128100.28,1
15704770,Pan,773,France,Male,25,1,124532.78,2
15756475,Kenniff,551,Germany,Male,31,9,82293.82,2
15655339,Spencer,566,France,Male,36,1,142120.91,1
15613749,Lees,569,Spain,Male,34,0,151839.26,1
15664521,David,659,Spain,Male,31,7,149620.88,2
15681206,Hsing,722,France,Female,49,3,168197.66,1
15745527,Burke,655,France,Male,37,5,93147.0,2
15806926,Watson,615,France,Female,35,2,97440.02,2
15724563,Hawkins,752,Germany,Female,42,3,65046.08,2
15782899,Ginn,661,Spain,Female,28,7,95357.49,1
15623521,Sozonov,838,Spain,Male,43,9,123105.88,2
15810218,Sun,610,Spain,Male,29,9,0.0,3
15645621,Hunter,811,Spain,Male,44,3,0.0,2
15608114,Manfrin,587,Spain,Male,62,7,121286.27,1
15659557,Artamonova,811,Germany,Female,28,4,167738.82,2
15787772,Hansen,759,France,Female,38,1,104091.29,1
15691111,Pai,648,Germany,Female,42,8,121980.56,2
15592089,Larsen,788,France,Female,43,10,0.0,2
15633897,Owen,725,Germany,Male,39,1,50880.98,2
15701301,Murphy,646,France,Female,42,3,175159.9,2
15723685,Ekechukwu,601,Germany,Female,26,7,105514.69,2
15701602,Ayers,521,Germany,Male,52,5,116497.31,3
15739189,Johnson,561,Spain,Female,33,6,0.0,2
15573086,Millar,564,France,Male,42,7,99824.45,1
15569050,Farrell,444,France,Male,45,6,0.0,1
15750765,Sanders,650,Spain,Male,71,0,0.0,1
15799811,Herrera,724,France,Male,40,10,0.0,1
15698442,Eberechukwu,719,Spain,Male,35,3,122964.88,1
15655274,Bardin,548,France,Female,29,4,0.0,2
15603594,Nwankwo,635,Spain,Male,24,4,0.0,2
15585961,Talbot,496,Spain,Female,43,3,0.0,2
15686936,McGregor,676,France,Female,37,5,89634.69,1
15770424,Onyeorulu,541,Germany,Male,40,7,95710.11,2
15587451,Goold,778,Germany,Male,41,7,139706.31,1
15602010,Zikoranaudodimma,850,Germany,Female,45,5,103909.86,1
15600583,Garner,633,France,Male,31,1,0.0,1
15654673,Onyinyechukwuka,625,France,Male,49,6,173434.9,1
15717164,Genovese,485,Spain,Male,32,6,102238.01,2
15765014,Mai,547,France,Female,48,1,179380.74,2
15682639,Marshall,642,France,Male,32,3,0.0,2
15729279,Naylor,718,France,Female,25,4,108691.95,1
15759805,Pinto,582,France,Female,32,4,0.0,2
15767864,Fulton,628,France,Male,33,6,0.0,2
15769948,Palerma,737,Germany,Male,35,0,133377.8,1
15686345,McCaffrey,828,Spain,Male,34,9,0.0,2
15688071,Collins,609,Spain,Male,53,10,0.0,1
15681174,Zuev,730,France,Male,39,1,116537.6,1
15667521,Crawford,631,France,Female,22,3,0.0,2
15750243,Genovese,830,Spain,Male,40,4,0.0,2
15695475,Maclean,645,France,Male,29,1,130131.08,2
15689176,Fabro,663,France,Male,46,3,0.0,2
15652955,Price,678,Spain,Male,30,0,0.0,1
15668958,Chatfield,521,France,Male,30,2,107316.09,1
15631054,Volkova,625,France,Female,24,1,0.0,2
15581479,Archer,523,France,Male,30,1,83181.29,1
15577478,Ch'iu,714,France,Female,72,3,0.0,1
15780870,McKay,580,Spain,Male,67,3,153946.14,1
15692317,Craig,722,France,Male,30,5,0.0,2
15593969,Abramovich,630,Spain,Female,39,7,135483.17,1
15570417,Chien,579,France,Male,35,1,0.0,2
15779059,Timms,670,France,Female,38,4,119624.54,2
15785980,Williford,588,Spain,Male,34,6,121132.26,2
15644200,Hamilton,807,Spain,Female,42,1,0.0,1
15793949,Cheng,726,France,Female,48,4,0.0,1
15645103,Su,812,Germany,Male,25,5,54817.55,1
15705860,McKenzie,631,Germany,Male,40,3,107949.45,1
15623828,Akobundu,682,France,Male,30,4,0.0,1
15715003,Ko,625,Spain,Female,49,2,80816.45,1
15623471,Marcelo,607,Germany,Male,38,3,98205.77,1
15798348,Chukwuebuka,600,Spain,Female,50,6,94684.27,1
15743016,MacDonald,602,Spain,Female,22,7,141604.76,1
15769499,Lampungmeiua,545,Spain,Female,74,3,0.0,2
15798521,Tai,675,Spain,Male,33,3,0.0,2
15706534,Enyinnaya,581,France,Female,47,1,122949.14,1
15706186,McKenzie,640,Germany,Male,33,8,81677.22,2
15812197,Kline,850,France,Male,38,7,80293.98,1
15650933,Ma,490,Spain,Female,48,8,155413.06,1
15692991,Wood,710,Spain,Female,38,4,0.0,2
15631189,Riggs,613,Germany,Male,38,9,67111.65,1
15762198,Capon,812,France,Male,34,5,103818.43,1
15699598,Smith,723,France,Female,20,4,0.0,2
15692744,Davison,512,France,Male,36,4,152169.12,2
15688963,Ingram,731,France,Female,52,10,0.0,1
15599131,Dilke,650,Germany,Male,26,4,214346.96,2
15680303,Gibson,594,France,Male,57,6,0.0,1
15628674,Iadanza,844,France,Male,40,7,113348.14,1
15648075,Hebert,686,Germany,Female,47,5,170935.94,1
15586970,Pinto,695,Germany,Male,52,8,103023.26,1
15625698,Dumetochukwu,624,Spain,Female,23,6,0.0,2
15790497,Ross,503,Spain,Male,37,6,0.0,2
15682618,Jamieson,535,France,Female,31,7,111855.04,2
15762937,Chiganu,743,Germany,Female,32,6,140348.56,2
15750929,Burgess,702,Spain,Male,39,8,0.0,2
15729832,Cheng,658,France,Male,29,3,145512.84,1
15633650,Woods,677,Germany,Female,41,8,146720.98,2
15748856,Liang,664,France,Male,32,10,107209.73,1
15589195,Bluett,766,Germany,Female,38,7,130933.74,1
15699911,Chapman,461,Spain,Female,35,8,0.0,1
15663438,Andrejew,688,Spain,Male,36,0,89772.3,1
15692583,Udobata,678,France,Female,32,5,0.0,2
15591257,Ejimofor,796,France,Male,24,8,0.0,2
15646513,Spyer,803,France,Male,42,5,0.0,1
15708063,Walker,712,France,Male,36,2,100749.5,3
15696098,Palermo,498,France,Female,31,10,0.0,2
15645517,Philip,850,Spain,Male,22,2,0.0,2
15649744,Fallaci,628,France,Female,51,3,123981.31,2
15604304,Perry,539,Germany,Female,34,4,91622.42,1
15784092,Henderson,732,France,Male,36,7,126195.81,1
15585198,Bergamaschi,715,France,Male,41,4,94267.9,1
15624347,Fokine,651,France,Male,40,4,0.0,2
15621687,Mackay,813,France,Male,34,0,0.0,2
15689081,Wu,692,France,Male,29,4,0.0,1
15813168,Maslova,756,Germany,Female,39,3,100717.85,3
15604295,Wei,543,France,Male,36,6,0.0,2
15724127,McLean,790,France,Female,26,4,141581.71,2
15673055,Sung,494,Spain,Male,38,7,0.0,2
15768201,Paterson,850,France,Female,39,2,148586.64,1
15782219,Fanucci,703,Spain,Male,29,9,0.0,2
15746410,Thompson,432,Spain,Male,38,7,0.0,2
15780144,Tisdall,512,Germany,Female,32,2,123403.85,2
15590476,Onochie,589,France,Male,28,7,0.0,2
15624293,Mironova,514,France,Female,46,3,106511.85,1
15618182,Ndubueze,678,France,Female,38,2,0.0,2
15660316,Stephenson,420,Germany,Female,34,1,135549.9,1
15678886,Golubev,679,Germany,Male,38,7,110555.37,2
15616330,Liao,595,France,Male,31,4,0.0,2
15592229,Mullan,713,France,Female,52,0,185891.54,1
15798424,Glover,833,Germany,Male,59,1,130854.59,1
15714750,Northey,690,France,Female,42,3,92578.14,2
15648800,Paterson,731,Germany,Female,21,8,132312.06,1
15626147,Maclean,608,France,Female,62,8,144976.5,1
15626608,Howarde,479,Spain,Male,48,5,87070.23,1
15723250,Teng,519,France,Male,42,8,0.0,2
15592583,Colman,731,France,Female,47,1,115414.19,3
15759381,Johnson,617,Spain,Male,61,7,91070.43,1
15585241,Butcher,756,Spain,Male,29,2,117412.19,2
15589358,Stanley,848,Germany,Male,31,4,90018.45,2
15672704,Jackson,809,France,Female,24,4,0.0,2
15789955,Hu,698,Germany,Male,56,1,112414.81,2
15596800,Hill,779,Germany,Male,33,1,158456.76,1
15627305,Pan,606,Spain,Male,35,7,0.0,1
15645316,Han,612,Germany,Female,58,1,149641.53,1
15593973,Wilkie,663,Spain,Female,33,8,122528.18,1
15647301,Bray,549,Germany,Female,45,3,143734.01,2
15750258,Ann,675,France,Female,32,2,155663.31,1
15685309,Souter,669,France,Female,35,7,0.0,1
15628205,Greco,571,Germany,Female,34,1,101736.66,1
15733974,Mao,500,Spain,Male,37,9,125822.21,1
15762110,Anderson,628,France,Male,37,0,0.0,2
15706899,Ma,559,France,Male,34,4,0.0,2
15732660,Black,769,France,Female,27,2,0.0,1
15656121,Medvedeva,733,Germany,Male,31,6,157791.07,2
15614220,Benson,750,France,Male,22,5,0.0,2
15645269,Duncan,583,France,Female,42,4,0.0,2
15698510,Onwudiwe,468,Germany,Male,42,9,181627.14,2
15569247,Mitchell,727,Spain,Female,57,1,109679.72,1
15566251,Ferrari,618,France,Female,37,5,96652.86,1
15716134,Russo,617,France,Male,40,5,190008.32,2
15763625,Hazon,793,Spain,Male,41,9,0.0,2
15605965,Henderson,630,France,Male,43,9,0.0,2
15694821,Hardy,765,Germany,Male,43,4,148962.76,1
15601688,Piccio,546,France,Male,28,8,0.0,1
15575581,Dickson,614,Germany,Female,30,3,131344.52,2
15671209,Holden,593,Germany,Female,29,5,101713.84,3
15616529,Hsieh,613,Spain,Male,34,3,0.0,1
15773906,Doherty,655,France,Male,38,4,0.0,2
15722993,Page,700,France,Female,27,6,137963.07,1
15752463,Samuel,826,Spain,Female,29,4,129938.07,1
15589754,Malloy,652,Germany,Male,45,2,151421.44,1
15669899,Fitts,755,Germany,Female,45,7,135643.0,1
15766887,Iadanza,538,Spain,Male,39,2,122773.5,2
15768006,Wu,729,France,Male,34,3,152303.8,1
15741295,Yefimova,615,France,Male,49,3,0.0,2
15811327,Pan,700,Spain,Male,54,1,79415.67,1
15690007,Ts'ui,434,Germany,Female,58,9,125801.03,2
15690664,Liang,729,Spain,Male,37,10,0.0,2
15719348,Tsao,513,France,Male,35,8,0.0,1
15781802,Abramov,755,France,Male,41,6,104817.41,1
15752731,Millar,615,France,Female,30,9,0.0,1
15600997,Demuth,747,Germany,Female,32,5,67495.04,2
15750776,Genovese,850,France,Female,36,0,164850.54,1
15723907,Lawless,712,Germany,Female,49,5,154776.42,2
15633419,Brooks,622,Germany,Female,28,1,143124.63,2
15702430,Ignatyeva,548,France,Female,35,10,0.0,1
15710456,Balmain,607,France,Female,27,2,0.0,2
15650351,Millar,653,France,Female,38,8,102133.38,1
15590820,Ecuyer,699,Spain,Male,26,6,79932.41,1
15640454,Parkhill,693,Germany,Male,40,0,120711.73,1
15697789,Li Fonti,647,Germany,Female,43,3,122717.53,2
15808182,Beneventi,478,Spain,Female,36,3,92363.3,2
15588670,Despeissis,705,Spain,Female,40,5,203715.15,1
15721292,Atkins,719,Spain,Male,39,5,0.0,2
15604217,Williams,726,France,Male,34,9,0.0,2
15651369,Wright,626,France,Male,21,1,0.0,2
15782454,Hancock,552,France,Male,49,4,0.0,1
15814032,Hsieh,807,Germany,Female,31,1,93460.47,2
15570326,Wilkins,621,France,Male,34,6,0.0,2
15624428,Longo,651,Germany,Female,24,7,40224.7,1
15755638,Mancini,673,France,Female,43,5,168069.73,1
15600992,Madukaego,652,France,Male,36,1,0.0,2
15755649,Winter-Irving,584,Germany,Male,47,7,130538.77,1
15795228,Stewart,756,France,Male,37,3,132623.6,1
15589257,Grant,670,France,Female,35,3,103465.02,2
15719302,Brennan,765,France,Female,50,9,126547.8,1
15639882,She,528,France,Male,30,2,128262.72,2
15791279,Murray,701,France,Male,40,5,169742.64,1
15636935,Rischbieth,797,France,Female,29,1,0.0,2
15686909,Lung,639,Germany,Male,27,3,150795.81,1
15589572,Otutodilichukwu,785,Spain,Female,61,4,129855.72,2
15779947,Thomas,363,Spain,Female,28,6,146098.43,3
15573769,Fiorentini,764,France,Female,24,7,0.0,2
15578866,Hughes,676,France,Female,43,2,0.0,1
15739131,Whitworth,718,Germany,Male,28,4,65643.3,1
15813444,McIntosh,590,Spain,Female,34,6,0.0,2
15678058,Ayers,584,France,Male,38,9,104584.16,1
15769169,Trentino,645,France,Male,41,7,0.0,1
15804602,Boyd,772,Germany,Male,30,6,99785.28,2
15651052,McMasters,399,Germany,Male,46,2,127655.22,1
15724334,Alekseyeva,529,France,Male,22,5,0.0,1
15569451,Miller,463,France,Male,35,2,101257.16,1
15650098,Baranova,630,France,Female,40,7,0.0,2
15724307,Mitchell,780,France,Male,76,10,121313.88,1
15599268,Yobachi,584,Spain,Male,32,5,0.0,2
15594864,Huang,752,Germany,Male,30,4,81523.38,1
15616451,Genovese,697,France,Female,47,6,128252.66,1
15715667,Sorokina,850,France,Female,32,7,0.0,2
15658969,Gray,711,France,Male,51,7,0.0,3
15738174,Ervin,452,France,Female,32,5,0.0,2
15813590,Vance,610,Spain,Male,42,6,0.0,2
15624229,Noble,694,France,Female,22,4,0.0,2
15674148,Milanesi,579,Spain,Male,33,6,0.0,1
15625080,Parkin,745,Spain,Female,54,8,0.0,1
15682528,Cremonesi,572,France,Male,33,5,0.0,1
15696900,Burns,505,Germany,Male,29,3,145541.56,2
15730038,Docherty,706,France,Female,23,5,0.0,1
15812272,Ugonna,693,Germany,Male,44,5,124601.58,2
15654654,L?,725,Germany,Female,33,7,115182.84,2
15697625,Bevan,791,France,Male,37,2,163789.49,2
15616280,Hsia,536,France,Male,46,1,65733.41,1
15654229,O'Neill,699,Spain,Male,47,1,0.0,2
15628298,Johnstone,500,Spain,Female,47,8,128486.11,1
15733387,Pham,707,Spain,Female,53,6,109663.47,1
15775572,Bergamaschi,531,Germany,Female,42,6,88324.31,2
15613844,Murphy,557,France,Female,28,7,146445.24,2
15578515,Osinachi,659,France,Female,38,3,0.0,2
15607598,Muravyov,575,Spain,Female,31,6,0.0,2
15742480,Igwebuike,775,Germany,Male,36,2,109949.05,2
15749482,Zack,772,Spain,Male,30,4,78653.05,1
15607537,Crawford,587,Germany,Male,46,9,107850.82,1
15575410,Chidiegwu,667,Germany,Female,39,4,83765.35,2
15684865,Lucchesi,771,France,Female,66,7,143773.07,1
15600700,Pan,523,Germany,Male,63,6,116227.27,1
15774155,Trevisani,662,Germany,Male,33,0,103471.52,1
15634267,Yudin,717,France,Male,42,5,0.0,2
15619626,Wade,746,France,Male,24,3,137492.35,2
15660422,Chung,569,France,Male,28,7,0.0,2
15617934,Septimus,579,France,Male,36,9,129829.59,1
15760774,Hargraves,519,France,Female,21,1,146329.57,2
15813132,Chukwukadibia,696,Germany,Male,30,4,114027.7,1
15593331,Sidorov,693,Germany,Male,25,6,146580.69,1
15616709,Bunton,587,Germany,Female,38,0,132122.42,2
15658052,Cameron,626,France,Female,44,10,81553.93,1
15721189,Kung,666,France,Female,66,7,0.0,2
15711288,Hay,512,France,Male,24,6,0.0,2
15770030,Conti,689,Spain,Female,28,3,0.0,2
15803681,Sims,803,France,Female,26,4,0.0,2
15702789,Carter,548,Germany,Male,32,5,175214.71,1
15814930,McGregor,588,Germany,Female,40,10,125534.51,1
15658306,Lo,693,France,Male,68,4,97705.99,1
15699523,Chu,499,Germany,Female,55,4,126817.65,2
15610383,Dumetolisa,628,France,Female,46,1,46870.43,4
15615032,Peng,624,Spain,Male,46,3,0.0,2
15781989,Drake-Brockman,733,France,Male,42,9,120094.93,1
15647402,Wan,628,France,Female,38,3,0.0,2
15740494,Cameron,633,France,Female,33,3,0.0,2
15701265,Tretiakov,559,Germany,Female,36,1,104356.94,2
15743532,Ball,704,Germany,Male,27,5,147004.34,1
15794870,Sal,744,Germany,Male,38,6,73023.17,2
15747591,Chung,665,Spain,Female,40,1,173432.55,1
15726557,Lai,638,France,Female,42,7,165679.92,1
15732199,Gether,837,Spain,Male,31,9,104678.62,1
15662291,Davidson,534,France,Female,55,8,116973.26,3
15749050,Justice,548,France,Female,36,3,0.0,1
15781586,Osonduagwuike,837,Germany,Male,38,2,126732.85,1
15617078,Ewing,658,France,Female,44,6,148481.09,1
15723339,Chin,554,France,Female,38,4,137654.05,2
15671322,Chiang,724,Germany,Male,30,7,115315.04,1
15793854,Ahmed,723,France,Male,42,2,99095.73,1
15756539,Marshall,585,Germany,Female,39,7,165610.41,2
15612064,Tsou,474,France,Male,33,5,0.0,2
15625916,Chien,562,Spain,Male,32,6,161628.66,1
15683195,Ubanwa,719,France,Male,32,9,146605.27,1
15690182,Kapustin,635,Germany,Male,37,5,113488.68,1
15721719,Calabresi,743,France,Male,42,7,77002.2,2
15641690,Hsiao,681,Spain,Male,67,7,0.0,2
15634896,Grant,521,France,Female,39,6,0.0,2
15671590,Unknown,741,Spain,Male,25,4,0.0,2
15779182,Chia,790,Spain,Male,46,8,182364.53,1
15778287,Ugoji,622,France,Male,35,8,0.0,2
15609510,Gregory,669,France,Male,45,7,149364.58,1
15742229,Mackay,583,France,Male,59,7,127450.14,1
15658532,Nnamutaezinwa,520,Spain,Female,63,5,162278.32,1
15590993,Findlay,579,Spain,Male,37,5,152212.88,2
15565701,Ferri,698,Spain,Female,39,9,161993.89,1
15597239,Ku,548,Spain,Male,39,7,131468.44,1
15688880,Amechi,672,Germany,Male,40,10,102980.44,1
15813917,Kirk,653,Germany,Male,31,9,143321.97,1
15679611,Andrews,734,Spain,Female,37,2,130404.92,1
15636589,Murray,794,France,Female,41,7,0.0,2
15687752,Griffin,641,France,Male,30,2,87505.47,2
15584363,Longstaff,824,France,Male,30,0,133634.02,1
15737748,McWilliam,534,Spain,Female,33,3,151233.62,1
15803365,Coffee,653,Spain,Male,55,2,70263.83,1
15793247,Hancock,498,France,Male,34,5,0.0,2
15572360,Clark,683,France,Male,30,10,57657.49,1
15795166,Creswell,618,Germany,Male,42,8,153572.31,2
15724620,Dodds,538,France,Male,37,1,134752.08,1
15800856,Ewen,643,Spain,Male,34,3,83132.09,1
15671097,Carter,428,France,Female,31,2,0.0,2
15683930,Ch'iu,593,Germany,Female,32,9,134096.53,2
15749004,Tsao,718,France,Female,31,0,118100.59,2
15800434,Burgess,811,Germany,Male,52,10,76915.4,1
15709117,Fanucci,823,Spain,Female,46,3,81576.75,1
15638806,Blackburn,645,Spain,Male,49,2,0.0,2
15662294,Bennett,710,France,Male,33,10,118327.17,2
15690079,Boniwell,591,Spain,Male,30,8,124857.69,2
15759317,Vasilieva,748,Germany,Female,27,2,90971.85,1
15750497,Longo,850,France,Female,37,7,153147.75,1
15596181,Kwemto,542,France,Male,38,8,65942.26,1
15576602,Lawrence,809,France,Male,38,3,0.0,2
15644833,Duncan,675,France,Male,54,2,0.0,1
15734634,Bocharova,607,Spain,Female,27,5,100912.19,1
15808689,Morres,850,France,Female,31,4,0.0,2
15720702,Shih,789,France,Male,37,3,0.0,1
15665077,Vogel,598,France,Female,43,5,0.0,3
15763612,T'an,756,Germany,Male,41,2,124439.49,2
15596493,Wisdom,687,France,Female,47,7,0.0,2
15704483,Lorenzo,724,France,Male,40,6,0.0,2
15598846,Shahan,700,France,Female,44,2,58781.76,1
15629244,Bryant,635,Spain,Male,50,7,159453.64,2
15765537,Liang,687,Germany,Male,26,2,142721.52,1
15729975,Chidozie,613,France,Female,46,8,167795.6,1
15682773,Hayward,781,France,Female,38,3,128345.69,2
15688007,Liu,703,Spain,Male,20,3,165260.98,1
15574331,Alexeeva,593,Germany,Female,62,3,118233.81,1
15645572,Calabresi,743,France,Female,40,6,0.0,1
15742854,Lettiere,640,Spain,Female,46,8,0.0,2
15575417,Chou,849,Germany,Male,37,7,143452.74,2
15796721,Nnamutaezinwa,778,France,Male,38,3,145018.49,2
15734942,Nnamutaezinwa,539,Germany,Female,38,8,82407.51,1
15664772,Greece,489,Germany,Male,28,1,79460.98,2
15576683,Yin,568,Spain,Female,43,9,0.0,1
15682563,Larionova,618,Spain,Male,38,5,126473.99,1
15650889,Golubev,710,Germany,Female,30,10,133537.1,2
15612108,Norman,625,France,Male,52,5,164978.01,1
15761132,Capon,682,Spain,Male,46,7,128029.72,1
15645511,Chukwudi,727,Spain,Male,43,2,97403.18,1
15609824,Fedorov,794,France,Female,41,7,176845.41,3
15640268,Avdeeva,652,Spain,Male,71,4,0.0,1
15645778,Reid,670,Spain,Male,42,3,81589.04,1
15691104,Kennedy,460,Germany,Female,40,6,119507.58,2
15714567,Chan,568,Spain,Female,26,6,0.0,2
15777826,Wofford,643,France,Male,30,5,94443.77,1
15668445,Mai,521,France,Male,37,2,0.0,2
15576162,King,615,France,Male,32,7,92199.84,1
15778135,T'ao,575,Spain,Male,43,3,0.0,1
15613141,Hsu,717,France,Female,41,3,135756.96,1
15635435,White,648,France,Female,54,9,120633.42,1
15596552,Stephens,535,Germany,Male,48,5,134542.73,1
15623644,Frolov,626,Spain,Male,29,7,0.0,2
15683403,Lombardi,611,Spain,Male,52,7,0.0,1
15615029,Munro,734,Spain,Male,39,6,0.0,1
15769005,Hayward,709,France,Male,49,4,154344.49,2
15746326,Fields,591,France,Male,43,3,0.0,2
15722364,Onwumelu,664,France,Male,43,9,189026.53,2
15704954,Suffolk,431,France,Male,37,0,120764.08,1
15694409,Tsao,647,Germany,Female,22,3,97975.82,2
15754068,Judd,578,France,Male,32,4,0.0,2
15683841,Hamilton,555,Germany,Male,41,10,113270.2,2
15789095,T'ang,775,Spain,Male,30,4,0.0,2
15719958,Degtyarev,850,Germany,Male,39,3,124548.99,2
15689514,Kang,625,France,Male,43,8,201696.07,1
15621353,Hudson,645,Spain,Female,37,7,0.0,2
15627232,Jibunoh,608,Germany,Male,44,7,114203.47,1
15745843,Kinlaw,689,Spain,Female,31,4,0.0,2
15722902,Chizuoke,652,Germany,Male,50,8,125437.64,1
15791767,Lucciano,769,France,Female,26,7,0.0,2
15792722,Omeokachie,611,France,Female,43,8,64897.75,1
15723006,Gorbunova,489,France,Male,38,8,0.0,2
15771942,Tikhonov,528,Germany,Female,46,9,135555.66,1
15774738,Campa,632,France,Male,44,3,107764.75,1
15574004,Mancini,429,France,Female,27,6,117307.44,2
15587233,Donoghue,457,France,Male,41,8,73700.12,3
15808228,Tuan,768,Spain,Female,44,6,60603.4,1
15682834,Johnstone,715,Spain,Female,35,4,40169.88,2
15571752,Romani,668,Germany,Female,32,10,92041.87,1
15743067,Fuller,625,Germany,Male,26,3,130483.95,1
15714466,Baxter,846,France,Female,41,5,0.0,3
15617982,Pirozzi,661,Spain,Female,42,3,0.0,2
15696637,Sung,571,France,Female,23,10,151097.28,1
15690647,Rogers,582,Spain,Female,46,8,67563.31,1
15672756,Mills,716,France,Female,35,8,112808.18,1
15704586,Osonduagwuike,758,France,Female,42,7,0.0,2
15674526,Byrne,725,France,Male,66,4,86459.8,1
15775295,McIntyre,630,France,Female,40,0,118633.08,1
15684196,Aitken,627,France,Female,55,2,159441.27,1
15727281,Macintyre,653,France,Female,27,9,0.0,2
15787835,Simpson,775,Germany,Female,38,4,125212.65,2
15730540,Simpson,794,Spain,Male,45,8,88656.37,2
15646276,Metcalfe,831,France,Female,32,2,146033.62,1
15582180,Lees,561,France,Male,29,9,120268.13,1
15697095,Zetticci,705,Spain,Male,46,7,0.0,2
15748797,Dale,636,Spain,Female,33,0,0.0,1
15754796,Byrne,487,Germany,Female,46,4,135070.58,2
15628947,Praed,693,France,Female,38,3,0.0,2
15775546,Laurens,517,Spain,Female,29,5,0.0,2
15670481,Woods,684,France,Female,27,9,122550.05,2
15619029,Bykov,620,Spain,Female,43,2,0.0,2
15613282,Vorobyova,757,France,Male,29,8,130306.49,1
15721487,Pirogova,739,France,Female,27,6,0.0,1
15797276,Sturt,662,Spain,Female,41,4,90350.77,1
15612494,Panicucci,359,France,Female,44,6,128747.69,1
15629617,Cook,572,Spain,Male,23,2,126873.52,1
15600821,Hardy,721,France,Male,69,2,108424.19,1
15579062,Chu,707,France,Male,32,9,0.0,2
15814268,Franklin,444,France,Female,40,5,84350.07,1
15710164,P'eng,523,France,Female,73,7,0.0,2
15693904,Chiang,685,Germany,Female,30,4,84958.6,2
15588986,Grant,673,Germany,Female,29,4,99097.36,1
15797733,Udobata,503,Germany,Male,30,10,136622.55,2
15620507,Siciliani,485,Germany,Female,30,5,156771.68,1
15685150,Evans,799,Germany,Male,28,7,167658.33,2
15667651,Young,585,Spain,Female,33,8,0.0,2
15774166,Mitchell,607,Germany,Female,24,2,109483.54,2
15649280,Lucchese,521,Germany,Female,40,9,134504.78,1
15705657,Hewitt,535,France,Female,44,2,114427.86,1
15753969,K'ung,724,Spain,Male,45,5,83888.54,1
15742378,Swaim,520,Germany,Male,32,5,110029.77,1
15794874,Quinones,696,Spain,Male,41,9,127523.75,1
15589221,Kennedy,657,Germany,Male,30,1,139762.13,2
15596671,Endrizzi,603,Spain,Female,42,8,91611.12,1
15583668,Ludowici,726,France,Female,42,2,109471.79,1
15710206,Larson,591,France,Female,39,4,150500.64,1
15799966,Chigolum,792,Germany,Female,59,9,101609.77,1
15794560,Maclean,550,France,Male,57,5,0.0,1
15626485,Lu,601,France,Female,26,8,78892.23,1
15703143,Tuan,820,France,Female,29,3,82344.84,1
15809772,Glover,667,France,Male,48,2,0.0,1
15687959,Landman,573,Spain,Female,44,4,0.0,1
15585282,Trevisano,755,France,Male,62,1,127706.33,2
15714993,Longo,552,France,Female,41,9,124349.34,1
15596021,K?,598,Spain,Male,44,8,0.0,2
15646615,Muir,576,Germany,Male,28,1,119336.29,2
15742632,Alexeyeva,670,France,Female,31,9,0.0,1
15574068,Norman,504,Germany,Male,56,9,104217.3,1
15806967,Simmons,778,France,Female,65,7,0.0,1
15796334,Chukwualuka,558,Germany,Male,39,10,144757.02,1
15688713,McCall,627,Spain,Male,44,6,0.0,1
15796179,Moore,683,France,Male,43,8,0.0,1
15598751,Ingram,556,France,Female,43,6,0.0,3
15703019,Okeke,583,France,Female,38,10,0.0,2
15646302,Shao,705,France,Female,24,7,100169.51,1
15680855,Iloabuchi,637,France,Male,33,2,145731.83,1
15697311,Nebechukwu,697,Spain,Male,56,5,110802.03,1
15585367,Diribe,555,Germany,Female,46,4,120392.99,1
15726556,Macgroarty,594,Germany,Female,26,6,135067.52,2
15676242,Artemova,632,Spain,Male,31,3,136556.44,1
15684198,McDonald,551,France,Female,38,10,0.0,2
15774882,Mazzanti,687,France,Female,35,3,99587.43,1
15714227,Kelly,672,France,Female,53,7,0.0,1
15608653,Davison,521,Spain,Female,34,7,70731.07,1
15784280,Reilly,686,Germany,Male,35,2,109342.82,2
15789546,Ojiofor,639,Spain,Male,28,8,0.0,2
15590320,Shelton,850,France,Male,66,4,0.0,2
15678385,Lange,465,France,Male,25,2,78247.31,2
15571778,Trentini,817,France,Female,55,10,117561.49,1
15657085,Gardiner,578,France,Male,23,10,88980.32,1
15640627,Wan,611,Spain,Male,34,4,0.0,2
15566211,Hsu,616,Germany,Female,41,1,103560.57,1
15669293,Hovell,517,France,Male,37,5,113308.84,1
15595067,Zhirov,637,Spain,Female,40,6,0.0,2
15753566,Espinosa,806,France,Female,32,3,63763.49,1
15650391,Wallace,633,France,Female,29,7,169988.35,1
15681843,Barbour,624,Germany,Female,35,0,180303.24,2
15814846,Ozerova,691,France,Male,52,3,0.0,1
15670374,Wright,819,Germany,Female,49,1,120656.86,4
15762332,Ulyanova,568,Germany,Female,31,1,61592.14,2
15700223,Steiner,806,France,Male,48,4,164701.68,1
15729956,Akabueze,726,Spain,Female,26,1,80780.16,1
15594862,Aleksandrova,552,France,Male,36,8,0.0,2
15598782,Pinto,755,Germany,Female,30,6,154221.37,2
15745080,Griffiths,634,France,Male,26,8,0.0,1
15703399,McNeil,756,France,Female,26,5,101641.14,2
15732175,Bruno,776,France,Male,37,2,0.0,1
15630725,Johnson,649,France,Female,45,5,92786.66,1
15640260,Okorie,595,Germany,Male,32,8,131081.66,2
15716822,Moen,646,France,Male,30,5,98014.74,1
15583748,McGuigan,592,Spain,Male,38,8,0.0,2
15605968,Fancher,574,France,Male,26,8,97460.1,1
15790683,Matthews,850,France,Male,36,1,104077.19,2
15607713,Kaeppel,850,Spain,Female,29,1,0.0,2
15700212,Shih,475,France,Female,46,10,0.0,2
15626710,Yudina,642,France,Female,39,4,0.0,1
15716491,Akabueze,710,Spain,Female,51,4,93656.95,1
15625824,Kornilova,596,Spain,Male,30,6,121345.88,4
15617705,Ozioma,609,France,Female,39,8,141675.23,1
15761976,Su,797,Spain,Female,31,8,0.0,2
15634891,Jamison,504,Germany,Female,43,7,102365.49,1
15744517,Esposito,735,Spain,Male,50,9,0.0,1
15686963,Hardiman,680,Spain,Female,30,3,0.0,1
15808189,Woodard,449,France,Male,52,6,0.0,2
15580845,Chienezie,685,Germany,Male,57,7,101868.51,1
15799156,Okwuadigbo,569,Spain,Male,38,8,0.0,2
15694296,Chineze,631,France,Male,35,9,112392.45,2
15677049,O'Brien,595,Germany,Female,25,7,106570.34,2
15583595,Tao,461,France,Female,28,8,0.0,1
15590146,Mao,630,France,Male,50,1,81947.76,1
15801548,Buckland,661,France,Female,31,7,144162.3,2
15660833,Flannery,796,Germany,Male,39,5,86350.87,2
15762277,Jamieson,710,France,Male,47,5,158623.14,1
15791302,Swift,741,France,Male,32,8,0.0,2
15798975,Doherty,606,Germany,Male,48,4,132403.56,1
15599956,Payne,747,France,Male,27,10,0.0,2
15577274,Genovese,549,Germany,Female,43,3,134985.66,1
15701200,Lucciano,576,France,Male,36,6,0.0,2
15638149,Rowley,528,France,Male,37,6,103772.45,1
15786199,Hsing,535,France,Male,33,2,133040.32,1
15701765,Vincent,575,Spain,Female,37,0,0.0,2
15586974,Pearce,656,France,Male,39,10,0.0,2
15729040,Lamb,440,France,Male,42,2,0.0,2
15788676,Riley,539,Spain,Male,38,8,71460.67,2
15602497,Honore,850,Spain,Male,39,6,133214.13,1
15701333,Blackburn,646,France,Female,37,7,96558.66,1
15812071,Endrizzi,744,France,Male,54,6,93806.31,2
15634375,Duncan,710,Spain,Female,36,8,0.0,2
15738267,Macarthur,544,France,Female,64,3,124043.8,1
15786800,Gould,723,Germany,Male,52,5,131694.97,1
15591130,Medvedev,507,Spain,Female,29,6,0.0,2
15720662,Sholes,787,France,Female,35,1,106266.8,1
15751531,Shaw,598,Spain,Male,41,8,0.0,2
15653595,Ts'ai,796,France,Male,51,6,0.0,2
15568360,Rolon,569,Spain,Female,41,4,139840.36,1
15781210,Reid,711,France,Male,34,8,0.0,2
15668058,Chinwendu,661,Germany,Male,35,8,124098.54,1
15597131,Fu,415,France,Male,32,5,145807.59,1
15697283,Mackenzie,578,Spain,Male,23,8,0.0,2
15640953,Bligh,611,France,Female,26,2,107508.93,2
15715031,Davidson,600,France,Female,28,6,0.0,2
15589660,Lamble,661,Germany,Female,32,1,145980.23,1
15769818,Moore,850,France,Female,37,3,212778.2,1
15782736,Jose,573,Germany,Female,47,4,152522.47,1
15614818,Trevisani,764,Spain,Female,33,9,168964.77,1
15794014,Schofield,838,France,Female,34,8,0.0,2
15732448,Stewart,821,France,Female,28,8,0.0,1
15723411,Jamieson,607,Spain,Female,36,4,98266.3,1
15797686,Howard,558,France,Male,38,8,113000.92,1
15605950,Onwuamaeze,530,Germany,Male,23,1,137060.88,2
15812497,D'Albertis,654,Germany,Male,37,5,112146.12,1
15690678,Brooks,530,France,Female,33,4,129307.32,1
15747677,Gordon,656,Spain,Male,69,6,163975.09,1
15618926,Nwachukwu,520,Spain,Male,43,7,0.0,2
15673908,Chinweike,602,Germany,Female,42,6,158414.85,1
15727944,Simpkinson,701,Germany,Female,48,1,92072.68,1
15807294,Walker,653,Spain,Female,30,2,88243.29,2
15618581,Diribe,668,Spain,Male,25,8,0.0,2
15584364,Trentini,652,France,Male,48,4,59486.31,1
15599552,Conway,639,Spain,Female,54,2,0.0,2
15749177,Maslow,730,Spain,Female,52,7,0.0,2
15718779,Clark,780,France,Male,34,1,0.0,1
15568106,L?,592,France,Female,38,8,119278.01,2
15779481,Swadling,628,France,Male,34,4,158741.43,2
15709994,Gallo,658,France,Female,40,7,140596.95,1
15772777,Onyemachukwu,850,Spain,Female,29,10,0.0,2
15706815,Samoylova,515,Germany,Male,37,2,90432.92,1
15618018,Dickson,571,France,Female,35,1,104783.81,2
15671032,He,760,Germany,Male,42,0,77992.97,2
15634281,P'an,720,Germany,Female,43,10,110822.9,1
15766374,Leak,632,Germany,Male,42,4,119624.6,2
15600991,Artemieva,694,Germany,Male,31,6,109052.59,2
15777576,Frost,559,Spain,Female,40,5,139129.44,1
15742613,Warner,773,Germany,Female,42,8,152324.66,2
15649523,Kennedy,581,France,Male,38,1,0.0,2
15651063,Ifeatu,524,Germany,Female,37,9,127480.58,2
15683124,Evans,713,France,Male,53,6,115029.4,1
15618314,Chu,676,France,Male,40,8,114005.78,1
15670823,Hsueh,651,Germany,Female,42,1,116646.76,1
15607133,Shih,717,Spain,Female,49,1,110864.38,2
15615012,Fan,594,France,Male,23,5,156267.59,1
15725141,Whiddon,716,France,Female,44,3,109528.28,1
15623560,Onyekachukwu,668,France,Female,35,6,102482.76,1
15693018,Ermakova,678,Germany,Male,23,10,115563.71,1
15636756,Marino,545,France,Male,23,2,0.0,2
15647474,Niu,613,France,Female,40,9,95624.36,2
15576714,Manna,687,Spain,Female,21,8,0.0,2
15585047,Onyemere,715,France,Male,28,7,160376.61,1
15743976,Archer,618,Germany,Male,41,8,37702.79,1
15793881,Mitchell,721,France,Female,35,6,118273.83,1
15576517,Everingham,445,Germany,Female,34,7,131082.17,2
15631072,Huie,690,France,Male,38,1,94456.0,2
15730394,Crowther,709,France,Female,43,8,0.0,2
15631460,Swift,671,Spain,Female,42,3,0.0,2
15692002,Skelton,538,France,Male,33,6,93791.38,1
15595282,White,735,France,Female,33,4,0.0,2
15789548,Giordano,592,France,Female,37,7,0.0,2
15758035,Bateson,747,France,Male,61,7,155973.13,1
15617518,Hu,675,Germany,Male,36,7,89409.95,1
15651802,Day,632,Spain,Female,39,5,97854.37,2
15631813,Beneventi,621,France,Male,39,6,0.0,2
15729668,Elizabeth,521,Spain,Male,29,3,60280.62,1
15741728,Atkins,591,Spain,Male,36,7,135216.8,1
15576676,Serrano,706,Germany,Female,28,6,124923.35,2
15711378,Willis,677,France,Male,38,4,0.0,2
15765520,Stevenson,769,Germany,Male,27,7,188614.07,1
15656726,Ch'ien,771,France,Male,32,5,62321.62,1
15647842,Cunningham,601,Germany,Female,48,8,120782.7,1
15719309,Stephens,670,France,Female,42,1,115961.58,2
15748718,Gordon,517,France,Male,28,2,115062.61,1
15594404,Bevan,834,France,Female,49,8,160602.25,2
15751158,Mashman,571,France,Female,42,4,108825.34,3
15593470,Tu,576,Germany,Female,36,8,166287.85,1
15695129,Milanesi,718,France,Female,31,1,152663.77,1
15640865,Romano,636,Germany,Female,31,9,80844.69,2
15714080,Goliwe,566,Germany,Female,40,2,97001.36,2
15648721,Hsueh,711,France,Male,64,4,0.0,2
15801466,Gray,574,France,Female,39,2,122524.61,2
15750248,Wright,619,France,Female,35,8,132292.63,1
15758726,Chiemeka,588,France,Female,24,0,0.0,2
15781553,Chung,760,Germany,Female,49,9,91502.99,1
15649121,Pinto,665,France,Male,52,3,0.0,1
15674811,Kellway,739,Germany,Male,29,3,59385.98,2
15646037,Sopuluchi,641,France,Male,77,9,0.0,3
15722578,Spitzer,685,Germany,Female,21,6,97956.5,1
15665695,Potter,594,France,Female,49,4,0.0,2
15801062,Matthews,557,Spain,Female,40,4,0.0,2
15662955,Nicholls,697,France,Male,27,8,141223.68,2
15770309,McDonald,656,France,Male,18,10,151762.74,1
15657386,Fiorentini,712,Germany,Male,43,1,141749.74,2
15777797,Kovalyova,689,Spain,Male,38,5,75075.14,1
15783955,Miah,697,France,Female,25,4,165686.11,2
15804516,Builder,589,France,Male,38,2,0.0,1
15681758,Baddeley,525,Spain,Female,25,10,0.0,2
15630321,Hu,680,France,Male,44,3,0.0,2
15588248,Hs?,617,France,Female,28,0,0.0,2
15591932,Ford,680,France,Male,32,5,92961.61,1
15810347,Todd,662,Spain,Female,30,9,0.0,2
15595303,Johnston,736,Germany,Male,46,5,130812.91,1
15634950,Obiajulu,657,Germany,Male,57,8,107174.58,1
15685372,Azubuike,350,Spain,Male,54,1,152677.48,1
15745827,Padovesi,617,France,Male,30,3,132005.77,1
15755868,Farmer,562,France,Male,35,7,0.0,1
15735222,Ignatieff,705,Spain,Female,23,5,0.0,2
15604804,Lu,516,France,Female,33,7,127305.5,1
15718944,Artemiev,573,France,Female,37,6,0.0,2
15678626,Okonkwo,538,Spain,Female,31,0,0.0,2
15571550,Dore,699,France,Male,39,9,0.0,1
15723053,T'ang,504,Germany,Male,32,8,170291.22,2
15661528,Ashbolt,583,Spain,Male,47,5,102562.23,1
15754177,Bazarova,712,Spain,Male,53,2,111061.01,2
15683544,Buccho,626,Spain,Male,62,3,0.0,1
15708048,Burn,631,France,Female,34,4,124379.14,1
15701109,Andreyev,663,France,Female,37,7,0.0,1
15600110,Endrizzi,506,Germany,Female,41,3,57745.76,1
15651533,Brown,570,Germany,Female,50,5,129293.74,1
15777904,Nock,703,France,Female,45,7,0.0,2
15655574,Okeke,698,Germany,Female,40,8,150777.1,1
15569423,Cunningham,731,Spain,Male,41,4,0.0,2
15718106,Kelley,625,France,Male,34,6,0.0,2
15585067,Wilson,634,Spain,Male,31,9,108632.48,1
15675501,Woods,616,France,Male,59,5,153861.1,1
15633233,McFarland,500,France,Male,56,1,100374.58,1
15667134,Cisneros,446,France,Male,32,8,0.0,2
15659105,Borchgrevink,669,France,Female,47,9,61196.54,1
15575409,Rozhkova,581,Germany,Male,31,6,116891.72,1
15752342,Bradley,704,Germany,Female,54,6,133656.91,3
15654851,Obialo,748,France,Male,44,2,92911.52,1
15741429,Hudson,680,Spain,Female,31,9,119825.75,2
15682356,Veltri,655,France,Female,37,7,111852.84,2
15806447,Mazzanti,690,Germany,Male,32,0,106683.52,2
15800229,Thorpe,695,Germany,Male,40,7,139022.24,1
15663441,Golibe,700,Germany,Female,40,4,148571.07,1
15791991,Udinesi,773,France,Male,52,4,0.0,1
15775082,Stewart,749,France,Male,42,1,129776.72,2
15579706,Curtis,611,France,Female,46,5,0.0,1
15718247,Hayden,606,Spain,Female,46,8,0.0,2
15755722,Unknown,554,France,Male,24,10,0.0,1
15582259,Campbell,567,France,Female,37,7,0.0,2
15716994,Green,559,Spain,Male,24,3,114739.92,1
15586880,P'eng,594,Germany,Male,41,2,122545.65,2
15713854,Cremonesi,513,France,Female,37,6,0.0,2
15780835,Liang,652,Germany,Female,26,1,131908.35,1
15675896,Gough,680,Germany,Female,42,7,105722.69,1
15658459,Bates,784,Spain,Male,33,10,0.0,2
15658057,Padovesi,812,Spain,Female,44,8,0.0,3
15801767,Yin,784,Spain,Female,40,8,0.0,2
15569178,Kharlamov,570,France,Female,18,4,82767.42,1
15731478,Nicholls,712,France,Female,42,1,87842.98,1
15811236,Burns,705,Spain,Male,39,6,133261.13,1
15746749,Fleming,681,Spain,Female,32,3,0.0,2
15662758,Watson,620,France,Male,41,0,97925.11,1
15709387,Obiajulu,711,France,Male,52,5,0.0,1
15572093,Han,613,France,Female,24,7,140453.91,1
15713826,Ferguson,613,Germany,Female,20,0,117356.19,1
15570205,Tao,682,Spain,Male,36,5,0.0,2
15589348,Le Grand,850,Spain,Male,37,4,137204.77,1
15804610,Valdez,601,France,Female,41,1,0.0,2
15700854,Cunningham,595,Spain,Male,35,8,0.0,1
15758836,Godfrey,675,Spain,Male,36,3,54098.18,2
15772933,Mai,591,Spain,Male,31,8,0.0,1
15809006,Walker,602,France,Male,23,7,113758.48,2
15689612,Pirozzi,554,Spain,Female,34,8,0.0,1
15744614,Feng,541,France,Male,37,9,118636.92,1
15704250,Akabueze,506,France,Male,34,7,0.0,2
15700255,Robson,814,Germany,Male,44,8,95488.82,2
15669410,Yevdokimova,683,France,Male,30,8,110829.52,2
15807595,Ijendu,485,Germany,Male,51,7,144244.59,2
15664523,Colombo,696,Germany,Female,31,8,122021.92,2
15642833,Akubundu,608,France,Female,30,8,0.0,2
15605279,Francis,792,France,Male,50,9,0.0,4
15713644,Marshall,686,Spain,Male,22,5,0.0,2
15750466,Rhodes,790,Germany,Male,42,1,85839.62,1
15739054,Y?,654,France,Female,29,4,96974.97,1
15612771,Bell,452,France,Male,35,4,148172.44,1
15788483,Kerr,719,Spain,Male,38,0,0.0,1
15732832,Jideofor,707,France,Female,40,5,0.0,2
15772892,Robertson,699,France,Female,49,2,0.0,1
15713843,Kao,850,Spain,Male,30,2,0.0,2
15567993,Palmer,828,Spain,Male,28,8,134766.85,1
15617603,Mackay,850,Germany,Male,30,5,123210.56,2
15744983,Burgmann,712,Spain,Male,47,1,139887.01,1
15630419,Davis,634,France,Male,44,9,149961.11,1
15738828,Milano,730,Germany,Male,45,6,152880.97,1
15778025,Dellucci,685,Germany,Male,43,9,108589.47,2
15799479,Coles,809,Spain,Male,33,9,0.0,1
15684269,Gray,707,Spain,Female,35,3,56674.48,1
15762745,Macvitie,648,Spain,Male,32,8,0.0,1
15746970,Townsend,760,Spain,Female,57,1,0.0,2
15725024,Pope,805,Germany,Female,33,3,105663.56,2
15592116,Jensen,585,France,Female,39,7,0.0,2
15624391,Thomson,595,Spain,Female,30,5,100683.54,1
15567422,Chiazagomekpele,630,France,Male,42,6,0.0,2
15612627,Ozuluonye,627,Germany,Male,29,5,139541.58,2
15574879,Wright,631,Germany,Female,37,2,121801.72,2
15745107,Lung,776,Germany,Male,38,5,112281.7,1
15734491,Lombardo,676,Spain,Female,36,4,0.0,2
15675320,Leonard,758,Spain,Female,40,5,93499.82,2
15643824,Johnston,637,France,Male,33,0,132255.99,2
15643438,P'eng,850,France,Male,20,7,0.0,2
15721730,Amechi,601,Spain,Female,44,4,0.0,2
15680727,Fang,735,France,Male,49,5,121973.28,1
15752508,Docherty,614,Germany,Male,32,7,99462.8,2
15808846,Horton,672,Germany,Female,21,3,165878.76,2
15727251,Vincent,642,France,Male,30,8,117494.27,1
15663489,Onio,633,Germany,Female,29,0,138577.34,1
15683677,Schiavone,769,Spain,Male,39,9,0.0,1
15596414,Chandler,796,Spain,Male,41,8,107525.07,1
15730639,Fiorentino,715,France,Male,23,7,139224.92,2
15672132,Butusov,695,France,Female,42,7,121453.63,1
15742638,Wang,747,France,Female,25,4,0.0,2
15578603,Alexeieva,584,Germany,Female,54,1,77354.37,1
15726088,Vinogradova,476,France,Male,40,6,0.0,1
15682533,Hughes,850,France,Female,39,7,79259.99,1
15772995,Ts'ao,529,France,Male,30,2,116295.29,1
15765694,Bage,584,Spain,Female,59,1,0.0,1
15659486,Yudina,586,Germany,Male,34,9,74309.81,1
15568963,Naquin,674,Germany,Male,34,2,152797.9,1
15703820,Endrizzi,552,France,Male,42,9,133701.07,2
15569410,Tang,601,Germany,Female,33,7,114430.18,2
15632256,Schroeder,541,France,Male,29,7,127504.57,1
15724466,Swearingen,744,Germany,Female,41,2,84113.41,1
15777639,McGregor,595,Spain,Female,23,10,101126.66,2
15802501,Onyeorulu,724,Germany,Male,33,5,103564.83,2
15778410,Clarke,533,Spain,Female,52,7,0.0,1
15670702,Smith,618,France,Male,37,2,168178.21,2
15704763,Kozlova,523,Germany,Female,39,1,143903.11,1
15645544,Nekrasov,642,Germany,Female,30,5,129753.69,1
15757646,Olague,584,France,Male,35,9,0.0,2
15701121,Holt,521,France,Male,38,5,110641.18,1
15796313,Olsen,662,France,Female,36,4,166909.2,2
15815660,Mazzi,758,France,Female,34,1,154139.45,1
15602844,Niu,717,France,Male,38,7,97459.06,1
15636238,Graham,611,France,Male,40,1,0.0,2
15770101,Millar,766,Germany,Male,43,6,112088.04,2
15645543,Bell,636,France,Female,34,3,0.0,2
15596397,Kelly,814,France,Female,48,7,0.0,2
15770525,T'an,760,Spain,Male,28,1,141038.57,2
15684267,Davila,607,Germany,Male,39,2,84468.67,2
15689980,Willis,725,Spain,Female,36,4,118520.26,1
15633260,Dumetochukwu,600,France,Male,37,1,142663.46,1
15756471,Giles,656,Germany,Male,27,4,118627.16,2
15721303,O'Meara,640,Spain,Male,34,1,137523.02,1
15802256,Yao,439,France,Male,28,7,110976.23,2
15725664,Wallace,549,France,Female,38,8,107283.4,1
15674851,T'ien,622,France,Male,38,5,0.0,2
15701946,Ndubueze,715,France,Male,34,4,124314.45,1
15748947,Chukwuraenye,657,France,Female,41,5,95858.37,1
15673342,K'ung,703,France,Male,36,2,0.0,2
15601008,Stevenson,802,France,Male,33,8,0.0,2
15771636,Marshall,793,Spain,Female,36,0,0.0,1
15642002,Hayward,554,France,Female,35,6,117707.18,2
15693381,Tipton,533,Spain,Male,38,1,135289.33,2
15607691,Gibson,658,France,Male,36,8,174060.46,1
15589380,Fraser,713,Germany,Male,40,3,114446.84,2
15603846,Fang,711,Spain,Male,37,2,0.0,2
15753549,Dubinina,669,France,Male,25,1,157848.53,1
15725355,Morey,439,France,Female,43,8,0.0,1
15773017,Todd,763,Spain,Female,37,6,0.0,2
15625641,Forbes,697,Germany,Female,74,3,108071.36,2
15776467,De Salis,702,Spain,Female,35,8,14262.8,2
15746451,Barry,686,Spain,Male,41,7,102749.72,1
15777922,Afamefuna,629,Spain,Male,36,1,161757.87,2
15606841,Ibbott,823,France,Male,38,1,0.0,2
15757648,Marshall,683,Germany,Female,35,5,95698.79,1
15677173,Law,555,France,Male,37,9,124969.13,1
15764170,Pinto,647,Germany,Male,44,4,93960.35,1
15610446,Chinedum,714,France,Female,51,4,88308.87,3
15612776,McKay,850,Spain,Female,39,10,0.0,2
15794122,Otutodilinna,713,France,Female,59,3,0.0,2
15774931,She,452,France,Male,30,7,112935.87,1
15779247,Pai,683,Spain,Female,24,8,98567.1,1
15707078,Kruglov,577,France,Female,26,1,180530.51,1
15605263,Chin,552,France,Male,33,5,140931.57,1
15607381,King,769,Germany,Female,31,7,148913.72,2
15683471,Hansen,691,France,Male,38,7,0.0,2
15605037,Ting,818,France,Female,49,2,0.0,1
15576085,Stone,739,France,Male,41,5,0.0,2
15770435,McLean,639,France,Female,50,6,115335.32,2
15592994,Zikoranachidimma,651,France,Female,65,0,0.0,2
15624068,Fu,779,France,Female,26,0,0.0,2
15595221,Trevisano,850,Germany,Female,33,7,134678.13,1
15637131,Fallaci,829,France,Male,38,9,0.0,2
15613471,Wiley,579,Germany,Male,31,2,90547.48,2
15583499,Chiagoziem,510,France,Male,32,9,103324.78,1
15752816,Murray,531,France,Male,29,3,114590.58,1
15804075,Chuang,628,Germany,Female,36,3,91286.51,1
15800517,Huang,633,Spain,Male,32,5,163340.12,2
15712319,Chukwukere,714,Spain,Male,45,8,150900.29,2
15797389,Hsia,604,Spain,Male,23,9,124577.33,1
15621432,Lee,630,Spain,Male,35,1,0.0,2
15779390,Theus,850,Spain,Female,31,4,91292.7,1
15711219,Jennings,788,Germany,Female,57,8,93716.72,1
15770498,Parker,798,France,Female,37,4,111723.08,1
15678727,Tan,770,Germany,Male,45,4,110765.68,1
15573893,Barry,569,Germany,Male,25,9,173459.45,2
15740104,Tuan,425,Spain,Female,22,7,169649.73,2
15792649,Patterson,547,Spain,Female,31,9,0.0,2
15605275,Ofodile,725,Germany,Male,45,8,116917.07,1
15572467,Chandler,506,France,Male,37,5,0.0,2
15738219,Nash,632,France,Female,36,7,0.0,2
15600710,Atkinson,620,France,Male,22,0,0.0,1
15804394,Brenan,663,Germany,Male,32,8,130627.66,1
15694188,Obidimkpa,700,Spain,Female,46,5,56580.95,2
15583718,Terry,696,Germany,Male,38,6,142316.14,1
15802478,Spring,767,Spain,Male,31,6,0.0,2
15619343,Mahmood,561,France,Male,56,7,152759.0,2
15758813,Campbell,350,Germany,Male,39,0,109733.2,2
15761374,Bellucci,706,France,Male,54,9,117444.51,1
15569209,Amaechi,464,Spain,Female,34,5,76001.57,1
15788539,Foxall,501,France,Female,34,3,107747.57,1
15747222,Bentley,745,Spain,Female,35,8,0.0,2
15769346,Baird,587,France,Female,36,1,134997.49,2
15699634,Howard,667,France,Female,48,2,0.0,2
15589076,Henry,737,France,Male,36,9,0.0,1
15812338,Sopuluchukwu,485,Spain,Female,30,7,0.0,1
15758845,Rocher,590,Spain,Female,37,0,64345.21,1
15685844,White,518,Germany,Female,35,8,141665.63,1
15583090,Komar,581,Spain,Female,29,8,0.0,2
15587581,Russo,785,Germany,Female,33,5,136624.6,2
15633640,Loewenthal,799,France,Female,52,4,161209.66,1
15573741,Aliyeva,698,Spain,Male,38,10,95010.92,1
15633574,Montes,730,France,Female,41,4,167545.32,1
15711455,Kuo,740,Germany,Female,36,4,109044.6,1
15570601,Cheng,785,France,Female,47,9,122031.55,1
15690925,McIntosh,527,Spain,Female,29,2,27755.97,1
15709338,T'ao,544,France,Female,29,1,118560.55,1
15780746,Tyndall,705,France,Male,61,4,0.0,2
15681956,Bailey,684,France,Male,34,9,0.0,2
15778190,Onyekaozulu,639,Spain,Female,28,8,97840.72,1
15786852,Nwachukwu,565,Germany,Female,38,2,158651.29,2
15726494,Romani,481,France,Male,44,9,175303.06,1
15641183,Chin,731,Spain,Male,25,8,96950.21,1
15805312,Bellucci,607,France,Male,45,7,123859.6,1
15636572,Christmas,760,France,Female,32,7,0.0,2
15632575,Moore,559,France,Female,70,9,0.0,1
15740164,Genovesi,715,France,Female,33,3,85227.84,1
15574947,Cartwright,656,France,Male,36,8,97786.08,2
15597909,Johnstone,652,Germany,Male,33,7,128135.99,1
15782574,Warner,624,Spain,Male,33,6,0.0,2
15734999,Stephenson,634,Spain,Male,36,2,85996.19,1
15706593,Ellis,850,Spain,Female,50,10,0.0,2
15766686,Nebechi,659,Germany,Female,39,1,104502.11,1
15590268,Chu,529,Spain,Male,35,5,95772.97,1
15763055,Onuchukwu,572,Spain,Male,31,5,98108.79,1
15664754,Steele,640,Germany,Male,39,9,131607.28,4
15643630,Quaife,770,Spain,Male,55,9,63127.41,2
15641043,Scott,648,Spain,Male,35,7,0.0,2
15768095,Yeh,579,France,Male,31,9,0.0,1
15811314,Y?,589,Germany,Female,36,9,140355.56,2
15669922,Conti,530,Spain,Female,36,2,0.0,2
15707114,Holder,831,France,Male,30,2,0.0,2
15670602,Burgess,790,Germany,Male,24,7,107418.27,1
15713479,Ozuluonye,656,France,Male,35,6,0.0,2
15663830,De Luca,563,Spain,Male,32,6,0.0,2
15566958,Li Fonti,667,Spain,Male,39,7,167557.12,1
15680918,Freeman,613,Spain,Male,34,8,117300.02,1
15663921,Pisani,429,France,Male,60,7,0.0,2
15716324,Ignatieff,665,France,Female,23,9,143672.9,1
15796969,Lahti,731,France,Male,33,4,0.0,2
15574783,Perkins,584,France,Female,37,1,0.0,2
15773487,Conway,634,Germany,Female,31,8,76798.92,1
15802486,Hayes,488,France,Male,34,3,0.0,2
15783398,Rizzo,535,Spain,Female,49,7,115309.75,1
15649418,Krylov,776,France,Female,29,7,178171.04,2
15604588,Li Fonti,850,Spain,Female,38,3,0.0,2
15735428,Talbot,673,Spain,Female,37,0,0.0,2
15629078,Matthias,850,Germany,Female,45,5,127258.79,1
15806880,Boyle,627,Spain,Female,30,6,0.0,1
15754999,Ch'eng,570,France,Female,33,8,0.0,1
15781034,Mason,796,Spain,Male,67,5,0.0,2
15622017,Bruno,773,Spain,Female,33,10,0.0,1
15705885,Smeaton,752,Spain,Male,36,2,0.0,2
15677382,Miller,625,Spain,Female,69,1,107569.96,1
15566843,Gotch,535,Germany,Male,20,9,134874.4,1
15608387,Fu,786,France,Female,29,4,0.0,2
15810786,O'Toole,620,France,Female,67,3,0.0,2
15626983,Ledford,605,Spain,Female,48,6,0.0,2
15773605,Iadanza,670,Spain,Female,32,3,0.0,2
15811261,Alaniz,617,Spain,Male,42,0,70105.87,1
15590606,Saunders,595,France,Male,41,9,0.0,2
15576644,Lin,687,Germany,Female,29,4,78939.15,1
15750264,Pinto,757,Germany,Male,30,6,105128.85,2
15741554,Streeter,746,Spain,Male,31,2,113836.27,1
15769051,Shaw,503,Spain,Male,25,7,0.0,1
15812198,Chen,543,Germany,Male,48,1,100900.5,1
15699772,Barclay,428,Germany,Female,40,3,129248.11,2
15744105,Kodilinyechukwu,768,France,Female,28,3,109118.05,2
15739858,Otitodilichukwu,618,France,Male,56,7,0.0,1
15723720,McKenzie,591,France,Female,31,7,0.0,2
15638355,Woods,658,France,Female,35,5,126397.66,1
15805637,Hsing,625,France,Male,36,9,108546.16,3
15629575,Wheare,717,France,Male,36,2,148061.89,1
15586243,Yobachi,667,France,Male,44,8,122277.87,1
15757931,Fang,804,France,Male,24,3,0.0,2
15716023,Pearson,693,France,Male,31,1,0.0,2
15647782,Brown,729,Germany,Male,36,8,152899.24,2
15716609,L?,484,Germany,Male,54,3,134388.11,1
15623791,Padovesi,632,Spain,Female,40,3,109740.62,1
15627262,Soto,536,Germany,Male,23,6,92366.72,2
15652693,Greco,573,France,Female,26,4,129109.02,1
15586993,Giordano,655,Spain,Female,56,5,0.0,2
15815560,Bogle,666,Germany,Male,74,7,105102.5,1
15584930,Grimmett,726,Germany,Male,30,5,111375.32,2
15799031,Ayers,523,France,Male,39,3,0.0,2
15810457,Miller,728,Germany,Female,33,9,150412.14,2
15697879,Webb,701,France,Male,30,3,156660.72,2
15594902,Lombardi,518,France,Male,38,3,90957.81,1
15799710,Wei,739,France,Male,37,7,104960.46,1
15659651,Ross,531,Germany,Female,31,7,117052.82,1
15645956,Jideofor,452,Spain,Male,44,3,88915.85,1
15651713,King,684,France,Male,45,6,148071.39,1
15737265,Nwokeocha,728,Germany,Male,39,6,152182.83,1
15687310,Humphries,783,Spain,Male,39,9,0.0,2
15607347,Olisaemeka,734,France,Male,22,5,130056.23,1
15698321,Yobanna,648,Germany,Male,34,3,95039.73,2
15657812,Ch'iu,688,France,Male,52,1,0.0,2
15569187,Fleming,680,Spain,Male,35,9,0.0,2
15681562,Trevisan,516,France,Female,43,2,112773.73,2
15615456,Aleksandrova,680,France,Female,37,10,123806.28,1
15589793,Onwuamaeze,604,France,Male,53,8,144453.75,1
15781884,Knox,624,Germany,Male,27,9,94667.29,2
15675190,Chia,623,France,Male,21,10,0.0,2
15600734,Townsend,624,Spain,Male,51,5,174397.21,2
15779176,Dike,565,Germany,Female,58,3,108888.24,3
15605286,Moyes,565,France,Male,55,4,118803.35,2
15674922,Beavers,710,France,Male,54,6,171137.62,1
15737506,Tretiakova,645,France,Male,42,6,0.0,1
15780514,Fuller,707,France,Male,33,8,136678.52,1
15623647,Dellucci,655,Spain,Female,36,1,135515.76,1
15668472,Ritchie,705,Spain,Female,24,5,177799.83,2
15692416,Aikenhead,358,Spain,Female,52,8,143542.36,3
15771139,Douglas,578,Germany,Male,34,8,147487.23,2
15738318,Kung,800,France,Female,40,5,97764.41,1
15772243,MacDonald,612,France,Female,33,9,0.0,1
15638463,Okwudilichukwu,681,Germany,Female,48,8,139480.18,1
15598088,Ni,559,Spain,Male,25,5,0.0,2
15693468,Simmons,488,Spain,Female,39,9,140553.46,1
15671930,Unknown,717,France,Female,36,5,0.0,2
15762268,Hancock,666,France,Female,41,10,141162.08,1
15780954,Cran,582,Spain,Male,26,4,65848.36,2
15700174,McKay,733,Spain,Female,30,0,83319.28,1
15635728,P'an,693,France,Male,41,4,0.0,2
15679283,Parkhill,694,France,Female,33,4,129731.64,2
15591386,Golubova,622,France,Female,35,5,0.0,2
15694192,Nwankwo,598,Spain,Female,38,6,0.0,2
15585901,Johnson,717,Spain,Male,35,1,0.0,3
15792329,Mao,494,Germany,Male,37,5,107106.33,2
15635597,Echezonachukwu,644,France,Male,33,8,0.0,2
15775880,McElyea,554,France,Female,30,9,0.0,2
15630913,Rosas,476,Spain,Female,69,1,105303.73,1
15756680,Phillips,667,France,Male,28,6,165798.1,1
15587913,Palerma,748,Spain,Female,40,4,0.0,2
15737605,Morris,531,Spain,Female,45,1,126495.57,2
15627876,Pavlova,719,Spain,Female,47,9,116393.59,1
15772601,Lu,845,Germany,Female,41,2,81733.74,2
15758606,Yamamoto,738,France,Male,54,4,0.0,1
15657107,Angelo,563,Spain,Female,46,8,106171.68,1
15622454,Zaitsev,695,Spain,Male,28,0,96020.86,1
15775803,Cawker,841,Spain,Male,41,1,0.0,2
15570859,Froggatt,626,Germany,Male,36,2,181671.16,2
15748381,Gorbunov,613,France,Female,29,6,185709.28,2
15787189,Tai,824,Germany,Male,60,8,134250.17,3
15666055,Rowe,705,France,Female,49,7,0.0,1
15617648,Mikkelsen,584,France,Female,44,5,95671.75,2
15755678,Kovalyov,534,France,Male,62,2,0.0,2
15624781,Mbanefo,672,France,Female,34,1,142151.75,2
15779497,Ts'ai,603,France,Male,43,5,127823.93,1
15567399,Enderby,633,Germany,Male,43,3,144164.29,1
15613656,Lombardi,842,France,Male,58,1,63492.94,1
15734311,Hamilton,661,France,Female,27,3,0.0,2
15657214,Hsia,601,France,Male,74,2,0.0,2
15799350,Mao,632,France,Male,41,0,106134.46,1
15729970,Ugochukwu,684,Germany,Male,29,8,127269.75,1
15725835,West,785,Germany,Female,32,3,124493.03,2
15745543,Hughes,687,France,Male,39,7,0.0,2
15727384,Chukwuemeka,705,Germany,Female,43,10,146547.78,1
15666916,Lira,639,France,Male,43,6,99610.92,2
15732917,Li,729,Germany,Male,46,5,117837.43,1
15612050,Castiglione,556,Spain,Female,48,8,168522.37,1
15726267,Paterson,570,France,Male,32,9,117337.54,2
15780124,Blair,841,France,Male,74,9,108131.53,1
15742238,Dellucci,705,Germany,Male,35,4,136496.12,2
15679024,Udinesi,553,France,Male,32,3,116324.53,1
15715297,Yuan,779,Germany,Female,40,2,75470.23,1
15633612,Yuryeva,696,France,Male,28,4,172646.82,1
15602929,Wilson,728,Spain,Female,37,4,0.0,1
15696703,Dean,691,Germany,Male,27,3,160358.68,2
15756668,Ross,706,France,Male,30,3,98415.37,1
15565779,Kent,627,Germany,Female,30,6,57809.32,1
15795519,Vasiliev,716,Germany,Female,18,3,128743.8,1
15761477,Golibe,501,Germany,Male,24,4,130806.42,2
15731890,Chukwukere,601,France,Male,41,1,123971.16,1
15633043,Fedorova,545,Spain,Female,39,6,0.0,1
15752953,Chien,634,France,Male,45,9,0.0,2
15603088,Rossi,451,Spain,Female,23,9,0.0,2
15606613,Samson,655,France,Female,59,7,0.0,1
15635939,Fenton,458,France,Female,39,9,0.0,2
15666043,Mackey,520,France,Male,33,4,156297.58,2
15746190,Payton,624,Spain,Female,28,2,0.0,2
15591357,Cowger,765,France,Male,51,3,123372.3,1
15658716,Banks,667,Germany,Female,37,5,92171.35,3
15679909,Pugliesi,665,Spain,Male,41,8,0.0,2
15634262,Fantin,709,Germany,Male,34,4,148375.19,2
15799825,Bentley,583,France,Female,44,8,0.0,2
15756875,Freeman,782,Spain,Male,34,6,147422.44,1
15678146,Wong,668,Spain,Female,24,7,173962.32,1
15710743,Onwuamaeze,621,France,Male,47,0,0.0,1
15595831,Shen,579,Germany,Female,64,6,145215.43,1
15626684,Huang,547,France,Female,38,5,167539.97,1
15709846,Yeh,840,France,Female,39,1,94968.97,1
15635459,Shih,667,Germany,Female,27,3,106116.5,2
15642544,Henderson,723,France,Male,34,5,0.0,2
15566494,Fang,487,France,Male,45,2,0.0,2
15655238,Dellucci,668,France,Female,31,9,0.0,2
15733429,Chou,520,Germany,Male,34,8,120018.86,2
15814536,Conti,549,France,Male,37,2,112541.54,2
15771702,Roberts,567,France,Female,35,5,166118.45,2
15723008,Lo Duca,720,France,Female,45,1,102882.4,2
15797160,Glover,492,France,Female,49,8,0.0,1
15792222,Johnstone,712,France,Female,37,1,106881.5,2
15644765,Ashton,689,Germany,Male,26,4,120727.97,1
15610686,Melton,850,France,Male,63,8,169832.57,1
15730868,Marshall,747,France,Male,41,5,0.0,2
15705991,Kenenna,469,Germany,Male,38,9,113599.42,1
15577078,Zakharov,539,Spain,Male,38,6,0.0,1
15679550,Chukwualuka,743,France,Male,32,9,0.0,2
15787655,Chu,707,France,Male,47,3,0.0,2
15668081,Capon,581,Spain,Female,50,4,0.0,2
15747980,Cattaneo,737,Spain,Male,38,6,146282.79,2
15710295,Patrick,445,Germany,Female,38,6,119413.62,2
15724443,Taylor,703,Germany,Female,29,3,122084.63,1
15571305,Stephenson,588,Germany,Female,35,1,103060.63,1
15569503,Yeh,765,France,Male,44,6,0.0,2
15581840,DeRose,626,France,Male,33,8,0.0,2
15772262,Vavilov,545,Germany,Male,37,9,110483.86,1
15767794,Browne,744,France,Male,31,9,120718.28,1
15629338,Collingridge de Tourcey,658,Spain,Female,31,2,36566.96,1
15790379,Rowe,629,Germany,Male,28,8,108601.0,1
15750684,Jibunoh,719,France,Female,42,4,0.0,1
15697214,Korovin,686,Spain,Female,36,5,0.0,2
15711015,Hammonds,743,France,Male,36,4,0.0,2
15573309,Ward,626,Spain,Female,48,2,0.0,2
15805303,Olisanugo,661,Germany,Male,44,1,141136.62,1
15741385,Gallop,710,Germany,Male,45,9,108231.37,1
15780254,Gartrell,654,France,Male,40,6,0.0,1
15744843,K'ung,569,Spain,Female,34,6,144855.34,1
15815626,Oluchi,640,France,Male,63,2,68432.45,2
15784736,Jamieson,562,France,Male,45,6,136855.24,1
15813412,Barlow,721,France,Female,55,3,44020.89,1
15809143,White,456,Germany,Male,32,9,133060.63,1
15617617,Stewart,811,Spain,Male,39,7,0.0,2
15779738,Buccho,534,France,Male,24,1,0.0,1
15668669,Benson,423,France,Female,36,5,97665.61,1
15687477,Thompson,594,Germany,Male,28,5,185013.02,1
15578908,Todd,725,Spain,Female,32,0,0.0,2
15687658,Burgin,716,France,Female,52,7,65971.61,2
15615020,Nnaife,595,Germany,Female,41,9,150463.11,2
15608886,Okwudiliolisa,679,France,Female,33,1,0.0,2
15602551,Johnson,667,Spain,Male,39,9,0.0,2
15672945,Parkes,661,France,Female,37,5,136425.18,1
15757408,Lo,655,Spain,Male,38,3,250898.09,3
15806132,Martin,555,France,Male,55,4,146798.81,1
15813022,Kapustina,531,Spain,Male,70,1,0.0,2
15673578,Page,611,Germany,Female,40,7,128486.91,2
15757916,Amaechi,600,France,Female,38,9,0.0,2
15689168,Munro,531,Spain,Male,37,1,143407.29,2
15769216,Panicucci,601,France,Female,43,2,0.0,1
15593295,Greathouse,548,France,Male,57,6,76165.65,1
15804814,Ts'ui,759,France,Male,40,4,0.0,2
15778934,Napolitani,678,Spain,Female,49,8,0.0,2
15802351,Beers,755,Germany,Female,33,6,90560.3,2
15630241,Tretyakova,594,France,Male,61,3,62391.22,1
15719561,Lin,768,France,Male,42,5,0.0,3
15615096,Costa,492,France,Female,31,7,0.0,2
15659931,Ibezimako,637,Germany,Female,55,1,123378.2,1
15714586,Marcelo,646,Spain,Female,42,3,99836.47,1
15634949,Hay,593,Germany,Male,74,5,161434.36,2
15589224,Moore,596,Spain,Male,41,5,0.0,2
15795990,Lumholtz,722,Germany,Female,48,10,138311.76,1
15603216,Simpson,642,France,Male,25,7,0.0,2
15631201,Hill,472,Spain,Female,28,4,0.0,2
15686255,Mouzon,738,Germany,Male,35,6,101744.84,1
15746594,Wu,732,Spain,Male,33,8,0.0,1
15718893,Pirozzi,404,Germany,Female,54,4,125456.07,1
15671609,Ibeabuchi,701,France,Male,44,7,0.0,2
15652540,Garnsey,683,France,Male,31,2,0.0,2
15774857,Synnot,460,France,Female,27,7,0.0,2
15791836,Wildman,690,France,Male,29,5,0.0,2
15651554,Anenechukwu,618,Germany,Female,54,4,118449.21,1
15583576,Tai,671,France,Male,30,2,0.0,1
15732740,Plant,765,Spain,Female,32,9,178095.55,1
15723320,Azubuike,651,Germany,Female,25,2,109175.14,2
15603851,Galkin,704,France,Male,32,7,127785.17,4
15777923,Johnston,544,France,Female,45,6,0.0,2
15735719,Babbage,790,France,Female,40,9,0.0,2
15703482,Walker,710,Germany,Male,34,9,134260.36,2
15605835,Rice,743,France,Male,37,8,69143.91,2
15664881,Norton,702,France,Male,34,4,100054.77,1
15757568,Bogolyubov,704,France,Female,45,6,0.0,1
15792660,Gibbons,614,France,Male,38,2,116248.88,1
15599722,Chia,609,Spain,Female,43,6,86053.52,2
15726354,Smith,688,France,Female,32,6,123157.95,1
15610355,Hunter,713,France,Male,44,1,63438.91,1
15704284,Ekechukwu,736,Germany,Male,57,9,95295.39,1
15621893,Bellucci,727,France,Male,18,4,133550.67,1
15588219,Ford,850,France,Female,38,1,106871.81,2
15688619,Scott,718,Spain,Male,45,3,105266.32,2
15765518,Gregson,643,France,Female,51,2,105229.53,1
15616931,Moore,653,France,Male,41,8,102768.42,1
15758372,Wallace,674,France,Male,18,7,0.0,2
15782591,Cook,690,France,Male,35,6,112689.95,1
15612109,Speth,819,France,Male,38,9,122334.26,2
15613712,Boag,634,Spain,Male,34,1,0.0,2
15639322,Grave,633,Spain,Male,33,4,137847.41,2
15594349,Streeten,850,France,Male,49,5,122486.47,1
15574167,Fox,665,France,Male,33,2,101286.11,1
15811842,Artemyeva,630,Spain,Male,26,7,0.0,2
15648794,Giordano,836,Spain,Male,57,4,101247.06,1
15771211,Perkins,668,France,Male,38,10,86977.96,1
15588614,Walton,753,France,Male,57,7,0.0,1
15630698,Hay,745,France,Female,55,9,110123.59,1
15694200,Gardner,693,France,Male,36,8,178111.82,1
15721426,Milne,606,Germany,Male,65,10,126306.64,3
15725997,She,660,France,Female,35,6,100768.77,1
15762138,Hu,608,France,Male,42,5,0.0,2
15750649,Uwakwe,744,France,Female,44,3,0.0,2
15685706,Bird,731,France,Female,40,7,118991.79,1
15641835,Anderson,683,France,Male,72,3,140997.26,1
15586821,Bellew,727,France,Male,28,5,0.0,2
15569678,Cocci,561,Germany,Male,32,6,166824.59,1
15793842,Krichauff,700,France,Female,34,2,76322.69,1
15667554,Cameron,605,France,Male,35,6,0.0,2
15794479,Becker,767,Spain,Male,77,8,149083.7,1
15585041,Ainsworth,511,France,Male,33,7,0.0,2
15780650,Biryukov,667,France,Male,40,9,0.0,1
15780846,Redding,787,France,Male,33,1,126588.81,2
15805260,Wood,705,Germany,Female,56,2,143249.67,1
15621629,Scott,773,Germany,Male,43,8,81844.91,2
15662151,Gould,554,France,Male,40,4,0.0,1
15747174,Hao,526,Germany,Male,58,9,190298.89,2
15651585,Power,661,Germany,Male,35,2,117212.18,1
15649738,White,698,France,Female,46,0,0.0,2
15633108,Thorpe,646,France,Male,26,4,139848.17,1
15769254,Tuan,757,Germany,Female,34,9,101861.36,2
15704746,Inman,699,Spain,Male,35,2,167455.66,2
15637644,Hanson,667,France,Female,24,4,0.0,2
15609562,MacDonald,774,Spain,Female,43,1,116360.07,1
15787459,Parkes,745,Spain,Male,40,3,88466.82,1
15762902,Stanley,649,France,Female,42,7,0.0,2
15738605,Fischer,634,Germany,Female,46,5,123642.36,1
15724889,Chinweuba,665,Spain,Male,38,9,0.0,1
15730735,Henning,713,France,Male,38,9,72286.84,2
15689147,Ogochukwu,652,France,Female,40,1,0.0,2
15730397,Narelle,739,Spain,Male,40,1,109681.61,1
15762169,Bergman,556,Germany,Male,37,9,145018.64,2
15589320,Sagese,699,Spain,Male,34,8,0.0,1
15799211,Anenechi,708,Spain,Female,32,8,187487.63,1
15798310,Palerma,480,France,Male,35,2,165692.91,1
15609998,Okwudilichukwu,700,Germany,Female,59,5,137648.41,1
15583548,Harrison,525,Spain,Female,47,6,118560.0,1
15761763,Jamieson,845,France,Male,33,8,164385.53,1
15764409,Goodman,613,France,Male,37,9,108286.5,1
15710161,Ko,850,France,Female,34,2,0.0,2
15735246,Norman,798,Spain,Female,58,9,0.0,2
15791700,Ugochukwutubelum,773,Germany,Male,47,2,118079.47,4
15670753,Uvarova,614,Spain,Male,35,2,127283.78,1
15573876,Chia,473,Spain,Male,48,8,0.0,2
15770174,Piazza,762,France,Male,29,6,141389.06,1
15641114,Power,701,France,Male,37,8,130091.5,1
15682435,P'eng,600,France,Male,35,4,143744.77,2
15751788,Johnson,850,Spain,Male,28,9,97408.03,1
15672598,Walker,613,Spain,Male,30,9,111927.45,1
15762803,Innes,509,France,Male,31,3,0.0,2
15812982,Francis,509,Spain,Male,38,2,0.0,1
15597901,Chidozie,609,France,Male,34,1,0.0,1
15731507,Mackenzie,456,France,Female,33,1,188285.68,1
15809826,Craigie,728,France,Female,46,2,109705.52,1
15764237,Manfrin,663,Spain,Male,33,9,0.0,2
15769917,Onyekachi,673,Germany,Female,34,1,127122.79,3
15641850,Pethard,717,France,Male,40,0,98241.04,1
15770974,Nwabugwu,741,Germany,Female,37,8,170840.08,2
15803749,DeRose,498,Germany,Female,41,4,87541.06,2
15684999,Ch'eng,850,France,Female,26,4,62610.96,2
15770225,Padovesi,493,France,Male,36,9,0.0,2
15627484,Obielumani,686,France,Female,47,5,113328.93,1
15610337,Stephens,666,Spain,Male,35,2,104832.49,1
15752488,Emery,733,Spain,Female,31,9,102289.85,1
15610056,Dufresne,631,Germany,Female,34,6,125227.82,2
15806049,Lee,714,Germany,Female,49,5,140510.89,1
15736069,Hsing,767,Germany,Female,35,6,132253.22,1
15763662,Longo,711,Germany,Male,43,2,39043.29,2
15615575,Vial,722,France,Male,34,8,0.0,2
15691723,Chukwudi,631,Spain,Male,55,9,99685.06,1
15774098,Grant,701,Germany,Male,38,3,125385.49,2
15750808,Ma,790,Spain,Male,46,2,131365.37,2
15744368,Sun,633,Spain,Male,58,6,98308.51,1
15610594,Moss,644,France,Female,37,8,0.0,2
15756125,Booth,757,Spain,Male,44,5,140856.16,2
15623277,Ross,696,France,Female,30,8,0.0,2
15795954,Ndukaku,746,France,Male,35,2,172274.01,1
15671969,Pruneda,649,Spain,Male,36,8,0.0,2
15791268,Neumann,565,Spain,Male,38,0,122447.76,1
15713655,Calabrese,720,France,Female,38,10,0.0,2
15633930,Yobachukwu,648,Spain,Female,56,6,157559.59,2
15712849,Tung,632,Germany,Male,41,3,126550.7,1
15639077,Marchesi,622,France,Female,30,2,158584.82,3
15808784,Hess,835,France,Male,28,2,163569.61,2
15648577,Pickering,493,France,Female,31,3,0.0,1
15670345,Mazzi,785,Germany,Female,33,6,127211.45,1
15633112,Madukaego,681,Germany,Male,42,3,118199.97,2
15714397,Trentino,621,Germany,Female,30,2,101014.08,2
15780038,Paterson,756,Spain,Male,38,6,119208.85,1
15756305,Marchesi,515,France,Female,66,6,0.0,2
15578799,Anayolisa,625,France,Female,58,10,53772.73,1
15800326,Poole,717,Spain,Female,39,6,0.0,2
15785485,Zhou,595,Germany,Female,41,2,138878.81,1
15783958,Bates,539,Spain,Female,37,1,130922.81,2
15727546,Olejuru,762,France,Male,35,9,0.0,2
15739576,Bustard,706,Spain,Male,20,8,0.0,2
15631333,Wade,677,Spain,Female,25,8,130866.19,1
15604782,Tan,733,Germany,Female,33,7,187257.94,1
15589643,Ngozichukwuka,684,Spain,Female,41,7,0.0,1
15585533,Calabrese,679,France,Male,36,6,147733.64,1
15681506,Lane,478,Spain,Male,43,1,0.0,2
15630551,Forbes,696,France,Male,33,2,163139.27,1
15698349,Davy,686,Spain,Female,35,4,0.0,2
15776631,Ma,466,France,Female,36,5,119540.15,1
15762216,Barrera,686,France,Female,41,4,129553.76,2
15623927,Alexander,576,France,Male,55,9,0.0,2
15681402,Ngozichukwuka,763,Germany,Female,61,1,66101.89,1
15586264,Murray,572,France,Male,43,2,140431.98,1
15594685,Hall,757,France,Female,49,2,0.0,2
15812945,Padovesi,582,France,Female,29,0,0.0,1
15734628,Lysaght,623,France,Female,35,5,0.0,2
15629323,Kelechi,617,Germany,Female,37,4,116471.43,2
15666823,Nebechi,425,France,Male,39,4,0.0,2
15777553,Hanson,659,France,Female,56,9,123785.24,1
15613097,Kao,605,France,Female,33,4,0.0,2
15622217,Tu,538,France,Female,38,8,88758.95,2
15703588,Palerma,665,Germany,Male,25,5,153611.83,2
15570835,Fallaci,491,Germany,Female,57,4,112044.72,1
15679299,Shen,726,Spain,Female,27,7,123826.07,1
15808044,Ts'ui,580,France,Female,65,9,106804.26,3
15579208,Chikezie,550,France,Female,48,6,0.0,2
15684951,He,542,France,Female,59,2,68892.77,2
15667620,Dreyer,732,France,Female,43,6,0.0,2
15582960,Short,473,France,Female,33,5,125827.43,1
15590730,Hunt,745,Spain,Male,34,9,0.0,2
15763747,Ricci,732,France,Male,36,7,0.0,2
15778320,Teng,848,Germany,Female,40,5,148495.64,1
15642787,Ijendu,572,France,Male,37,1,133043.66,1
15624633,Kibby,702,France,Male,45,9,74989.58,1
15766765,Obiuto,664,Germany,Male,39,7,60263.23,1
15783615,Ramos,630,Germany,Male,50,3,129370.91,4
15640161,Calabrese,618,Germany,Male,44,5,157955.83,2
15619889,Vasin,556,France,Male,26,4,0.0,1
15579166,Munro,619,France,Female,30,7,70729.17,1
15789097,Keeley,644,France,Male,48,8,0.0,2
15674880,Archer,658,Spain,Male,50,2,0.0,2
15778157,Murray,598,Spain,Male,27,8,90721.52,2
15779064,Chidiegwu,677,France,Male,27,2,0.0,2
15801265,Tang,689,Spain,Female,45,0,57784.22,1
15589204,Farrar,591,France,Male,33,9,131765.72,1
15664543,Shaw,699,France,Male,40,7,0.0,1
15582714,Napolitani,749,Germany,Male,47,9,110022.74,1
15797595,Greenhalgh,709,France,Female,40,9,131569.63,1
15614034,Martin,607,Germany,Male,61,2,164523.5,2
15763171,Hu,650,Germany,Female,25,2,114330.95,1
15647266,Y?an,651,Spain,Female,45,10,135923.16,1
15757577,Odili,676,France,Female,61,8,0.0,2
15736656,Unknown,723,France,Female,49,4,0.0,2
15635078,Chiemela,714,Spain,Male,45,0,124693.48,1
15680141,Yuan,759,Spain,Female,35,7,147936.42,1
15576945,Clements,582,France,Male,29,0,0.0,1
15602034,Kolesnikov,697,France,Female,34,2,126558.92,1
15732020,Rutherford,610,Germany,Male,57,6,106938.11,2
15611029,Hsiung,488,Germany,Female,33,4,140002.35,1
15621210,Angelo,599,Germany,Male,46,9,123444.72,1
15569222,Mendes,781,France,Male,32,6,147107.91,1
15664639,McGregor,645,France,Male,19,9,128514.84,1
15724223,Bronner,545,France,Female,55,5,0.0,1
15644621,Mironova,597,Germany,Female,40,9,106756.01,2
15756056,Ku,561,Spain,Female,28,3,0.0,2
15700353,Evans,662,France,Female,37,6,0.0,2
15624388,Henderson,649,Germany,Female,50,5,155393.32,1
15627212,Smith,630,France,Female,36,2,110414.48,1
15648005,Russell,672,Spain,Male,33,2,0.0,2
15681446,Sun,636,Germany,Female,37,9,157098.52,1
15775888,McDonald,593,Germany,Female,38,5,85626.6,1
15749019,Wong,545,Germany,Male,45,6,93796.42,2
15709928,Niu,567,Spain,Female,41,1,0.0,2
15784676,Fanucci,583,France,Male,51,6,125268.03,2
15748116,Zetticci,681,France,Female,29,2,148143.84,1
15612193,Hsia,762,Spain,Male,29,10,115545.33,2
15762984,McIntosh,648,Spain,Male,35,7,0.0,2
15613713,Kozlova,644,France,Male,30,5,44928.88,1
15664204,Meany,706,Spain,Male,29,2,0.0,2
15639415,Thompson,850,France,Male,35,3,162442.35,1
15806332,Le Gallienne,484,Spain,Female,39,5,0.0,2
15614929,Cheng,508,Germany,Male,28,0,96213.82,2
15695492,P'eng,439,France,Female,29,6,156569.43,1
15635972,Lloyd,484,Spain,Male,36,8,0.0,2
15616380,Wheeler,803,Spain,Female,37,1,0.0,2
15581440,Christie,724,Germany,Female,48,6,110463.25,2
15654390,He,640,France,Male,33,7,154575.76,1
15660688,King,701,Spain,Female,35,9,0.0,2
15806307,Favors,537,France,Male,37,3,0.0,2
15647975,Vida,651,Germany,Male,26,5,147037.32,1
15595728,Thomas,523,Germany,Male,41,0,119276.31,1
15735388,Wayn,717,France,Female,25,7,108664.85,2
15788535,Tan,593,Spain,Male,44,5,0.0,1
15765902,Gibson,706,Germany,Male,38,5,163034.82,2
15642345,Y?,714,Germany,Female,49,4,93059.34,1
15641250,Calabresi,794,Spain,Male,38,9,179581.31,1
15706163,Enyinnaya,518,Germany,Male,46,4,113625.93,1
15746708,Ritchie,589,Germany,Male,55,7,119961.48,1
15775203,Chia,824,France,Male,45,3,129209.48,1
15787907,Wang,719,Germany,Female,42,5,137227.04,3
15646764,Lorenzo,617,Germany,Female,58,3,119024.75,2
15678284,Pai,651,France,Male,35,7,74623.5,3
15726791,Nuttall,637,Spain,Female,45,2,157929.45,1
15813144,Osborne,554,France,Female,26,7,92606.86,2
15669342,Ferri,731,Germany,Male,35,2,127862.93,2
15710366,Hamilton,569,Spain,Female,42,1,0.0,1
15614934,McEwan,625,Germany,Female,37,4,142711.81,1
15588701,Lai,592,France,Female,38,4,0.0,2
15665438,Hs?,669,France,Male,43,1,163159.85,1
15644896,Thompson,663,Germany,Male,32,3,108586.86,1
15670205,Boyd,518,Germany,Female,41,5,110624.99,1
15635776,Trevisani,686,Germany,Female,43,5,154846.24,2
15791053,Lucciano,709,Germany,Male,45,4,122917.71,1
15644005,Holman,571,France,Female,33,9,0.0,2
15796343,Bazhenov,707,France,Female,31,2,82787.93,2
15751057,Douglas,701,Germany,Male,32,5,102500.34,1
15623430,Hill,672,France,Male,34,9,0.0,2
15682600,Lo,620,Germany,Male,39,9,159492.79,1
15769312,Forbes,557,Spain,Male,48,10,0.0,2
15708212,Lin,648,Spain,Female,54,7,118241.02,1
15650258,Sinclair,479,France,Female,35,2,113090.4,1
15604345,Kemp,730,France,Female,22,9,65763.57,1
15578297,Ebelegbulam,737,Germany,Female,43,1,125537.38,1
15671789,Woods,616,France,Male,31,3,94263.91,2
15726186,Genovese,639,Spain,Male,29,4,133434.57,2
15764618,Tseng,815,Spain,Female,39,6,0.0,1
15730738,Chiang,786,Spain,Male,31,9,0.0,2
15637650,Williams,549,France,Male,50,9,94748.76,2
15606267,Wilson,622,France,Female,38,4,98640.74,1
15625904,Wang,624,France,Male,26,9,74681.9,2
15654463,Moore,841,France,Male,34,4,0.0,2
15774151,Iadanza,614,Spain,Female,41,7,179915.85,1
15693259,Wallace,676,France,Male,30,1,128207.23,1
15642468,Clark,697,France,Male,42,9,132739.26,2
15758531,Y?,732,France,Female,40,10,0.0,2
15728352,Yermakov,623,France,Male,27,4,120509.81,1
15637240,Wei,541,France,Male,46,4,124547.13,2
15595588,Chukwunonso,773,Spain,Female,39,4,0.0,2
15778395,McIntyre,762,Germany,Male,34,4,88815.56,2
15711825,Ts'ai,655,Spain,Female,35,1,82231.51,2
15599251,Chung,602,Germany,Male,32,7,184715.86,2
15570004,Tsou,850,France,Male,31,3,0.0,2
15656912,Aitken,649,Spain,Male,51,4,0.0,1
15657342,Dawson,850,Germany,Male,28,4,147972.19,1
15716284,Ward,543,France,Male,43,9,0.0,2
15672374,Pai,672,France,Male,52,8,170008.84,1
15732476,Ifeanyichukwu,600,France,Female,27,3,0.0,2
15747724,Briggs,671,Spain,Female,34,10,0.0,1
15633877,Morrison,706,Spain,Female,42,8,95386.82,1
15672516,Wall,541,Germany,Male,51,7,90373.28,2
15607827,Nebechukwu,711,Germany,Male,34,4,133467.77,2
15751336,Yao,630,Spain,Male,30,3,0.0,2
15646539,Liao,531,France,Male,31,3,96288.26,1
15756901,Ch'ang,641,France,Female,26,4,91547.84,2
15809286,Burke,631,Germany,Male,37,8,138292.64,2
15759021,Kay,685,France,Male,35,9,0.0,1
15725039,McIntyre,702,Spain,Male,32,8,71667.74,1
15579130,Chidiegwu,708,Germany,Female,43,0,118994.84,1
15754112,Musgrove,653,Spain,Male,55,7,0.0,2
15735522,Boulger,654,Germany,Male,37,2,145610.07,2
15613326,Gow,596,France,Female,33,1,138162.81,1
15739502,Amaechi,549,Germany,Female,31,9,135020.21,2
15670914,Robe,754,France,Male,38,2,0.0,2
15604073,Bibi,815,Germany,Female,25,8,135161.67,1
15806027,Niu,556,France,Female,52,9,0.0,1
15574886,Palerma,706,France,Male,32,6,94486.47,1
15707120,Cocci,850,France,Male,46,9,117640.39,1
15800845,Artemieva,732,Spain,Female,33,8,111379.55,1
15603914,Arcuri,614,France,Male,40,6,0.0,1
15722765,Owen,580,Spain,Female,57,0,136820.99,1
15783305,Franklin,593,France,Female,46,7,98752.51,1
15574842,Lorenzo,653,Germany,Female,25,2,158266.42,3
15607837,Muriel,746,France,Female,29,4,105599.67,1
15714877,MacDevitt,662,France,Female,29,10,0.0,2
15782941,Chijindum,573,France,Male,31,2,0.0,2
15630167,Gibson,684,Spain,Female,39,4,139723.9,1
15759038,Whitehead,793,France,Female,41,3,141806.46,1
15661821,Johnstone,798,Germany,Female,49,5,132571.67,1
15728006,Endrizzi,524,France,Male,40,2,180516.9,1
15712176,Burke,816,France,Male,31,8,0.0,2
15689351,Johnson,742,Germany,Female,41,4,92805.72,1
15782247,Yeh,540,France,Male,22,4,0.0,3
15769064,Marshall,537,Germany,Male,39,3,135309.36,1
15718153,Kao,759,Spain,Female,74,6,128917.84,1
15613189,Browne,774,France,Female,52,2,56580.93,1
15661734,Taylor,608,Germany,Male,42,8,131390.75,2
15592645,Gibbons,704,Spain,Male,37,4,0.0,2
15768387,Nott,581,France,Male,41,8,0.0,2
15792525,Lei,628,Germany,Female,61,1,97361.66,1
15586976,Alexeeva,566,France,Female,42,6,0.0,1
15790659,Sheets,701,Spain,Male,59,7,0.0,2
15691446,Tokaryev,735,Spain,Male,29,10,0.0,2
15772632,Ts'ui,680,France,Female,34,1,0.0,2
15706587,Johnston,560,France,Male,57,0,0.0,2
15572461,Kung,663,Germany,Female,29,4,102714.65,2
15654409,Unwin,665,France,Female,34,5,67816.72,1
15568025,Hsueh,758,France,Male,51,8,81710.46,1
15715769,Hao,621,France,Male,26,2,75237.54,1
15667458,L?,764,Germany,Male,28,10,124023.18,1
15567980,Frater,537,Germany,Female,46,5,100727.5,1
15679294,Brennan,589,France,Female,46,10,107238.85,2
15606507,Pisani,555,France,Male,24,5,0.0,2
15578825,Golubev,734,France,Female,29,0,139994.66,1
15619935,Vanmeter,783,Spain,Female,59,9,126224.87,1
15636089,Hs?,678,Germany,Female,51,1,145751.03,1
15727490,Scott,661,France,Male,47,5,0.0,1
15591766,Crawford,607,Spain,Female,25,4,121166.89,1
15641629,P'eng,537,Spain,Female,38,1,0.0,2
15813303,Rearick,513,Spain,Male,88,10,0.0,2
15756920,Genovesi,576,France,Male,63,9,70655.48,1
15726403,Glenny,660,Germany,Male,41,1,129901.21,1
15592765,Marks,637,France,Male,40,8,125470.81,1
15704442,Fleming,672,France,Female,53,9,169406.33,4
15641136,Davison,629,France,Male,32,2,0.0,2
15725818,Chibuzo,583,Germany,Male,40,4,107041.3,1
15612071,Wilson,763,Spain,Female,32,10,95153.77,1
15719809,Endrizzi,516,Germany,Male,32,3,145166.09,2
15716518,Yuryeva,617,France,Female,27,4,0.0,2
15742210,Ugochukwu,700,France,Male,38,9,65962.63,1
15630617,Lo Duca,727,Germany,Male,36,6,140418.81,1
15720838,Gallo,689,Spain,Female,31,3,139799.63,1
15595537,Trout,626,Germany,Male,49,9,171787.84,2
15623196,Morley,686,France,Male,38,6,149238.97,1
15679249,Chou,351,Germany,Female,57,4,163146.46,1
15693199,Shao,739,France,Female,37,8,0.0,2
15661219,Trentino,627,France,Male,32,10,0.0,2
15617136,Mazzanti,451,Germany,Female,38,9,61482.47,1
15760294,Endrizzi,512,France,Female,41,8,145150.28,1
15652808,Monaldo,774,France,Female,41,5,126670.37,1
15657139,Otutodilinna,652,France,Female,40,8,84390.8,2
15803790,Allen,638,Germany,Male,37,2,89728.86,2
15764105,Milne,475,France,Female,57,1,0.0,2
15672610,Somadina,567,Spain,Male,40,4,118628.8,1
15766896,Chieloka,750,France,Male,37,3,0.0,2
15587735,Chukwuebuka,850,France,Male,39,6,96863.13,1
15659501,Chioke,753,France,Female,38,6,142263.45,1
15745001,Kovalev,683,Spain,Female,36,7,0.0,2
15651140,Doherty,710,France,Female,32,3,0.0,1
15571148,Baranov,645,Spain,Female,21,1,0.0,2
15776824,Rossi,714,France,Male,28,6,122724.37,1
15633141,Robinson,696,Germany,Female,35,4,174902.26,1
15764174,Bidencope,612,Spain,Female,26,4,0.0,2
15778155,T'ien,520,Germany,Female,31,3,108914.17,1
15715920,De Bernales,782,Spain,Male,23,10,98052.66,1
15671917,Wade,666,France,Male,46,5,123873.19,1
15666548,Chung,466,Germany,Female,56,2,111920.13,3
15625623,Stevenson,567,France,Female,45,4,0.0,2
15748123,Chienezie,613,France,Male,20,3,0.0,2
15648735,Cashin,718,France,Male,37,8,0.0,2
15634974,Seppelt,614,France,Female,37,8,75150.34,4
15713378,Brownless,711,France,Male,38,10,0.0,2
15753370,McDonald,691,Germany,Female,38,5,114753.76,1
15782659,Mamelu,527,France,Male,32,0,0.0,1
15583364,McGregor,476,France,Female,32,6,111871.93,1
15625942,McDonald,619,Spain,Female,45,0,0.0,2
15720284,Crawford,607,Germany,Female,37,4,135927.06,1
15679642,Feng,695,Spain,Male,44,8,0.0,2
15628007,Genovese,653,France,Male,33,1,0.0,2
15661974,Pirozzi,677,France,Male,46,2,57037.74,1
15689341,Gibbs,655,France,Female,50,10,0.0,4
15607993,Milne,625,France,Female,52,2,79468.96,1
15693267,Dickson,679,Germany,Female,34,7,121063.85,1
15769522,O'Connor,734,France,Male,51,1,118537.47,1
15755825,McGuirk,666,France,Male,39,10,0.0,2
15598175,Toscani,592,Germany,Female,26,4,105082.07,2
15744327,Ruth,564,France,Male,40,4,0.0,1
15798666,Hughes,814,France,Female,36,6,0.0,2
15577064,Onyekaozulu,592,Germany,Male,36,2,104702.65,2
15759436,Aksenov,758,France,Female,50,2,95813.76,3
15690231,K'ung,612,Spain,Female,62,0,167026.61,2
15751561,Meng,498,Germany,Male,61,7,102453.26,1
15739068,Nwoye,638,Germany,Male,25,4,148045.45,2
15758056,Calabresi,558,France,Male,35,1,0.0,2
15742269,Milano,756,France,Female,24,1,0.0,2
15726490,Kirby,782,Spain,Male,52,4,0.0,1
15738411,Ho,505,France,Male,34,10,104498.79,1
15727919,Chukwuemeka,671,Spain,Female,29,6,0.0,2
15709396,Hale,801,France,Male,42,6,0.0,2
15654106,K?,604,France,Male,26,8,149542.52,2
15621653,Rice,716,France,Female,29,10,87946.39,1
15598086,Brown,624,France,Female,45,3,68639.57,1
15752300,Sagese,607,Germany,Male,47,4,148826.32,1
15658693,Aksyonova,827,France,Female,60,2,0.0,2
15631838,Findlay,606,France,Male,61,5,108166.09,2
15803804,Walker,717,Germany,Female,35,5,103214.71,1
15578809,Hao,651,Germany,Male,40,1,134760.21,2
15752026,Hammer,691,France,Male,58,3,0.0,1
15723706,Abbott,573,France,Female,33,0,90124.64,1
15752838,Lucas,723,Spain,Male,38,6,0.0,2
15569571,Davydova,584,Germany,Female,46,6,87361.02,2
15769703,West,550,Germany,Female,45,8,111257.59,1
15679770,Smith,611,France,Female,61,3,131583.59,4
15791102,Mai,549,Germany,Male,41,9,95020.8,3
15655192,Fiorentino,850,Spain,Female,24,1,0.0,2
15709487,Freeman,668,Germany,Male,34,5,80242.37,2
15687130,Nkemjika,686,France,Female,43,0,0.0,1
15755178,Ramos,660,France,Male,50,1,0.0,3
15634772,Mario,682,Spain,Female,59,0,122661.39,1
15617197,Chien,524,France,Male,50,4,0.0,2
15631240,Dubinina,645,France,Female,36,8,0.0,2
15784301,Wang,850,France,Male,42,0,0.0,2
15631310,Hsieh,537,France,Female,53,3,0.0,1
15756560,Moran,599,Spain,Female,46,7,81742.84,2
15732270,Hung,727,Spain,Male,71,8,0.0,1
15739357,Moss,756,Spain,Male,30,2,145127.85,1
15771540,Fedorova,755,France,Male,38,9,148912.44,1
15567486,Li,634,Spain,Female,41,4,0.0,2
15714634,Nebechi,837,France,Male,26,4,89900.24,2
15727021,Obialo,727,Germany,Female,30,8,119027.28,2
15650670,Bateson,567,Germany,Female,40,2,105222.86,2
15711834,Long,650,Spain,Female,30,6,0.0,1
15729763,Nelson,655,Spain,Male,34,1,116114.93,1
15646566,Bell,763,France,Female,58,9,187911.55,1
15645463,Udinese,843,France,Female,27,5,0.0,2
15672144,Mao,667,France,Female,38,6,144432.04,1
15596088,Fanucci,705,France,Female,50,4,77065.9,2
15614878,Yeh,660,Germany,Female,29,6,180520.29,1
15635240,Onuoha,553,France,Male,42,1,0.0,2
15775905,Moore,612,Germany,Female,47,6,130024.87,1
15700657,Thornton,641,Germany,Female,40,2,110086.69,1
15611905,Warlow-Davies,513,Spain,Female,31,5,174853.46,1
15652527,Champion,680,France,Male,44,7,108724.98,1
15785865,Mazzanti,711,France,Male,58,9,91285.13,2
15645942,Macleod,689,Spain,Male,40,2,0.0,2
15688691,Lei,665,Germany,Female,51,9,110610.41,2
15592736,Lucchese,551,Germany,Male,54,5,102994.04,1
15673529,Lombardo,645,Spain,Male,36,4,59893.85,2
15724145,William,616,Germany,Male,29,8,149318.55,1
15704629,Wright,582,France,Female,32,1,116409.55,1
15597896,Ozoemena,365,Germany,Male,30,0,127760.07,1
15731790,Boyle,697,Germany,Female,38,6,132591.36,1
15634719,Chinwendu,704,France,Male,31,0,0.0,2
15703205,Uwaezuoke,656,France,Female,46,5,113402.14,2
15567333,Archambault,712,France,Female,31,7,0.0,2
15754537,Ko,748,France,Male,40,0,0.0,1
15612030,Udegbulam,724,France,Male,28,9,0.0,2
15573242,Greene,691,France,Male,50,6,136953.47,1
15601892,Hunter,563,France,Male,33,8,0.0,2
15663885,Blinova,741,France,Male,32,5,0.0,1
15701096,De Garis,778,France,Male,44,8,123863.64,1
15710450,Okwudiliolisa,848,Spain,Male,22,7,120811.89,1
15790846,Ts'ai,634,Germany,Male,38,2,148430.55,1
15658956,Tuan,505,Germany,Male,40,6,47869.69,2
15755223,Tseng,692,Germany,Male,53,7,150926.99,2
15787318,Holmwood,537,Germany,Female,47,6,103163.35,1
15737310,Thompson,633,France,Male,29,10,130206.28,1
15763665,Y?,833,France,Female,28,4,136674.51,2
15668818,Chidubem,592,Spain,Female,40,2,200322.45,1
15765812,Trevisani,587,Spain,Male,48,1,0.0,2
15704844,Hsiung,550,Spain,Male,62,7,80927.56,1
15744582,Randall,680,France,Female,24,10,0.0,3
15616700,Leach,622,Spain,Female,41,9,0.0,2
15683521,Godfrey,594,Germany,Male,28,0,142574.71,2
15583049,Wallace,643,Germany,Female,34,7,160426.07,1
15643752,Wei,540,France,Male,25,5,116160.23,1
15620398,Mitchell,635,Spain,Female,34,5,98683.47,2
15715707,Light,657,France,Male,32,3,118829.03,2
15814209,Capon,814,France,Male,31,1,118870.92,1
15733768,Hou,600,France,Male,32,1,0.0,1
15755242,Rowe,682,France,Female,46,2,0.0,1
15729412,Holloway,682,France,Male,38,4,107192.38,1
15746564,O'Sullivan,566,France,Male,42,3,108010.78,1
15588446,Udinesi,550,Spain,Male,34,3,0.0,2
15665221,Nwebube,630,France,Male,26,7,129837.72,2
15640846,Chibueze,546,Germany,Female,58,3,106458.31,4
15700209,Walker,486,France,Male,63,9,97009.15,1
15658360,Gregory,762,Spain,Male,35,9,122929.42,2
15602735,Kuo,692,Germany,Male,45,6,152296.83,4
15724834,Wilson,498,France,Female,30,1,0.0,2
15800062,Lanford,850,Spain,Male,49,8,0.0,1
15685300,Meng,603,France,Male,35,6,128993.76,2
15760102,Yeh,551,France,Female,36,5,0.0,1
15787026,Onwuatuegwu,627,Germany,Male,27,0,185267.45,2
15653696,Goliwe,515,France,Female,28,9,0.0,2
15788946,Anthony,605,Spain,Female,29,3,116805.82,1
15600724,Scott,567,Germany,Male,29,5,129750.68,1
15574324,Genovese,568,Germany,Female,29,2,129177.01,2
15707144,Onyeorulu,571,Germany,Male,25,6,82506.72,2
15775891,Myers,634,Germany,Male,48,2,107247.69,1
15711789,Davey,768,Spain,Female,42,3,0.0,1
15600879,Parsons,554,Germany,Female,36,3,157780.93,2
15681196,Chikere,629,France,Male,35,1,172170.36,1
15716000,Hs?eh,638,Spain,Male,48,2,0.0,2
15766776,Sal,576,France,Male,41,1,0.0,1
15680278,Ts'ai,661,Spain,Female,42,9,75361.44,1
15688637,Witt,592,France,Female,27,4,0.0,2
15591179,Skelton,702,Spain,Male,30,2,0.0,2
15677435,Kazantseva,647,France,Female,29,0,98263.46,2
15698619,Bowhay,593,France,Male,43,9,0.0,2
15581036,Beyer,712,Germany,Female,40,3,109308.79,2
15622117,Fries,625,Spain,Female,31,8,0.0,2
15599301,Tao,538,Germany,Female,28,6,164365.44,1
15581548,Kaodilinakachukwu,637,Spain,Female,22,5,98800.0,1
15586870,Ni,632,France,Male,27,4,193125.85,1
15735263,Hsueh,736,France,Male,27,5,51522.75,1
15765322,Connely,755,France,Male,23,5,84284.48,2
15582944,Becker,425,Spain,Female,39,5,0.0,2
15687162,Clayton,461,France,Male,51,9,119889.84,1
15644962,Connolly,745,France,Male,21,4,137910.45,1
15612615,Graham,616,France,Female,37,6,0.0,2
15813439,Ch'ien,587,France,Male,33,5,100116.82,1
15604544,Manfrin,850,Germany,Male,40,4,166082.15,2
15761348,Kuo,601,France,Female,38,0,0.0,2
15785078,Fomin,730,Spain,Male,26,3,0.0,1
15759874,Chamberlain,532,France,Male,44,3,148595.55,1
15643658,Barber,850,Germany,Male,53,2,94078.97,2
15713267,Zimmer,779,Spain,Female,34,5,0.0,2
15737782,Brazenor,562,France,Male,29,9,0.0,1
15815490,Cocci,670,Germany,Male,40,2,164948.98,3
15679410,Caldwell,729,France,Female,62,4,140549.4,1
15756241,Yirawala,767,France,Female,44,2,152509.25,1
15688409,Donaldson,742,France,Female,28,2,191864.51,1
15742272,Ozerova,669,France,Female,44,8,96418.09,1
15717898,Bruce,542,Spain,Male,32,2,131945.94,1
15769582,Kang,586,France,Male,29,3,0.0,2
15635660,Rossi,612,Germany,Male,30,9,142910.15,1
15576723,Ts'ai,740,France,Female,37,7,0.0,2
15591577,Moran,584,France,Male,35,3,146311.58,1
15582325,Jennings,524,France,Male,52,2,87894.26,1
15693947,Tokareva,614,France,Female,19,5,97445.49,2
15760446,Pagnotto,598,France,Female,64,9,0.0,1
15611105,Castella,799,Spain,Male,35,7,0.0,2
15630920,Du Cane,724,France,Male,34,2,154485.74,2
15574910,Ferguson,601,France,Male,50,2,115625.07,1
15756472,Odinakachukwu,804,France,Male,25,7,108396.67,1
15682890,Woronoff,745,Germany,Male,38,5,65095.41,2
15641994,Meng,667,Germany,Male,43,1,103018.45,1
15733297,Sinclair,518,France,Female,38,10,84764.79,1
15767793,Hsu,819,France,Female,38,10,0.0,2
15725698,Panicucci,520,Spain,Female,35,4,115680.81,1
15813532,Burns,625,France,Female,39,5,0.0,2
15576760,Onodugoadiegbemma,673,Germany,Male,36,5,73088.06,2
15732102,Darling,656,Germany,Female,27,3,150905.03,2
15739046,Maggard,850,Spain,Female,23,9,143054.85,1
15631927,Thomas,574,Spain,Female,28,7,0.0,2
15672115,Lettiere,679,France,Male,60,6,0.0,2
15618765,Ponomaryov,530,Germany,Female,42,0,99948.45,1
15679148,Oliver,508,France,Male,44,3,115451.05,2
15728474,Chienezie,558,Germany,Male,32,4,108235.91,1
15636999,Mao,414,France,Male,38,8,0.0,1
15754261,Ho,648,Spain,Male,42,2,98795.61,2
15629150,Lucchese,721,France,Female,37,1,0.0,2
15736274,Prokhorova,751,France,Male,31,8,0.0,2
15627697,Alekseyeva,662,France,Male,34,2,0.0,2
15721585,Blacklock,628,Germany,Male,29,3,113146.98,2
15639946,Sazonova,597,Germany,Female,39,8,162532.14,3
15792176,Henty,698,Spain,Female,40,0,92053.44,1
15699450,Li,723,France,Male,48,7,0.0,2
15729954,Azuka,586,France,Female,28,5,0.0,3
15600103,Alexander,633,Germany,Female,29,8,104944.1,1
15786200,Brock,564,France,Male,31,4,0.0,2
15797010,Shen,649,France,Female,31,2,0.0,2
15670172,Padovesi,622,France,Female,30,4,107879.04,1
15627352,Bulgakov,459,Germany,Male,46,7,110356.42,1
15622494,Mazzanti,718,France,Male,27,2,0.0,2
15585835,Lord,655,Spain,Female,34,4,109783.69,2
15595071,Ramos,696,France,Male,22,9,149777.0,1
15628203,Pai,637,France,Female,38,3,104339.56,1
15667190,Yuan,630,Spain,Female,21,1,85818.18,1
15780212,Mao,592,France,Male,37,4,212692.97,1
15766869,Uspenskaya,634,Germany,Male,37,1,89696.84,2
15775741,Powell,608,France,Female,28,9,0.0,2
15628170,Brown,565,Germany,Female,32,9,68067.24,1
15701318,Poole,763,Spain,Male,67,9,148564.66,1
15710928,McChesney,665,France,Female,55,8,136354.16,1
15682547,Lucchese,649,France,Male,38,1,122214.0,1
15631170,Clements,695,France,Male,45,3,0.0,2
15648702,Yuriev,775,Germany,Male,70,6,119684.88,2
15783444,Endrizzi,788,France,Female,39,3,135139.33,1
15809178,Pan,569,Germany,Female,42,9,146100.75,1
15806688,Manfrin,726,Spain,Female,56,8,123110.9,3
15576824,Kennedy,564,Germany,Female,44,3,111760.4,3
15675422,Conway,544,France,Female,32,9,110728.39,1
15681550,Lablanc,614,France,Female,41,8,121558.46,1
15812628,Dodd,453,Germany,Female,38,8,120623.21,1
15597951,Muir,471,France,Female,58,4,114713.57,1
15807045,Milanesi,829,Germany,Female,37,3,103457.76,1
15581748,Shen,754,Germany,Male,57,2,101134.87,2
15770420,Dillon,749,Germany,Male,46,10,78136.36,2
15608230,Hoelscher,667,France,Male,23,1,0.0,2
15730339,Bell,670,Spain,Male,30,3,133446.34,1
15712584,Liao,670,France,Female,33,7,0.0,2
15592816,Udokamma,623,Germany,Female,48,1,108076.33,1
15641480,Sinnett,571,France,Male,32,5,131354.25,1
15708505,Palerma,641,Germany,Female,37,7,62974.64,2
15791131,Chimaijem,551,Germany,Female,30,2,143340.44,1
15618225,Porter,741,Germany,Male,36,8,116993.43,2
15644724,Fan,472,France,Male,31,4,58662.92,2
15662098,Palmer,650,Spain,Male,41,3,128808.65,3
15723894,Younger,625,France,Male,45,7,137555.44,1
15787699,Burke,650,Germany,Male,34,4,142393.11,1
15687738,Nwagugheuzo,535,France,Female,38,8,0.0,2
15576126,Young,649,France,Female,41,2,125785.23,1
15658889,Watson,689,France,Male,22,4,136444.25,1
15667046,Tseng,694,Spain,Male,38,7,121527.4,1
15669957,Drake,655,Germany,Male,52,9,144696.75,1
15655794,Hanna,620,France,Male,36,8,0.0,2
15599829,Padovesi,577,France,Female,35,10,0.0,2
15753332,Loftus,401,Germany,Male,48,8,128140.17,1
15671124,Buccho,599,France,Male,25,6,120383.41,1
15767474,Lorenzo,481,France,Female,57,9,0.0,3
15720671,Ibezimako,704,France,Male,42,8,129735.3,2
15626787,Wei,698,Spain,Female,31,8,185078.26,1
15774491,Ross,480,France,Female,28,6,0.0,2
15579647,Oluchukwu,682,France,Male,42,0,0.0,1
15625522,Walker,700,Spain,Male,31,7,0.0,2
15765806,Wu,492,France,Male,29,1,144591.96,1
15566708,Chidalu,444,France,Female,45,4,0.0,2
15668347,Ingram,624,France,Male,36,6,0.0,2
15575214,Ch'en,709,France,Male,37,7,0.0,1
15591123,Iredale,557,Germany,Male,68,2,100194.44,1
15573280,Gallagher,646,Germany,Male,50,6,145295.31,2
15589018,Padilla,719,Germany,Male,28,3,106070.29,2
15654495,Potter,706,Germany,Female,47,6,120621.89,1
15597265,Mao,660,France,Male,38,7,0.0,2
15733876,Schneider,667,France,Male,36,9,0.0,2
15677217,Ibragimova,705,France,Male,30,1,0.0,1
15747265,Huang,598,Germany,Female,27,10,171283.91,1
15713379,Anderson,669,France,Male,26,4,0.0,2
15730433,Nakayama,580,Germany,Female,38,1,128218.47,1
15693347,Gardener,676,France,Female,32,5,0.0,2
15715465,Aksenova,714,Germany,Male,28,7,77776.39,1
15680736,Milne,597,Germany,Female,72,6,124978.19,2
15610765,Onwumelu,559,France,Male,29,1,0.0,2
15650034,Kudryashova,564,France,Female,28,1,0.0,1
15782468,Hart,850,Spain,Male,51,3,109799.55,2
15685109,Teng,689,France,Male,39,7,0.0,2
15776233,Kruglova,758,Germany,Female,61,8,125397.21,1
15761141,Palerma,604,Spain,Female,71,10,0.0,2
15781702,Brookes,733,Germany,Male,38,9,111347.37,2
15790235,Hsing,778,Spain,Male,40,8,104291.41,2
15641416,Shaffer,732,Germany,Female,61,9,94867.18,2
15775234,Laurie,646,France,Male,24,8,0.0,2
15659475,Chung,597,France,Female,33,6,135703.59,2
15642202,Whitfield,821,Germany,Female,37,5,106453.53,2
15771417,Thomas,640,France,Male,43,7,132412.38,1
15585100,Rioux,511,Germany,Female,40,9,124401.6,1
15700487,Osonduagwuike,805,France,Male,46,6,118022.06,3
15726589,Matveyev,540,Germany,Male,39,1,82531.11,1
15747503,Hayward,705,Spain,Male,44,0,184552.12,1
15595883,Nkemdirim,540,Germany,Male,39,4,127278.31,1
15663826,Brim,532,Spain,Female,66,3,0.0,1
15742820,Trevisano,535,France,Female,45,2,0.0,2
15624793,Soubeiran,627,Germany,Male,23,5,184244.86,1
15597930,Wilson,646,France,Male,52,8,59669.43,1
15665110,Helena,515,France,Female,25,7,79543.59,1
15770719,Duncan,697,France,Female,39,6,151553.19,1
15731327,Hale,652,Germany,Male,27,2,166527.88,2
15576044,Macdonald,579,Germany,Male,28,6,150329.15,1
15775662,McKay,760,France,Male,43,8,121911.59,1
15646817,Chiekwugo,769,France,Male,51,9,156773.78,2
15596060,Skinner,498,Spain,Male,29,8,127864.26,1
15723299,Sorokina,774,France,Male,53,4,113709.28,1
15636982,Weller,705,Germany,Female,43,7,79974.55,1
15751175,Bess,648,France,Female,44,2,0.0,2
15618936,MacDonald,688,France,Female,51,5,0.0,1
15787529,Gray,592,Spain,Male,38,0,0.0,1
15780128,Ogbonnaya,705,France,Male,33,3,144427.96,2
15615991,Udegbulam,654,France,Male,42,7,99263.09,1
15757001,Mai,624,France,Female,32,2,79368.87,2
15595388,Yeh,594,France,Female,30,10,0.0,2
15699550,Babbage,695,Spain,Female,34,9,0.0,2
15581620,Franklin,597,France,Male,28,2,0.0,3
15600934,Randell,758,France,Female,52,7,125095.94,1
15738672,Paterson,737,Germany,Female,40,2,162485.8,2
15721307,Pickering,694,Germany,Male,37,1,95668.82,2
15619280,Uspensky,683,France,Male,25,4,0.0,2
15768244,Macleod,538,Spain,Female,30,8,0.0,2
15806837,Nnaife,669,France,Male,37,4,0.0,1
15643496,Randolph,730,France,Female,34,5,74197.38,2
15813916,Kudryashova,622,France,Female,31,1,89688.94,1
15626385,George,714,Spain,Female,33,10,103121.33,2
15603582,Robertson,569,Spain,Female,34,3,0.0,1
15764351,Yuryeva,668,Germany,Female,59,5,120170.07,1
15667938,Hurst,628,France,Male,32,9,149136.31,2
15576360,Ch'iu,600,France,Male,40,1,141136.79,1
15628813,King,693,France,Female,43,4,152341.55,1
15584190,Esposito,704,France,Male,36,7,120026.98,2
15716449,Fraser,527,Spain,Male,33,9,132168.28,1
15759913,Trentini,553,Germany,Male,43,6,85200.82,2
15701555,Nicholls,575,Spain,Male,53,1,84903.33,2
15758482,Montalvo,626,France,Female,32,0,0.0,2
15758171,Tien,582,France,Male,20,4,0.0,1
15680346,Chuang,683,Spain,Male,40,8,0.0,1
15649124,Fang,850,France,Male,30,9,121535.18,1
15812917,Kosisochukwu,653,Spain,Male,35,6,116662.96,2
15768455,Young,679,France,Male,60,8,0.0,2
15703059,Scott,549,Germany,Female,49,6,124829.16,1
15646196,Yeh,850,Spain,Female,36,2,155180.56,2
15585451,Vigano,558,Germany,Female,32,1,108262.87,1
15714057,Windradyne,528,Spain,Male,40,4,0.0,2
15748473,Curnow,801,France,Male,38,5,0.0,2
15785782,Ugonna,513,Spain,Male,48,2,0.0,1
15693233,De Neeve,666,Germany,Male,38,6,99812.88,2
15757521,Ricci,606,France,Male,35,2,132164.26,1
15812513,Nnaife,599,Germany,Male,45,10,103583.05,1
15674950,Ebelechukwu,544,Germany,Male,39,4,142406.43,2
15678572,Keating,529,Spain,Male,38,7,99842.5,2
15713608,Tuan,850,France,Female,41,5,0.0,2
15579262,Shearston,497,France,Male,41,9,0.0,1
15610426,Tien,764,France,Female,39,5,81042.42,1
15776454,Hamilton,603,France,Female,48,5,0.0,1
15771483,Arnold,609,France,Male,40,6,0.0,2
15648489,Ting,487,France,Male,53,4,199689.49,1
15646609,Chao,748,France,Male,33,1,142645.43,1
15693203,Powell,710,Spain,Female,75,5,0.0,2
15813067,Williams,432,Germany,Female,45,3,110219.14,1
15769829,Cheng,534,Spain,Male,51,3,0.0,2
15662434,Zhdanova,607,France,Male,25,3,0.0,2
15773503,Tsai,551,Spain,Male,32,4,0.0,2
15705890,Nebechukwu,674,France,Male,45,7,142072.02,1
15711398,Fetherstonhaugh,525,France,Female,25,6,0.0,2
15752375,Ojiofor,645,Germany,Male,33,8,149564.61,1
15659175,Severson,755,France,Female,43,9,0.0,2
15597033,Speight,708,Germany,Male,37,8,153366.13,1
15590228,Greenwalt,715,France,Male,21,6,76467.16,1
15631848,Grover,727,France,Female,26,9,121508.28,1
15654211,Milani,559,Spain,Female,27,1,0.0,1
15707968,Akobundu,545,Spain,Male,36,8,73211.12,2
15594084,Anderson,524,France,Male,22,9,0.0,2
15651093,Chien,707,France,Female,55,1,0.0,2
15798824,Kennedy,671,Spain,Male,38,0,92674.94,2
15671591,Castiglione,439,Spain,Male,52,3,96196.24,4
15707189,Marshall,667,Germany,Female,36,1,114391.62,1
15733581,Duncan,831,Germany,Male,32,9,80262.66,1
15641640,Uspenskaya,545,Spain,Female,33,7,173331.52,1
15585284,Thomson,604,Spain,Female,35,7,147285.52,1
15617866,Calabrese,657,Spain,Male,67,5,119785.47,2
15667751,Herrera,487,Spain,Female,36,1,140137.15,1
15669411,Muse,750,Germany,Female,52,6,107467.56,1
15789425,Marsden,694,Germany,Female,37,8,98218.04,2
15570943,Artemyeva,711,Germany,Female,35,2,133607.75,1
15685829,McKay,551,France,Male,37,3,0.0,2
15721917,Chuang,559,France,Female,38,8,95139.41,1
15776047,Nicholls,620,France,Female,29,3,0.0,2
15716024,Dennis,660,Spain,Male,42,5,0.0,2
15675328,Knight,449,France,Female,37,6,0.0,2
15604314,Webb,703,Germany,Female,26,1,97331.19,1
15658339,Pugliesi,795,Germany,Male,37,2,139265.63,2
15630402,Nebechukwu,594,France,Female,31,9,0.0,1
15689616,Ward,586,Spain,Male,34,5,168094.01,1
15774224,Nixon,613,Germany,Female,30,5,131563.88,2
15701291,Chidubem,601,France,Male,44,3,0.0,2
15719606,Rivers,657,France,Male,50,9,0.0,2
15644119,Sochima,531,France,Male,31,3,0.0,1
15646859,Heydon,621,Germany,Male,47,7,107363.29,1
15606836,Lombardo,782,France,Female,33,2,94493.03,1
15664150,Holland,528,Germany,Female,29,9,170214.23,2
15624510,Tien,696,France,Male,52,6,139781.06,1
15810944,Bryant,586,France,Female,35,7,0.0,2
15668575,Hao,626,Spain,Female,26,8,148610.41,3
15603246,Genovesi,498,France,Male,73,2,170241.7,2
15804002,Kovalev,691,France,Female,33,1,128306.83,1
15728773,Hsieh,568,France,Female,47,7,0.0,2
15598044,Debellis,715,France,Female,35,3,0.0,1
15694829,Chibueze,680,Germany,Male,32,7,175454.0,1
15600575,Padovano,802,Spain,Male,41,6,0.0,2
15727311,Yen,539,France,Female,22,0,100885.93,2
15570769,Kibble,494,France,Male,69,9,93320.8,1
15606274,Lori,594,Germany,Male,38,6,63176.44,2
15746139,Enemuo,596,France,Male,33,2,139451.67,1
15704987,Lu,649,France,Female,52,8,49113.75,1
15628972,Nebeolisa,699,Germany,Male,32,1,123906.22,3
15697686,Stewart,787,France,Female,40,6,0.0,2
15733883,Ward,604,France,Male,28,7,0.0,2
15617482,Milanesi,489,Germany,Female,52,1,131441.51,1
15704583,Chikwado,651,France,Male,56,2,0.0,1
15621083,Douglas,698,France,Male,57,6,136325.48,2
15649487,Sal,578,Germany,Female,38,4,113150.44,2
15736760,Douglas,538,Spain,Female,42,9,0.0,1
15714658,Yates,696,France,Female,33,4,0.0,2
15599081,Watt,507,Germany,Female,46,8,102785.16,1
15705113,P'an,685,Spain,Male,34,6,83264.28,1
15631159,Unknown,705,Germany,Male,41,4,72252.64,2
15792818,Perry,499,Germany,Female,29,6,148051.52,1
15633531,Lavrov,717,France,Female,76,9,138489.66,1
15744529,Chiekwugo,510,France,Male,63,8,0.0,2
15669656,Macdonald,632,France,Male,32,6,111589.33,1
15581198,Jenkins,668,Germany,Female,39,0,122104.79,1
15729054,Korovina,744,Germany,Male,32,4,96106.83,1
15573452,Manning,663,Germany,Male,42,7,115930.87,1
15776733,Wilson,638,Germany,Female,37,7,124513.66,2
15724858,Begum,688,France,Female,54,9,0.0,1
15713144,Ingrassia,588,Spain,Male,46,8,0.0,1
15690188,Maclean,631,France,Male,33,7,0.0,1
15689425,Olejuru,687,Spain,Male,35,8,100988.39,2
15671766,Enyinnaya,599,France,Male,44,10,118577.24,1
15782806,Watson,718,Spain,Male,28,6,0.0,2
15764419,Langdon,730,France,Male,27,5,0.0,2
15591915,Frolov,533,France,Female,39,2,0.0,1
15772798,Chikezie,711,Spain,Female,28,5,0.0,2
15792008,Zetticci,555,Spain,Female,26,9,0.0,2
15715541,Yang,850,France,Female,42,9,113311.11,1
15639277,Lin,678,France,Female,41,9,0.0,1
15798850,Goddard,576,France,Male,32,7,0.0,2
15776348,Rogers,835,Germany,Male,20,4,124365.42,1
15727696,Zubareva,592,France,Male,42,1,147249.29,2
15793813,Onochie,774,France,Male,36,7,103688.19,1
15694395,Ts'ui,620,France,Female,29,1,138740.24,2
15764195,Newsom,519,Spain,Male,39,4,111900.14,1
15744919,Genovese,734,Spain,Female,37,0,152760.24,1
15671655,Thorpe,763,Germany,Male,31,7,143966.3,2
15654901,Horton,733,France,Male,51,10,141556.96,1
15649136,Williamson,650,France,Female,43,6,0.0,2
15775562,Shoobridge,538,France,Female,33,5,0.0,2
15807481,Peng,577,France,Female,46,1,0.0,1
15642885,Gray,792,France,Male,30,8,0.0,2
15789109,Watson,686,France,Female,41,10,0.0,1
15814004,Fyodorova,589,France,Male,29,2,0.0,2
15673619,Bazhenov,530,France,Male,25,9,162560.32,1
15595135,Solomon,778,Germany,Female,29,7,123229.46,1
15583681,Layh,616,Spain,Male,31,7,76665.71,2
15605000,John,550,France,Male,38,9,140278.99,3
15718071,Tuan,655,France,Female,51,3,0.0,2
15679760,Slattery,721,France,Male,46,1,115764.32,2
15654574,Onyekachi,499,Germany,Male,36,5,131142.53,2
15577178,Genovese,511,France,Male,45,5,68375.27,1
15595324,Daniels,579,Germany,Female,39,5,117833.3,3
15756932,Caldwell,696,Spain,Female,36,7,0.0,2
15726358,Chiemenam,681,France,Male,34,7,0.0,2
15595228,Wanliss,815,France,Male,45,7,0.0,1
15782530,Bruce,681,Spain,Male,30,2,111093.01,1
15592877,Wright,641,Spain,Male,42,9,132657.55,1
15651983,Fang,591,France,Female,56,9,128882.49,1
15746737,Eames,565,Germany,Male,59,9,69129.59,1
15774179,Sutherland,487,France,Male,37,6,0.0,2
15667265,Cavenagh,729,France,Male,39,4,121404.64,1
15655123,Dumetolisa,505,Spain,Female,45,9,131355.3,3
15595917,Mackay,580,France,Female,35,1,102097.33,1
15668385,Dellucci,642,France,Male,40,1,154863.15,1
15709476,Kenyon,850,Spain,Female,41,3,99945.93,2
15711218,Parry,616,Germany,Male,39,2,121704.32,2
15798659,Kennedy,526,Spain,Female,43,3,0.0,2
15663939,Arnott,523,Germany,Male,35,8,138782.76,1
15694946,Hanson,663,France,Male,35,9,0.0,2
15631912,T'ao,840,France,Male,30,8,136291.71,1
15768816,Shen,570,Germany,Male,42,0,107856.57,2
15682268,Steere,676,Germany,Female,26,1,108348.66,1
15684801,Abbott,689,France,Male,47,1,93871.95,3
15636428,Sutherland,703,Spain,Female,45,1,0.0,1
15809823,Thurgood,491,Germany,Male,19,2,125860.2,1
15699284,Johnson,584,France,Male,49,8,172713.44,1
15786993,Lung,810,France,Female,51,5,0.0,2
15709441,Cocci,745,Spain,Female,59,8,0.0,1
15710257,Matveyeva,625,France,Female,39,3,130786.92,1
15582492,Moore,535,France,Female,29,2,112367.34,1
15575694,Yobachukwu,729,Spain,Female,45,7,91091.06,2
15756820,Fleming,655,France,Female,26,7,106198.5,1
15766289,Dickinson,751,France,Male,47,5,142669.93,2
15593014,Evseyev,525,France,Male,33,1,112833.35,1
15584545,Aksenov,532,France,Female,40,5,0.0,2
15675949,Fleming,696,Spain,Female,43,4,0.0,2
15672091,Ulyanov,786,Germany,Female,32,2,104336.43,2
15801658,Summers,580,France,Male,55,6,104305.74,1
15706185,Clements,596,Germany,Male,47,5,140187.1,2
15789863,Kazakova,683,France,Male,39,4,0.0,2
15720943,Pirozzi,747,France,Female,45,1,114959.12,1
15697997,Jamieson,602,France,Male,33,5,164704.38,1
15665416,Ferri,779,France,Male,62,10,119096.55,1
15660200,Mai,551,France,Male,31,1,0.0,2
15619653,Hannaford,666,France,Male,47,2,0.0,1
15773447,Fomin,526,Spain,Male,30,8,0.0,1
15739160,Mahon,849,France,Female,41,9,115465.28,1
15689237,Shaw,471,France,Female,27,4,0.0,2
15679297,Volkova,628,Spain,Male,43,3,184926.61,1
15591433,Miles,674,Germany,Male,43,8,85957.88,2
15642725,Madison,797,France,Male,32,10,114084.6,1
15701962,Scott,590,Spain,Female,29,2,166930.76,2
15811613,Voss,588,France,Female,27,8,0.0,1
15741049,Colebatch,577,France,Male,29,7,0.0,2
15724423,Wilson,571,France,Female,38,6,107193.82,2
15574305,T'ang,680,France,Male,36,3,116275.12,1
15678168,Gibson,648,Spain,Female,27,7,0.0,2
15697020,Hs?eh,618,France,Male,39,2,91068.56,1
15610801,Pan,648,Germany,Male,41,5,123049.21,1
15745232,Chikelu,759,France,Female,39,6,0.0,2
15722758,Allan,585,France,Male,40,7,0.0,2
15792102,Yefremova,774,France,Female,42,3,137781.65,1
15675185,Chuang,697,Germany,Female,48,2,108128.96,2
15801247,Fan,605,Spain,Male,39,10,105317.73,2
15725660,Dellucci,676,France,Male,20,1,80569.73,1
15638963,Garran,678,France,Female,22,4,174852.89,1
15800061,Moretti,495,Spain,Female,45,3,89158.94,3
15578006,Yao,787,France,Female,85,10,0.0,2
15668504,Lucchesi,770,France,Male,36,2,89800.14,1
15687491,Nkemdilim,817,Germany,Male,45,9,101207.75,1
15610403,Anderson,659,France,Male,43,1,106086.42,2
15741094,Sagese,693,France,Male,21,1,0.0,2
15807909,Rubensohn,744,France,Male,47,9,0.0,2
15666141,Baldwin,829,Spain,Female,26,8,101440.36,2
15617134,Iqbal,716,France,Male,38,4,0.0,2
15783029,Monaldo,671,France,Male,34,7,106603.74,2
15622833,Mahon,835,Germany,Female,29,10,130420.2,2
15746422,Muir,636,France,Female,38,1,0.0,1
15750839,Burns,649,Spain,Male,29,2,45022.23,1
15749130,Dyer,621,Germany,Male,27,1,74298.43,1
15779862,Lyons,658,Germany,Female,31,3,133003.03,1
15767871,Unknown,784,Spain,Male,48,7,0.0,2
15679651,Gardiner,783,Spain,Female,37,1,136689.66,1
15576219,Cameron,615,France,Male,32,4,0.0,2
15699247,Chapman,791,France,Female,44,5,0.0,2
15619087,Taylor,762,France,Male,53,1,102520.37,1
15605327,Namatjira,607,France,Male,35,2,0.0,2
15610140,He,601,France,Female,34,5,0.0,2
15791174,Leibius,540,Spain,Male,67,1,88382.01,1
15602373,White,812,France,Male,44,4,115049.15,2
15762605,Wall,685,France,Male,58,1,104796.54,1
15598840,Moretti,680,France,Male,33,1,123082.08,1
15744279,Patterson,680,Spain,Female,58,8,0.0,2
15670619,Coppin,631,France,Female,33,8,0.0,2
15599533,Tsao,569,France,Female,43,7,0.0,2
15757837,Kao,584,Germany,Male,33,3,88311.48,2
15697574,Stewart,582,France,Female,40,9,0.0,3
15578738,Tuan,609,France,Male,32,7,71872.19,1
15762228,Barnes,506,Spain,Male,35,6,110046.93,2
15614827,Sun,503,France,Male,42,8,104430.08,1
15789815,Fallaci,503,France,Female,28,5,0.0,2
15579781,Buccho,806,Germany,Male,31,10,138653.51,1
15587013,Tien,653,France,Female,31,7,102575.04,1
15570932,Pirozzi,666,France,Male,43,7,137780.74,2
15794661,Liu,674,Spain,Male,32,2,0.0,2
15581654,Long,798,France,Male,32,7,0.0,2
15644296,Scott,740,France,Female,30,8,105209.54,1
15614420,Gerasimova,531,Germany,Female,32,0,109570.21,2
15609653,Ifeatu,614,Germany,Female,44,6,118715.86,1
15594577,De Luca,556,France,Male,35,10,0.0,2
15584114,Ogbonnaya,678,Germany,Female,43,2,153393.18,2
15673367,Humffray,587,Germany,Male,33,6,132603.36,1
15685576,Degtyaryov,527,Spain,Female,36,6,0.0,2
15774727,Monaldo,757,Germany,Female,34,1,129398.01,2
15694288,Cawthorne,468,Spain,Male,28,3,0.0,2
15603319,Graham,693,France,Male,29,2,151352.74,1
15759066,Carpenter,483,France,Female,44,5,136836.49,1
15814816,Kambinachi,466,France,Male,40,4,91592.06,1
15724402,Tyler,770,France,Female,30,8,0.0,2
15571059,Martin,734,France,Female,54,3,0.0,1
15674206,Walker,716,France,Female,22,8,0.0,2
15715160,Khan,439,France,Male,36,2,165536.28,2
15730448,Iroawuchi,538,Germany,Male,25,5,62482.95,1
15662067,Summers,743,France,Male,40,8,68155.59,1
15779581,Bottrill,734,Spain,Female,43,3,55853.33,2
15662901,Hu,656,France,Male,37,2,0.0,2
15689751,Jones,666,France,Female,31,2,79589.43,1
15667742,Vincent,627,Spain,Male,41,5,100880.76,1
15738448,Sanford,480,Germany,Female,25,3,174330.35,2
15680243,Brown,792,France,Male,19,7,143390.51,1
15745083,Lei,613,Germany,Male,59,8,91415.76,1
15708228,Toscani,476,Germany,Male,30,3,134366.42,1
15628523,Chien,539,France,Female,24,3,0.0,2
15708196,Uchenna,696,Spain,Male,60,8,88786.81,1
15735549,Lori,810,Germany,Male,35,3,96814.46,2
15809347,Fanucci,763,Germany,Male,32,9,160680.41,1
15660866,Chimaobim,640,France,Female,29,3,0.0,2
15766609,Jowers,655,France,Female,47,10,0.0,2
15654230,Miller,526,Germany,Male,31,5,145537.21,1
15794566,Kirsova,678,France,Female,28,4,0.0,2
15800890,T'ien,554,France,Female,45,6,0.0,2
15697424,Ku,597,Spain,Female,30,2,119370.11,1
15724536,Chin,560,Spain,Female,28,1,0.0,2
15735878,Law,850,Germany,Female,47,10,134381.52,1
15707596,Chung,546,Germany,Female,74,8,114888.74,2
15657163,Cockrum,623,Germany,Male,42,1,149332.48,2
15622478,Greaves,698,France,Female,40,7,105061.74,3
15779529,Grant,620,France,Male,32,7,0.0,2
15636023,O'Donnell,619,France,Female,40,10,0.0,1
15582066,Maclean,561,France,Male,21,4,0.0,1
15666675,Hsieh,753,France,Female,39,7,155062.8,1
15732987,Hs?,721,Spain,Male,43,3,88798.34,1
15789432,Mazzanti,451,France,Male,33,6,0.0,2
15663161,Chiu,680,Germany,Female,51,5,143139.87,1
15694879,Reeves,590,Spain,Female,23,7,0.0,2
15593715,Castiglione,634,Germany,Male,27,3,107027.52,1
15575002,Ferguson,676,France,Male,29,4,140720.93,1
15622171,Nnamdi,642,France,Male,30,8,80964.57,2
15795224,Wu,760,France,Male,39,6,178585.46,1
15685346,Chu,736,Spain,Female,26,4,135889.13,1
15691808,King,656,France,Male,43,7,134919.85,1
15721007,Charlton,776,Germany,Male,33,8,115130.34,1
15794253,Marsh,832,Spain,Female,34,6,138190.13,2
15694453,Walker,631,Germany,Male,37,9,131519.49,2
15813113,Chang,795,Spain,Female,56,5,0.0,1
15614187,Pottinger,648,Germany,Female,39,3,126935.98,2
15619407,Buckley,615,France,Male,39,4,133707.09,1
15646227,Folliero,682,France,Female,27,1,97893.2,1
15660541,Olisanugo,694,France,Male,34,5,127900.03,1
15753874,Kent,694,France,Male,37,10,143835.47,1
15617877,Jessop,607,France,Male,44,0,0.0,2
15772073,Hodge,664,France,Male,48,10,0.0,1
15701537,Ignatiev,756,France,Male,60,2,0.0,1
15736228,Chambers,645,France,Female,40,3,129596.77,1
15780572,Mansom,653,Spain,Male,30,4,0.0,2
15769596,Yen,710,Germany,Female,24,2,110407.44,2
15586996,Azikiwe,697,France,Female,76,7,0.0,2
15722061,Allen,619,Germany,Female,41,8,142015.76,2
15638003,Komarova,648,Spain,Male,55,1,81370.07,1
15775590,Mackay,482,Germany,Female,48,2,69329.47,1
15730688,Yu,548,France,Female,28,8,116755.5,2
15753102,Curtis,752,Spain,Male,44,6,83870.33,1
15810075,Fang,648,France,Female,39,6,130694.89,2
15723373,Page,643,Spain,Female,34,8,117451.47,1
15795298,Olisaemeka,573,Germany,Female,35,9,206868.78,2
15584320,Brennan,686,France,Female,39,3,111695.62,1
15724161,Sutton,644,France,Female,40,9,137285.26,4
15750056,Hyde,702,France,Female,29,6,149218.39,1
15609637,Nkemakolam,652,France,Male,51,7,0.0,2
15794493,Chimaijem,641,Spain,Male,32,7,0.0,2
15569641,Sung,692,Germany,Female,41,8,130701.29,1
15815236,Chiganu,574,Spain,Male,34,5,0.0,2
15811177,Beneventi,643,France,Female,31,3,167949.48,1
15680587,Esposito,834,France,Male,23,4,131254.81,1
15672821,Owen,591,France,Male,28,5,0.0,2
15767681,Smalley,470,Spain,Male,34,9,0.0,2
15600379,Hsiung,608,Spain,Male,34,7,86656.13,1
15801336,Ch'ang,649,Germany,Female,37,8,114737.26,1
15721592,Barton,665,France,Female,38,5,0.0,2
15581282,Lucchese,651,France,Female,39,6,0.0,1
15746203,Hsia,555,Germany,Male,62,4,119817.33,1
15583137,Pope,637,France,Female,48,7,130806.99,2
15680752,Horrocks,675,France,Female,49,0,0.0,1
15688172,Tai,677,Spain,Male,40,5,0.0,2
15791373,Chikezie,850,Germany,Female,35,2,80931.75,1
15589449,Frye,815,France,Female,56,3,0.0,3
15692819,Toscani,665,Germany,Male,32,1,132178.67,1
15727467,Mellor,485,France,Female,27,3,0.0,2
15734312,Kang,577,Spain,Male,43,6,0.0,2
15764604,Sutherland,586,France,Female,35,7,164769.02,3
15613014,Hs?,722,Germany,Male,29,1,107233.85,2
15759684,Ting,528,France,Female,27,7,176227.07,2
15609669,Chuang,542,France,Female,39,4,109949.39,2
15685536,Chu,552,France,Female,34,5,0.0,2
15750447,Ozoemena,678,France,Female,60,10,117738.81,1
15663249,Howells,575,Spain,Female,37,9,133292.45,1
15638646,Lucchese,669,France,Female,43,1,160474.59,1
15734161,Nnonso,636,France,Male,43,6,0.0,2
15631070,Gerasimova,667,Germany,Male,55,9,154393.43,1
15761950,Woronoff,652,Germany,Female,45,9,110827.49,1
15649668,Wilhelm,637,Germany,Female,36,10,145750.45,2
15713912,Nebechukwu,516,Spain,Female,45,8,109044.3,1
15586757,Anenechukwu,801,France,Female,32,4,75170.54,1
15596522,Meredith,692,France,Female,42,2,0.0,2
15625395,Chinomso,585,France,Female,28,6,105795.9,1
15760570,Stephenson,590,France,Male,32,5,0.0,2
15566689,Chimaoke,554,Spain,Male,66,8,0.0,2
15725794,Winters,659,France,Female,49,1,0.0,1
15673539,Napolitani,690,France,Female,26,3,118097.87,1
15705298,L?,697,Germany,Male,29,0,172693.54,1
15675791,Williams,610,France,Male,36,4,129440.3,2
15747043,Giles,599,Spain,Male,36,4,0.0,2
15736397,Wang,544,France,Male,23,1,96471.2,1
15678201,Robertson,548,France,Female,46,1,0.0,1
15720745,Murray,635,Spain,Male,24,4,140197.18,1
15637593,Greco,722,France,Male,20,6,0.0,2
15598070,Marchesi,564,France,Female,33,4,135946.26,1
15787550,Chao,719,France,Male,69,3,0.0,2
15603942,Hawthorn,547,Germany,Male,50,3,81290.02,3
15733973,Bibi,850,France,Female,42,8,0.0,1
15596761,Hawdon,515,Germany,Male,60,9,113715.36,1
15652400,Moss,667,Spain,Male,56,2,168883.08,1
15717893,Briggs,607,Germany,Male,36,8,143421.74,1
15622585,McIntyre,525,France,Male,26,7,153644.39,1
15733964,Russo,606,Spain,Female,53,1,109330.06,1
15753861,Ballard,686,Germany,Female,27,1,115095.88,2
15747097,Hs?,611,France,Male,35,10,0.0,1
15594762,Pisani,827,Spain,Male,46,1,183276.32,1
15667417,Tao,572,France,Male,33,9,68193.72,1
15684861,Thomson,726,France,Female,32,8,0.0,2
15742204,Hsu,579,Germany,Male,31,6,139729.54,1
15623502,Morrison,598,Spain,Female,56,4,98365.33,1
15774872,Joslin,663,France,Male,36,10,0.0,2
15611191,Scott,505,Germany,Female,37,10,122453.97,2
15674331,Bidwill,576,Germany,Male,30,7,132174.41,2
15619465,Cameron,555,Spain,Female,24,2,0.0,2
15575247,Cartwright,524,France,Male,30,1,0.0,2
15695679,Yao,776,Spain,Male,39,2,104349.45,1
15713463,Tate,645,Germany,Female,41,2,138881.04,1
15785170,Neal,850,Germany,Female,32,0,116968.91,1
15796351,Yao,603,Germany,Male,35,1,105346.03,2
15639576,Burns,691,France,Male,26,9,136623.19,1
15693264,Onyinyechukwuka,583,France,Female,29,10,0.0,2
15589715,Fulks,584,France,Female,66,5,0.0,1
15769902,Christie,679,France,Female,33,6,0.0,2
15587177,Lloyd,646,France,Male,36,6,124445.52,1
15814553,Ball,559,France,Female,34,5,68999.66,2
15601550,Genovesi,595,Spain,Male,36,6,85768.42,1
15664907,Alexander,527,France,Male,47,1,0.0,1
15612465,Siciliano,684,Spain,Male,34,9,100628.0,2
15810800,Ositadimma,673,Spain,Female,32,0,0.0,1
15665760,Kazantsev,802,Spain,Male,38,7,0.0,2
15588080,Giles,675,France,Male,54,6,0.0,1
15776844,Hao,762,Spain,Female,19,6,0.0,2
15717560,Martin,580,France,Male,50,0,125647.36,1
15629739,Hartley,621,Germany,Female,31,8,100375.39,1
15729908,Allan,411,France,Female,36,10,0.0,1
15716781,Dolgorukova,815,France,Male,24,7,171922.72,1
15646936,Nnamdi,631,Germany,Female,32,2,146810.99,2
15768151,Romano,514,Germany,Female,45,3,109032.23,1
15579212,Chuang,638,France,Male,57,6,0.0,1
15721835,Owen,791,Spain,Male,25,7,0.0,1
15800515,Singh,516,France,Male,35,5,128653.59,1
15591279,Nwagugheuzo,734,France,Male,37,3,80387.81,1
15587419,Shipton,611,France,Male,58,8,0.0,2
15750335,Paterson,850,Germany,Male,43,0,108508.82,3
15699619,Rivas,641,France,Male,31,10,155978.17,1
15606472,Lung,585,France,Female,38,5,0.0,1
15778368,Allan,552,Germany,Male,50,4,121175.56,1
15671387,Fetherstonhaugh,507,France,Female,29,4,89349.47,2
15573926,Lung,735,Spain,Male,38,7,86131.71,2
15709183,Davidson,707,France,Female,58,3,102346.86,1
15577514,Mai,698,Germany,Female,36,7,121263.62,1
15778830,Dellucci,841,France,Male,31,2,0.0,2
15768072,Mitchell,688,Spain,Female,33,2,0.0,1
15768293,Sun,614,France,Male,51,3,0.0,2
15654456,Napolitano,511,Germany,Male,48,6,149726.08,1
15807525,Bailey,447,France,Male,43,2,0.0,2
15574372,Hoolan,738,France,Male,35,5,161274.05,2
15671249,Kent,422,France,Female,33,2,0.0,2
15779744,Chou,537,Spain,Male,30,1,103138.17,1
15624755,Pepper,707,Germany,Female,40,3,109628.44,1
15611430,Abramowitz,690,France,Male,54,5,0.0,1
15774744,Lord,664,Germany,Male,33,7,97286.16,2
15629885,Wilson,850,France,Female,33,7,118004.26,1
15708791,Abazu,584,Spain,Male,32,9,85534.83,1
15793890,Harriman,728,France,Female,59,4,0.0,1
15646091,Frankland,560,Spain,Female,43,4,95140.44,2
15596984,Pinto,629,France,Female,31,6,0.0,1
15800215,Kwemtochukwu,658,France,Male,25,3,0.0,2
15577806,Chiu,794,Germany,Female,54,1,75900.84,1
15749381,Yu,790,France,Female,41,2,126619.27,1
15683758,Onyekachukwu,640,France,Male,44,7,111833.47,1
15670615,Castiglione,652,Spain,Male,37,7,0.0,2
15715622,To Rot,583,France,Female,57,3,238387.56,1
15707634,Anenechukwu,775,France,Female,32,2,108698.96,2
15806901,Henderson,584,France,Female,39,2,112687.69,1
15775335,Ellis,635,Germany,Female,48,4,81556.89,2
15724150,Nkemdirim,814,France,Male,48,9,136596.85,1
15627220,Kang,735,Germany,Female,43,9,98807.45,1
15672330,Lear,678,France,Female,31,1,0.0,2
15668521,Jamieson,693,France,Male,37,1,0.0,2
15807837,Mazzanti,640,France,Female,30,6,107499.7,1
15592570,Marino,773,Spain,Female,23,8,0.0,2
15748589,Winter,736,France,Female,30,9,0.0,2
15635893,T'ien,693,France,Female,28,8,0.0,2
15757632,Hughes-Jones,496,France,Female,41,1,176024.05,2
15691863,Cody,751,France,Female,39,3,0.0,2
15706071,Hunt,528,Germany,Male,39,0,127631.62,1
15654296,Estrada,754,Spain,Female,19,9,0.0,1
15755018,Dickinson,568,Germany,Female,26,10,109819.16,2
15594041,Fanucci,592,Spain,Female,41,2,138734.94,1
15670587,Yang,558,Germany,Male,25,10,111363.1,2
15724527,Forbes,825,France,Male,34,9,0.0,2
15801904,Heard,677,Germany,Male,28,0,143988.0,2
15658195,Efremova,653,France,Male,34,5,118838.75,1
15630113,Morphett,593,Spain,Male,35,4,161637.75,1
15784320,Lenhardt,632,France,Female,44,3,133793.89,1
15676513,Burns,601,Germany,Male,35,8,71553.83,1
15574072,Ch'ien,786,France,Female,62,8,0.0,1
15633854,Sun,654,France,Female,40,3,0.0,2
15618566,Jamieson,572,France,Female,38,7,0.0,2
15733014,Nolan,813,France,Female,62,10,64667.95,2
15753343,Barry,523,France,Female,28,2,121164.11,1
15746076,Saunders,506,Spain,Male,50,3,0.0,2
15608226,McMorran,513,Spain,Male,72,3,98903.06,1
15605684,Phelan,664,France,Female,31,7,104158.84,1
15638988,Fu,684,France,Male,54,6,0.0,2
15628767,Hotchin,608,Spain,Female,63,3,139529.93,2
15737977,Aksyonov,527,France,Female,25,6,0.0,2
15758116,Rossi,666,France,Male,53,5,64646.7,1
15575119,Hughes,779,France,Male,71,3,0.0,2
15625126,Duncan,629,France,Female,40,6,0.0,2
15567114,McGarry,430,France,Male,35,1,118894.22,1
15672242,Aksenov,712,France,Male,24,2,0.0,1
15681327,Akhtar,682,France,Male,30,9,0.0,2
15802585,Pisani,634,France,Female,41,8,68213.99,1
15740630,Pisano,487,Spain,Female,31,1,0.0,2
15815420,McDaniels,808,Spain,Male,47,8,139196.0,1
15711468,Tennant,527,France,Female,32,7,0.0,2
15799626,Donaghy,637,Germany,Male,50,4,126345.55,1
15659325,Todd,802,Spain,Male,40,5,0.0,2
15651352,Tobenna,529,France,Female,38,2,0.0,1
15684925,Vicars,850,France,Female,43,3,0.0,2
15657439,Chao,738,France,Male,18,4,0.0,2
15574122,Tien,817,France,Male,34,5,129278.43,1
15720508,Hsing,735,France,Male,31,3,119558.35,1
15599078,Yang,619,Germany,Female,41,5,92467.58,1
15702300,Walker,671,France,Male,27,5,0.0,2
15660735,T'ang,581,Spain,Female,31,6,0.0,2
15671390,Chukwukere,690,Spain,Male,36,10,0.0,2
15647385,Ch'iu,579,Spain,Male,56,4,99340.83,1
15739223,Pai,688,Spain,Female,24,3,0.0,2
15631305,Franklin,599,Spain,Female,28,4,126833.79,2
15809263,Y?,729,Germany,Male,29,5,109676.52,1
15640866,Peng,718,France,Female,29,3,0.0,1
15775663,Otitodilichukwu,712,Germany,Male,53,6,134729.99,2
15631800,Pagnotto,474,France,Male,37,3,98431.37,1
15654292,Vessels,565,Germany,Male,33,8,130368.31,2
15648320,Heller,658,France,Female,31,7,123974.96,1
15726747,Donaldson,714,France,Male,63,4,138082.16,1
15694510,Ifeanyichukwu,725,France,Male,45,1,129855.32,1
15572291,Kao,825,France,Male,40,6,132308.22,1
15603465,Dunn,665,Germany,Female,45,5,155447.65,2
15685628,Calabresi,670,Spain,Male,35,2,124268.64,2
15792729,Holland,474,Germany,Female,34,9,176311.36,1
15767414,Calabresi,591,France,Male,40,2,99886.42,2
15568044,Butusov,508,France,Female,31,7,0.0,2
15751333,Atkinson,695,France,Female,36,2,0.0,2
15623062,Vasilyeva,660,Germany,Male,24,5,85089.3,1
15713621,Mollison,687,Germany,Male,41,10,134318.21,2
15670668,Webb,658,Germany,Male,29,5,75395.53,2
15750638,Obiajulu,705,Germany,Female,33,5,116765.7,1
15747878,Aiken,739,Spain,Male,60,4,0.0,1
15726796,Brabyn,844,France,Male,38,7,111501.66,1
15754952,Su,602,Germany,Female,48,7,76595.08,2
15652192,Traeger,759,France,Female,33,9,160541.36,2
15681924,Ekwueme,747,Germany,Male,38,2,129728.6,1
15763544,Thompson,673,France,Male,47,1,0.0,2
15764431,Chinwenma,671,Spain,Female,34,5,130929.02,4
15684010,Tuan,640,Germany,Female,74,2,116800.25,1
15648881,Tsai,581,Germany,Male,40,0,101016.53,1
15733303,Liu,630,France,Male,67,5,0.0,2
15643294,Robinson,703,France,Female,33,8,190566.65,1
15749905,Carr,698,Spain,Female,47,6,0.0,1
15625175,Palerma,742,Germany,Female,43,6,97067.69,1
15643967,Chineze,652,France,Female,37,4,92208.54,1
15578251,Fang,644,France,Male,37,2,186347.97,2
15772573,Simpson,735,Spain,Male,55,2,103176.62,1
15733234,Moretti,777,France,Female,58,4,0.0,1
15721582,Hale,644,Germany,Female,40,4,77270.08,2
15628219,Benson,665,Germany,Female,37,3,111911.63,1
15571302,Estep,529,Germany,Male,72,5,94216.05,1
15637178,Mishina,803,Spain,Female,45,7,0.0,2
15601184,Abramovich,604,Spain,Female,26,3,0.0,2
15629511,Lavrentiev,738,France,Male,49,6,106770.82,1
15570629,Alexeyeva,655,Germany,Female,72,5,138089.97,2
15665766,T'ang,698,Germany,Male,39,9,133191.19,2
15693732,Kilgour,775,France,Female,66,9,0.0,2
15765982,Chin,735,France,Male,41,7,74135.85,1
15582016,Fiorentini,766,Spain,Male,41,6,99208.46,2
15798024,Lori,537,Germany,Male,84,8,92242.34,1
15588622,Marchesi,599,Germany,Male,25,7,108380.72,1
15724863,Sheppard,420,Spain,Female,55,4,91893.32,1
15618213,Nnanna,674,France,Female,32,7,85757.93,1
15780411,Norris,570,France,Female,46,3,0.0,2
15725429,Vincent,623,Germany,Male,33,8,96759.42,1
15600626,Bradley,710,France,Male,30,6,0.0,2
15668460,Bellucci,466,France,Male,29,6,0.0,2
15576263,Clements,759,France,Female,22,5,0.0,1
15720354,Knowles,581,France,Male,71,4,0.0,2
15691624,Chidiebere,820,France,Male,33,2,132150.26,2
15793196,Kelly,759,France,Male,41,9,0.0,2
15633352,Okwukwe,628,France,Female,31,6,175443.75,1
15750874,Onyemere,676,France,Male,31,3,78990.15,1
15588923,Murphy,591,France,Female,33,4,113743.37,1
15715745,Elliott,690,France,Female,26,5,157624.84,1
15611800,Loggia,624,France,Female,62,7,125163.62,2
15576928,Walsh,573,France,Female,23,2,0.0,1
15793693,Mahomed,694,France,Male,60,9,0.0,1
15581252,Dolgorukova,632,Spain,Female,29,7,80922.75,1
15797760,Bogdanov,632,France,Male,40,3,193354.86,2
15790564,She,832,Germany,Female,40,9,107648.94,2
15593736,Cook,598,Germany,Female,46,7,131769.04,1
15595937,Bruno,430,Germany,Male,36,1,138992.48,2
15815628,Moysey,711,France,Female,37,8,113899.92,1
15782802,Beneventi,582,Germany,Male,26,6,114450.32,1
15627412,Ferri,605,France,Male,39,3,0.0,2
15734609,Skinner,657,France,Female,37,2,0.0,2
15710689,Angel,578,Spain,Male,40,6,63609.92,1
15565806,Toosey,532,France,Male,38,9,0.0,2
15815530,Chin,612,France,Female,42,10,75497.51,1
15632272,Lung,792,France,Female,42,2,0.0,2
15684103,Mellor,674,France,Female,26,10,0.0,2
15654519,Hassall,680,France,Male,31,1,0.0,2
15767722,Richardson,593,France,Female,39,0,117704.73,1
15654346,Poninski,679,Germany,Male,35,1,130463.55,2
15660147,Dore,493,Spain,Male,32,8,46161.18,1
15814998,Bonham,688,Spain,Male,42,5,0.0,2
15802207,Ibezimako,769,Germany,Male,43,4,110182.54,2
15658668,Hunter,581,Spain,Male,49,10,0.0,2
15715079,Bold,465,France,Male,41,9,117221.15,1
15570360,Wan,641,France,Female,35,4,0.0,2
15674678,Bradley,731,Germany,Female,43,9,79120.27,1
15780925,Tretyakova,625,France,Male,37,1,177069.24,2
15688193,Graham,468,France,Male,36,3,61636.97,1
15778219,Izmailov,790,France,Male,26,5,0.0,1
15696514,Calabrese,587,Germany,Female,37,6,104414.03,1
15712303,Valentin,692,France,Male,66,4,159732.02,1
15719090,Osonduagwuike,676,Germany,Female,34,4,89437.03,1
15735632,Williamson,571,France,Male,41,8,0.0,1
15619436,Pan,700,France,Female,32,3,0.0,1
15722404,Carpenter,445,France,Female,30,3,0.0,2
15662063,McIver,746,France,Male,36,7,142400.77,1
15745605,Trevisan,722,France,Female,47,2,88011.4,1
15636658,Rozhkova,596,France,Male,36,2,0.0,2
15784130,He,850,Germany,Female,30,8,154870.28,1
15606755,Moretti,597,Spain,Female,46,4,0.0,2
15801699,Fishbourne,436,Spain,Male,43,5,0.0,2
15784097,Gibson,660,Germany,Male,28,1,118402.25,2
15764654,Zikoranachidimma,649,France,Male,37,9,87374.88,2
15612092,Palmer,646,Germany,Male,32,8,105397.8,1
15610903,Chukwueloka,560,Spain,Female,31,5,125341.69,1
15705777,Real,710,Germany,Male,49,10,129164.88,1
15661936,Chikelu,513,France,Male,40,3,141004.46,1
15700864,Fiorentini,607,France,Female,21,0,0.0,2
15722965,Yefimova,757,France,Male,57,3,89079.41,1
15737521,Ball,619,Germany,Male,40,9,103604.31,2
15814465,Ch'in,612,France,Male,24,1,182705.05,1
15580988,Odell,842,France,Male,29,8,0.0,2
15789974,Enemuo,713,France,Male,33,6,94598.48,1
15713370,Hunter,657,Spain,Male,36,8,188241.05,2
15748673,Nepean,770,France,Female,37,9,0.0,2
15754919,Nwebube,773,France,Female,40,10,0.0,2
15641662,Enticknap,470,Germany,Male,39,5,117469.91,2
15813422,Lu,781,Spain,Male,35,4,80790.74,1
15713596,Ugochukwu,428,France,Female,62,1,107735.93,1
15791216,Mann,600,Germany,Male,43,8,133379.41,1
15689031,Murphy,697,Spain,Female,37,7,168066.87,1
15763704,Docherty,692,Germany,Female,43,2,69014.49,2
15631339,Adams,791,France,Male,28,4,0.0,1
15771509,Hirst,538,Germany,Female,42,1,98548.62,2
15769586,Horan,820,France,Female,49,1,0.0,2
15656096,Cumbrae-Stewart,679,Spain,Female,26,3,76554.06,1
15585280,Kinney,649,France,Female,36,2,0.0,2
15743582,T'ang,632,France,Female,27,3,107375.82,1
15761692,Muir,594,France,Male,40,9,122417.17,2
15627840,Toscano,682,France,Female,42,0,0.0,1
15778861,Wallace,720,Spain,Male,33,6,97188.62,1
15770554,Fraser,769,France,Male,31,4,61297.05,2
15806956,Iqbal,746,Spain,Male,30,1,112666.67,1
15701908,Nina,623,Spain,Female,40,7,0.0,1
15736990,Chuang,537,France,Male,28,3,157842.07,1
15743714,Ch'ien,468,France,Male,46,7,91443.75,1
15807993,Bruno,588,Germany,Female,30,0,110148.49,1
15644686,Kennedy,729,Spain,Female,34,9,53299.96,2
15677377,Lawrence,543,Spain,Male,37,3,0.0,2
15626412,Mort,499,Spain,Male,39,6,0.0,2
15643679,Goliwe,784,Germany,Male,28,2,70233.74,2
15728456,Martinez,604,France,Male,33,3,0.0,1
15630661,Vasilyev,614,Spain,Female,25,10,75212.28,1
15734044,Black,671,France,Female,31,7,41299.03,1
15705001,Napolitani,587,Spain,Female,35,3,83286.56,1
15809817,Ch'en,593,Spain,Male,43,10,0.0,2
15809137,Sagese,453,France,Male,29,6,0.0,1
15751593,Fraser,570,Germany,Male,35,6,85668.59,1
15626491,Hughes,655,France,Female,45,7,57327.04,1
15765461,Giles,632,Spain,Male,47,3,0.0,2
15568120,Lacross,681,France,Female,37,7,69609.85,1
15787161,Pisani,591,Germany,Male,46,4,129269.27,1
15812324,King,779,France,Male,27,1,0.0,2
15588944,Maughan,456,France,Female,63,1,165350.61,2
15694253,Palerma,686,France,Female,41,7,152105.57,2
15759566,Tochukwu,617,France,Male,74,10,0.0,2
15675675,Slate,850,France,Female,32,5,106290.64,1
15802060,Ch'ang,646,Germany,Female,30,10,100548.67,2
15660505,Romani,735,Germany,Male,46,2,106344.95,1
15782630,Genovese,543,France,Male,35,5,137482.19,1
15700710,Chiebuka,490,France,Female,37,3,116465.53,1
15742834,Liao,640,France,Male,45,1,0.0,1
15806511,Berry,445,Spain,Male,45,10,0.0,2
15608166,Fallaci,761,France,Male,36,9,127637.92,1
15614230,T'an,426,France,Female,34,3,0.0,2
15729958,Wilkinson,777,France,Male,37,1,0.0,1
15800814,Palerma,534,France,Male,35,2,81951.74,2
15674727,Lazarev,777,France,Female,42,5,147531.82,1
15657779,Boylan,806,Spain,Male,18,3,0.0,2
15801395,Warren,790,France,Female,33,10,135120.72,1
15757911,Trevisani,643,Spain,Female,32,2,0.0,1
15665340,Trevisano,584,Spain,Female,37,8,0.0,2
15787151,Liao,638,France,Female,34,7,0.0,2
15757821,Burgess,771,Spain,Male,18,1,0.0,2
15600688,Liston,600,France,Female,39,5,0.0,2
15594878,Thompson,661,Spain,Female,41,5,28082.95,1
15569248,Milanesi,554,France,Female,43,10,0.0,2
15812706,Mazure,627,Spain,Male,49,4,111087.5,1
15645045,Rudduck,659,France,Female,38,9,0.0,2
15766746,Darwin,835,France,Male,35,6,127120.07,1
15700383,Uvarova,763,France,Female,35,7,115651.6,2
15632551,Buccho,625,Germany,Male,31,4,77743.01,2
15795129,Gallo,799,France,Female,30,9,0.0,2
15650545,Tomlinson,849,France,Male,69,7,71996.09,1
15612769,Carr,692,France,Male,28,5,61581.97,1
15710853,Ts'ui,623,France,Female,24,5,0.0,2
15623712,Coates,453,Spain,Female,42,5,0.0,3
15653251,Hickey,408,France,Female,84,8,87873.39,1
15755077,Norton,778,Germany,Female,37,0,105617.73,2
15808557,Mancini,695,France,Female,42,5,0.0,1
15614687,Tien,677,Germany,Female,44,4,148770.61,2
15626882,Stobie,662,Spain,Male,37,5,94901.09,1
15748034,Drakeford,534,France,Male,29,7,174851.9,1
15632324,Pisani,602,France,Male,59,7,0.0,2
15761023,Murphy,554,Germany,Female,43,2,120847.11,1
15761453,Kovalev,667,France,Male,42,6,0.0,1
15646726,Crawford,672,France,Male,43,5,0.0,1
15637169,Maclean,838,Spain,Female,67,4,103267.8,1
15636024,Blackburn,692,Spain,Female,34,4,109699.08,1
15801218,Bermudez,675,France,Male,49,8,135133.39,1
15642655,Savage,731,Spain,Male,33,1,0.0,1
15690130,Wyatt,468,France,Female,32,8,137649.47,1
15653753,Chiemenam,542,Spain,Male,43,6,113567.94,1
15641359,Shao,662,Spain,Female,35,6,0.0,2
15776827,Langdon,770,Germany,Male,37,5,141547.26,2
15647725,Napolitano,675,France,Female,61,5,62055.17,3
15648455,Kung,647,Germany,Male,51,4,131156.76,1
15580629,Blackwood,604,France,Male,31,6,134837.58,1
15730161,Marcelo,833,France,Female,39,3,0.0,2
15626612,Yin,741,Spain,Male,40,4,104784.23,1
15662865,Storey,658,Spain,Male,36,1,0.0,2
15629094,Fomin,528,France,Female,36,1,156948.41,1
15651823,Nkemjika,590,France,Female,60,6,147751.75,1
15594827,Glasgow,675,France,Male,34,1,124619.33,2
15786392,Chen,765,France,Male,41,4,124182.21,1
15727353,Ch'ang,650,France,Female,64,7,142028.36,1
15733777,Evans,817,France,Male,44,8,0.0,1
15614302,Crotty,699,Germany,Female,31,10,125837.86,2
15723263,Cocci,495,Germany,Female,34,9,117160.32,1
15687270,Iroawuchi,491,Spain,Female,61,8,0.0,2
15803121,Chia,847,France,Male,51,5,97565.74,1
15598700,Hysell,676,Spain,Female,30,5,0.0,2
15741875,Williamson,746,Spain,Female,25,3,104833.79,1
15631709,Ginikanwa,470,Spain,Female,31,2,101675.22,2
15672970,Chigolum,714,Spain,Male,20,3,0.0,2
15761670,Morley,695,France,Female,50,8,0.0,1
15706005,Roberts,674,France,Male,46,2,174701.05,1
15790336,Tokareva,664,Germany,Male,36,6,71142.77,2
15754267,Fleming,697,Germany,Male,31,3,108805.42,2
15791988,Chinomso,670,France,Male,68,4,0.0,2
15683375,Compton,541,France,Female,32,4,0.0,1
15625151,Wan,640,France,Female,66,9,116037.76,1
15635285,Taylor,647,France,Male,28,8,0.0,2
15574296,Kambinachi,757,France,Male,23,2,80673.96,2
15711618,Chang,704,Germany,Female,39,1,124640.51,1
15670943,See,778,Germany,Male,31,9,182275.23,2
15634359,Dyer,639,Germany,Female,41,5,98635.77,1
15586629,Campbell,637,France,Male,33,5,0.0,2
15588461,Cremonesi,686,France,Male,35,4,0.0,1
15773221,Harris,577,Spain,Male,43,8,79757.21,1
15664227,Threatt,506,Germany,Male,28,8,53053.76,1
15741745,Lane,757,France,Male,28,7,120911.75,2
15652626,Grave,826,France,Male,55,4,115285.85,1
15599410,Stanley,721,France,Male,41,2,0.0,2
15571958,McIntosh,489,Spain,Male,40,3,221532.8,1
15785406,Watts,446,France,Female,51,4,105056.13,1
15687884,Alekseyeva,677,France,Male,37,3,88363.03,1
15621685,Davies,769,France,Male,29,2,123757.52,2
15628886,Matlock,677,Spain,Male,56,5,123959.97,1
15699325,Fedorova,555,Germany,Female,62,10,114822.64,1
15578369,Chiedozie,652,Germany,Female,37,9,145219.3,1
15654156,Marcelo,722,Germany,Female,32,5,106807.64,1
15707199,Cooper,643,France,Male,36,0,148159.71,1
15671630,McMillan,796,Germany,Female,40,1,99745.95,1
15632079,Hardy,720,Germany,Female,37,8,156282.79,1
15767921,Madukwe,613,France,Male,41,7,0.0,2
15573599,Adamson,506,France,Female,57,6,0.0,2
15747208,Watt,608,France,Male,50,6,0.0,1
15582762,Mazzanti,667,Spain,Male,77,2,0.0,1
15772528,Mishin,750,France,Female,47,7,121376.15,2
15755798,Feng,610,France,Male,33,4,111582.11,1
15788683,Kang,588,Germany,Female,34,10,129417.82,1
15616922,Kelly,479,France,Female,26,1,0.0,2
15771855,Yu,682,France,Male,37,5,0.0,2
15601873,Bull,677,France,Female,36,7,0.0,1
15657868,Serra,850,Germany,Male,40,6,94607.08,1
15711716,Ferguson,580,France,Female,56,1,131368.3,1
15734246,She,746,France,Female,21,8,166883.07,2
15792151,Hamilton,635,Spain,Female,37,3,0.0,2
15770159,Nnanna,664,Germany,Male,25,6,172812.72,2
15747649,Summerville,558,Germany,Female,36,0,126606.63,2
15639357,Allan,415,France,Male,46,9,134950.19,3
15738907,Tobenna,798,France,Female,60,6,96956.1,1
15663446,Volkova,792,Germany,Female,29,4,107601.79,1
15750867,Nucci,489,Germany,Female,46,8,92060.06,1
15715939,Wright,730,France,Male,33,0,0.0,2
15763806,Astorga,773,France,Male,41,4,0.0,2
15637993,Pokrovsky,711,France,Male,36,9,137688.71,1
15720338,Mazzanti,592,Spain,Male,55,8,85845.43,2
15627162,Blesing,695,Germany,Male,27,6,125552.96,1
15596710,Ku,640,France,Female,33,1,167298.42,1
15781678,Pisani,470,Spain,Male,31,4,55732.92,2
15634968,Hsueh,789,Germany,Female,37,6,110689.07,1
15609475,Ricci,604,Spain,Female,39,7,98544.11,1
15573319,Azubuike,493,Germany,Female,35,8,178317.6,1
15738291,Nevzorova,671,France,Female,48,8,115713.84,2
15782456,Odili,656,France,Male,46,9,143267.14,2
15794841,Kung,739,Spain,Male,19,5,89750.21,1
15684696,Lei,560,Spain,Female,26,3,116576.45,1
15629846,Sheehan,827,Germany,Female,47,8,143001.5,2
15674442,Kung,681,France,Male,23,7,157761.56,1
15571689,Kelechi,740,France,Female,37,5,0.0,2
15730469,Anenechi,663,Spain,Male,31,4,103430.11,2
15809320,McElhone,845,Spain,Female,52,0,0.0,1
15684367,Chigbogu,555,Spain,Male,27,5,0.0,2
15793049,Atkins,680,Germany,Female,48,8,115115.38,1
15603665,Colombo,638,Germany,Female,39,0,122501.28,2
15613623,Tilley,640,Spain,Male,62,3,0.0,1
15569572,Sopuluchi,778,France,Male,42,6,0.0,2
15698791,Udinesi,679,France,Male,45,3,146758.24,1
15626233,Onyekachi,593,France,Female,32,3,0.0,2
15607263,McCartney,788,France,Male,55,3,0.0,1
15610900,Thompson,770,France,Female,70,9,110738.89,1
15624775,Onyeoruru,729,France,Male,67,2,94203.8,1
15691703,Shih,545,France,Male,47,8,105792.49,1
15745355,Golibe,597,France,Male,41,4,153198.23,1
15724955,Lucchesi,537,France,Male,38,3,0.0,2
15628999,Townsend,732,France,Male,79,10,61811.23,1
15654341,Chao,542,France,Male,34,8,101116.06,1
15744240,Shen,688,Germany,Female,46,0,74458.25,1
15632365,Booth,542,Germany,Male,33,8,142871.27,2
15729689,Chan,754,Germany,Male,35,6,98585.94,2
15759284,Yeh,750,France,Female,37,6,0.0,1
15602124,Badgery,731,France,Male,30,7,0.0,2
15661903,Hsia,699,France,Female,43,3,80764.03,1
15664668,Zarate,534,France,Female,42,9,144801.97,1
15736431,Congreve,494,Spain,Male,27,2,0.0,2
15748639,Hayslett,497,Germany,Male,35,7,110053.62,2
15628123,Robinson,632,France,Female,28,5,118890.81,1
15602731,Wong,724,France,Male,31,5,0.0,1
15794137,Nevzorova,751,Germany,Female,37,0,151218.98,1
15748696,Page,733,France,Male,42,9,150507.21,1
15725068,Quinn,701,Spain,Female,21,9,0.0,2
15807340,O'Donnell,525,Germany,Male,33,4,131023.76,2
15586133,Pisano,666,Germany,Female,44,2,122314.5,1
15576185,Sinclair,653,France,Male,29,2,0.0,2
15660809,Loving,850,France,Male,28,4,0.0,2
15616666,Artemova,646,Germany,Female,52,6,111739.4,2
15706904,Robertson,750,France,Male,43,6,113882.31,1
15606915,Genovese,764,France,Male,24,7,98148.61,1
15749693,Ugonnatubelum,658,France,Female,32,9,0.0,2
15791743,Corbett,727,France,Male,32,1,59271.82,1
15796480,Reilly,687,France,Female,31,2,0.0,2
15790442,Wright,631,Spain,Male,33,2,0.0,2
15609458,Vincent,797,France,Male,30,10,69413.44,1
15593897,Carr,650,Spain,Male,25,7,160599.06,2
15604576,Eiland,850,Spain,Male,22,3,0.0,1
15666270,Omeokachie,676,France,Female,40,2,147803.48,1
15572626,Mackenzie,620,Spain,Male,44,8,0.0,2
15727197,Pinto,576,France,Female,52,9,170228.59,2
15714006,Gardener,482,France,Female,35,2,133111.73,1
15642137,Fang,695,Spain,Female,39,5,0.0,2
15665327,Cattaneo,706,France,Male,18,2,176139.5,2
15626806,Labrador,668,France,Female,32,2,0.0,2
15662578,Dettmann,679,Germany,Male,35,1,110245.13,1
15790829,Gibson,703,France,Female,45,5,0.0,2
15654959,Hope,670,Spain,Male,67,6,158719.57,1
15760244,Ives,590,France,Female,76,5,160979.68,1
15715394,Greece,613,Spain,Male,35,4,123557.65,2
15722246,Omeokachie,742,France,Female,60,4,0.0,1
15609704,Mao,608,France,Female,33,4,0.0,1
15757628,Savage,571,France,Male,40,10,112896.86,1
15633586,Brierly,595,France,Female,39,7,120962.13,1
15565796,Docherty,745,Germany,Male,48,10,96048.55,1
15717935,McDonald,589,France,Female,21,3,0.0,2
15577700,Rapuokwu,749,France,Male,37,10,185063.7,2
15747345,Bergamaschi,678,France,Female,22,6,118064.93,2
15678317,Manfrin,603,France,Male,46,2,0.0,2
15698335,Bergamaschi,504,France,Female,73,8,0.0,1
15768451,MacDonald,739,Germany,Male,40,5,149131.03,3
15753213,Lees,604,France,Female,34,7,0.0,2
15769645,Senior,612,France,Female,35,3,0.0,1
15657565,Nwokezuike,629,Spain,Female,44,6,125512.98,2
15620323,Ekwueme,652,Spain,Female,42,3,83492.07,2
15679983,Garmon,565,France,Male,34,7,0.0,1
15812616,Enyinnaya,707,France,Female,49,10,0.0,1
15601796,Chizuoke,645,France,Male,30,1,125739.26,1
15729489,Hyde,762,Germany,Female,34,8,98592.88,1
15613216,Cameron,639,Spain,Female,39,1,141789.15,1
15657937,Lord,709,Germany,Male,22,0,112949.71,1
15815428,Biryukova,823,France,Male,34,3,105057.33,1
15640409,Carpenter,817,Germany,Female,46,0,89087.89,1
15699492,Lorenzo,665,Germany,Female,27,2,147435.96,1
15623536,Madukwe,646,Germany,Male,39,0,154439.86,1
15707551,Hutcheon,568,France,Male,30,8,73054.37,2
15577999,Sleeman,850,France,Female,62,1,124678.35,1
15788775,Milne,473,Germany,Male,40,8,152576.25,2
15758362,Williamson,731,France,Female,41,9,152243.57,1
15807961,Bruno,619,France,Male,25,4,0.0,1
15710978,Palerma,715,Germany,Male,42,2,88120.97,2
15703541,Wang,772,Germany,Female,51,9,143930.92,1
15626474,Onyemere,686,France,Female,31,1,0.0,2
15608344,Dawson,749,Germany,Female,29,7,137059.05,3
15768367,Nebechukwu,781,France,Female,27,7,186558.55,1
15806210,Bateman,675,Spain,Male,66,5,115654.47,2
15697702,Lord,730,Spain,Male,29,2,0.0,2
15689152,Loggia,683,Spain,Male,38,3,126152.84,1
15568573,Graham,554,Germany,Female,51,7,105701.91,1
15689598,Dean,722,France,Male,46,6,0.0,1
15713374,Jarvis,689,Germany,Male,67,9,157094.78,1
15679733,Haugh,796,Germany,Male,40,2,113228.38,2
15759274,Micklem,447,France,Female,32,10,0.0,1
15607748,Bennett,498,Germany,Male,37,8,108432.88,2
15607577,Roberts,663,Spain,Male,27,8,0.0,1
15813697,Onyekaozulu,498,Germany,Female,44,2,120702.67,2
15801125,Kegley,627,France,Female,32,1,0.0,1
15777855,Manna,649,France,Male,45,7,0.0,2
15635396,Thompson,738,Germany,Female,29,9,139106.19,1
15698031,Romano,587,Germany,Female,39,6,101851.8,2
15678944,Brown,655,Germany,Female,32,6,130935.56,1
15718507,Su,647,Germany,Male,37,3,116509.99,1
15808334,Mackay,776,Germany,Female,37,1,93124.04,2
15804709,Watt,688,Germany,Male,35,5,111578.18,1
15645835,Milani,605,France,Male,32,9,0.0,2
15738166,Hsu,596,France,Female,39,10,86546.29,1
15675360,Valenzuela,427,France,Male,33,8,0.0,1
15793042,Sung,629,France,Male,39,2,129669.32,2
15630106,Lo,496,Spain,Male,29,2,0.0,2
15810385,Giordano,717,Spain,Female,36,2,164557.95,1
15578211,Connolly,777,France,Male,23,6,0.0,2
15572792,Bellucci,535,Spain,Male,35,8,118989.92,1
15620030,Jamieson,744,France,Male,29,1,0.0,1
15783541,Fomina,755,France,Male,31,5,0.0,2
15679284,Aksenov,593,Spain,Female,45,6,79259.75,1
15582910,Turnbull,514,France,Male,38,4,112230.38,1
15688337,Dixon,721,France,Male,40,9,118129.87,1
15734970,White,835,Spain,Male,38,7,86824.09,1
15759140,Long,682,France,Female,64,10,128306.7,1
15643042,Han,590,Germany,Female,40,2,117641.43,2
15773868,Belov,653,Germany,Female,37,3,125734.2,2
15615820,MacDonald,837,France,Male,49,8,103302.37,1
15730273,Parsons,841,France,Male,27,8,0.0,1
15724890,Cross,584,Spain,Male,36,4,82696.09,2
15765952,Milanesi,769,France,Male,29,4,145471.37,1
15685920,Lombardo,599,Spain,Male,34,2,101506.66,1
15663263,Collins,698,France,Male,47,5,156265.31,2
15568953,Alexeieva,477,France,Male,27,1,128554.98,1
15643361,Cullen,477,Germany,Male,34,8,139959.55,2
15699486,Johnson,745,Spain,Male,34,7,132944.53,1
15747854,Rudd,749,France,Female,35,3,0.0,3
15691785,Findlay,850,France,Male,61,1,0.0,1
15709004,Mai,528,Germany,Male,22,5,93547.23,2
15652218,Morrison,750,France,Male,33,2,152302.72,1
15697127,Monaldo,543,France,Female,31,2,147674.26,1
15658486,Gidney,579,Spain,Female,59,3,148021.12,1
15694160,Sagese,624,France,Male,37,0,0.0,2
15685290,Wall,595,Germany,Male,46,5,142360.62,2
15701042,Dalton,596,Germany,Female,27,2,151027.56,1
15680449,Hsing,431,Germany,Female,44,2,138843.7,1
15599860,Warner,647,Spain,Female,26,8,109958.15,1
15723169,Williams,640,France,Female,31,9,138857.59,1
15803842,Dunn,752,Germany,Female,45,3,105426.5,2
15728224,Kerr,710,Germany,Female,41,9,149155.53,2
15644174,Marchesi,638,Germany,Male,27,4,135096.05,1
15707110,Endrizzi,660,Germany,Male,28,2,170890.05,2
15765415,King,609,Spain,Female,45,4,89122.3,1
15756751,Griffiths,596,Spain,Female,54,0,78126.28,1
15795151,Hartzler,705,France,Female,38,3,123894.43,1
15632859,Chukwudi,444,France,Male,36,7,0.0,2
15584037,Denisov,727,Germany,Male,58,5,106913.43,1
15621409,Endrizzi,496,France,Male,32,4,127845.83,1
15581102,Baresi,554,France,Female,22,8,0.0,2
15578096,Nnachetam,537,France,Male,26,7,106397.75,1
15669887,Lambert,839,France,Female,51,3,0.0,1
15621834,Game,700,Spain,Female,43,0,0.0,2
15655341,Chinagorom,458,Spain,Female,35,5,166492.48,1
15685314,Noble,850,France,Female,28,2,0.0,2
15653997,Haynes,699,Spain,Male,31,6,114493.68,1
15629551,Cattaneo,615,Germany,Female,44,9,126104.98,2
15651264,Yobanna,850,Germany,Male,51,4,124425.99,1
15760825,Fraser,604,France,Female,40,1,0.0,2
15597394,Rhodes,668,Spain,Male,34,0,0.0,1
15740383,Jimenez,594,Spain,Female,38,10,0.0,2
15670562,Pharr,470,France,Male,30,3,101140.76,1
15698117,Jerger,701,Germany,Male,41,0,150844.94,1
15694805,McIntyre,664,Spain,Male,35,1,115024.5,1
15746802,Onio,477,France,Female,30,6,131286.46,1
15589428,Tomlinson,756,France,Female,42,9,0.0,2
15790267,Onuoha,625,France,Female,40,7,141267.67,1
15665402,Panicucci,703,Spain,Male,73,5,137761.55,1
15642093,Piccio,646,France,Male,30,7,0.0,2
15666181,Ramsden,650,France,Male,33,0,98064.97,1
15602554,Vorobyova,664,France,Female,31,9,114519.57,2
15724251,Todd,682,Germany,Female,29,6,101012.77,1
15740147,Cremonesi,725,France,Female,44,10,0.0,1
15718289,Bradley,553,Germany,Male,46,3,82291.1,1
15763148,Stanley,576,France,Male,39,9,84719.98,1
15685245,Jowett,608,Spain,Female,56,5,0.0,2
15626985,Yefremova,850,France,Female,39,0,104386.53,1
15585823,Wilson,627,France,Male,31,8,128131.73,1
15728167,Abramovich,667,France,Male,44,2,122806.95,1
15762928,Venables,548,Spain,Male,44,8,0.0,1
15751774,Monnier,774,France,Male,76,4,112510.89,1
15654733,Hsieh,794,Germany,Male,57,3,117056.46,1
15809777,Gadsden,497,Germany,Female,55,7,131778.66,1
15744200,Ni,587,France,Female,36,1,70784.27,1
15720713,Chibueze,850,France,Female,29,10,0.0,2
15695356,Chinwemma,722,France,Male,46,5,0.0,2
15653315,Kang,555,Spain,Female,35,1,0.0,2
15604792,Kuo,609,Germany,Male,38,6,140752.06,2
15704819,Ositadimma,734,Spain,Female,39,6,92126.26,2
15670859,Smith,718,Germany,Female,39,7,93148.74,2
15602797,Okwudilichukwu,645,Spain,Female,49,5,110132.55,3
15662533,Porter,598,Spain,Female,23,6,0.0,2
15778154,Kung,628,Germany,Male,50,4,122227.71,1
15806230,Trevisano,629,Germany,Male,40,2,121647.54,2
15662884,Naylor,739,Germany,Male,58,1,110597.76,1
15750778,Ponomarev,653,France,Female,60,2,120731.39,4
15717185,Udinese,711,France,Male,28,8,0.0,2
15677804,Aliyeva,783,Spain,Male,38,1,0.0,3
15568915,Bailey,681,France,Male,38,6,153722.47,1
15736495,Jackson,712,France,Male,34,8,114088.32,1
15737354,Yin,554,France,Female,48,7,0.0,2
15667889,Akobundu,611,France,Female,37,6,0.0,2
15577831,Byrne,560,Germany,Male,41,4,152532.3,1
15729836,Robinson,646,Spain,Male,32,1,0.0,2
15775293,Stephenson,680,France,Male,34,3,143292.95,1
15697597,Chiemenam,631,France,Male,26,1,149144.61,1
15639669,Forbes,746,France,Male,36,9,127157.04,1
15631392,Douglas,654,Germany,Male,43,9,84673.17,2
15580935,Okechukwu,687,Germany,Male,33,9,135962.4,2
15590344,Russell,708,Germany,Male,32,3,151691.44,2
15653306,Ermakova,679,Germany,Female,32,0,88335.05,1
15805025,Oster,636,France,Female,45,7,139859.23,1
15658449,Chizoba,695,France,Male,45,9,43134.65,1
15694450,Bianchi,677,France,Male,42,5,99580.13,1
15605666,Peyser,720,France,Female,34,6,110717.38,1
15615126,Cocci,780,France,Female,37,3,0.0,2
15726588,Seleznev,653,Spain,Female,36,3,0.0,2
15645095,Huang,674,France,Female,28,3,0.0,1
15808960,Alleyne,620,Germany,Male,40,5,108197.11,2
15729435,McKenzie,623,France,Male,40,6,0.0,2
15656840,Zikoranachukwudimma,547,France,Female,29,6,104450.86,1
15659149,King,530,France,Male,39,2,0.0,2
15585490,Nkemdilim,746,France,Female,34,4,0.0,1
15674929,Anderson,512,France,Female,31,7,0.0,2
15746341,Ejikemeifeuwa,630,France,Male,40,8,0.0,2
15662091,Adams,570,Spain,Male,21,7,116099.82,1
15620123,Christie,605,France,Male,39,6,111169.91,1
15616240,Yeh,530,Spain,Male,37,4,0.0,2
15624186,McGregor,813,Germany,Female,25,5,123616.43,1
15605036,Pisano,704,Spain,Female,37,9,155619.58,1
15805151,Ginikanwa,565,Germany,Male,31,2,89558.39,2
15753847,Hawkins,645,Spain,Male,45,4,0.0,1
15653222,Otutodilichukwu,526,Germany,Female,32,6,131938.92,2
15757541,Rickard,778,France,Female,33,9,151772.63,2
15726945,Andreev,677,France,Female,72,8,0.0,2
15794276,Steele,588,France,Female,64,3,0.0,1
15568328,Black,488,France,Female,22,6,0.0,2
15604355,Shand,519,France,Male,39,1,97700.02,1
15735788,Chiagoziem,709,France,Male,31,6,0.0,2
15618255,Fedorov,642,Germany,Female,56,6,103244.86,2
15720941,Tien,710,Germany,Male,34,8,147833.3,2
15769110,Stehle,653,France,Female,46,5,0.0,2
15576094,Sung,743,France,Male,71,0,0.0,2
15756150,Alexander,418,France,Female,39,2,0.0,2
15719579,McIntosh,670,Germany,Female,33,9,84521.48,2
15748854,Sung,723,Germany,Female,28,5,91938.31,1
15612455,Yao,549,Germany,Male,45,6,124240.93,1
15664802,Chinweuba,543,France,Female,42,5,0.0,2
15735687,Chinweuba,595,Spain,Male,37,2,157084.99,1
15664734,T'ao,673,Germany,Female,25,3,108244.82,2
15767894,Ch'ien,741,France,Female,21,9,0.0,2
15666884,Su,508,Germany,Female,41,5,82161.7,2
15750156,Yu,662,Germany,Male,59,2,104568.41,1
15751120,Loyau,752,France,Female,36,2,119912.46,1
15575748,Conti,809,France,Male,36,9,68881.59,2
15714610,Alexeeva,575,Spain,Male,30,2,0.0,2
15720305,Power,591,Spain,Female,40,1,86376.29,1
15678129,Hill,643,Spain,Female,45,9,150840.03,2
15566633,Freeman,698,Germany,Male,55,8,155059.1,2
15680436,Hsing,496,France,Female,29,4,0.0,2
15674343,Esposito,597,France,Male,44,8,78128.13,2
15658890,Belonwu,603,Germany,Male,46,4,98899.76,2
15599004,Tsao,655,Spain,Male,37,1,0.0,1
15726487,P'eng,431,France,Male,63,6,160982.89,1
15698716,Baker,620,France,Female,70,3,87926.24,2
15710527,Matthews,782,France,Female,35,4,0.0,1
15655590,Garcia,581,Spain,Male,46,2,79385.21,2
15732266,Field,553,Germany,Male,53,5,127997.83,1
15669326,Gordon,658,France,Male,44,2,168396.34,1
15672246,Jefferies,686,Germany,Male,43,2,134896.03,1
15620276,Palermo,539,Spain,Male,36,6,0.0,3
15640258,Chou,685,France,Female,50,6,94238.75,2
15740283,Ewing,850,France,Male,29,1,0.0,2
15759717,Mazzi,763,Spain,Female,39,7,0.0,2
15620268,Thomson,634,Germany,Male,43,3,212696.32,1
15743871,Nkemdirim,567,France,Male,59,3,0.0,2
15614491,Lockyer,539,France,Male,39,3,139153.68,2
15595047,Murray,764,France,Male,41,7,0.0,2
15732334,Black,653,France,Female,40,0,0.0,2
15701206,Torreggiani,566,Spain,Male,44,5,0.0,2
15581280,Atkinson,714,Germany,Male,29,6,92887.13,1
15651943,Richards,580,Spain,Female,65,1,0.0,2
15609545,Azubuike,548,France,Male,29,5,83442.98,1
15658548,Ignatiev,646,Germany,Female,36,6,144773.29,2
15626008,Miller,622,Germany,Female,52,9,111973.97,1
15774133,Cox,706,France,Female,35,8,178032.53,1
15763798,McMillan,680,France,Male,23,5,140007.19,1
15758013,Napolitano,698,France,Male,37,5,98400.61,2
15705765,Lane,581,Spain,Female,46,1,0.0,2
15648362,Kennedy,728,Germany,Male,45,3,108924.33,2
15761102,T'ao,707,Spain,Female,32,4,132835.56,1
15610165,Hsiung,761,France,Female,26,1,0.0,2
15723717,Heath,483,Germany,Male,41,1,118334.44,1
15654611,Parry,736,Germany,Female,25,9,81732.88,2
15659736,Herbert,716,Germany,Male,66,5,121411.9,1
15603170,Kang,654,France,Male,32,9,121455.65,1
15786167,Andreyeva,649,Spain,Male,20,5,0.0,2
15671915,Bowen,649,France,Male,46,5,0.0,2
15794792,Golubev,612,France,Female,31,8,117989.76,1
15652789,Hancock,657,Spain,Male,40,10,0.0,2
15739168,Fowler,511,France,Female,31,5,137411.29,1
15719950,Sutherland,682,France,Male,61,10,73688.2,1
15743818,Rowley,748,Spain,Male,58,9,122330.7,2
15717937,Gibbons,554,Germany,Male,43,5,99906.89,1
15602841,Lockett,794,Spain,Female,28,5,0.0,2
15619972,Akabueze,807,France,Female,47,9,167664.83,1
15796114,Phelps,594,France,Female,34,7,141525.55,1
15633546,Frederick,652,Spain,Female,33,3,124832.51,1
15758755,Beneventi,729,France,Female,34,9,132121.71,1
15695168,Bruce,625,France,Male,39,2,0.0,2
15754342,Green,597,Germany,Female,60,0,78539.84,1
15756610,Carlson,657,Germany,Female,38,5,123770.46,1
15640917,Tang,633,France,Male,43,5,0.0,2
15663164,Yudin,663,Germany,Male,49,7,116150.65,3
15616811,MacDonald,535,France,Male,47,0,160729.1,1
15610781,Watt,702,France,Female,29,10,88378.6,1
15600911,Mbadiwe,712,France,Male,33,2,182888.08,1
15629603,Chuang,607,France,Male,31,8,0.0,2
15714981,Sabbatini,476,France,Male,37,4,0.0,1
15775892,Caldwell,748,Spain,Female,23,8,85600.08,1
15782778,Ewers,815,France,Male,35,4,0.0,2
15786643,Tsao,602,France,Male,32,10,0.0,2
15595657,Hannam,649,Germany,Male,40,4,95001.33,1
15743673,Wood,551,Spain,Male,27,2,113873.22,1
15634310,Ko,509,France,Male,30,6,0.0,2
15790809,Lo Duca,685,Spain,Male,40,7,74896.92,1
15668695,Endrizzi,536,France,Female,22,5,89492.62,1
15669281,Ch'iu,711,Spain,Male,38,3,128718.78,1
15621031,Mofflin,761,Spain,Male,27,8,0.0,2
15720071,Fiorentini,535,France,Female,49,3,0.0,1
15792180,Chiekwugo,566,Germany,Male,22,7,144954.75,2
15813894,Bogle,620,Spain,Male,21,9,0.0,2
15669490,Ifeanacho,837,Germany,Male,37,6,94001.61,2
15783030,Owens,685,France,Female,40,7,0.0,1
15695792,Ch'ien,673,France,Male,65,0,0.0,1
15575676,Chung,638,France,Male,24,1,0.0,2
15627665,Sung,614,France,Male,46,4,0.0,1
15814092,Wang,626,France,Female,44,2,0.0,1
15695225,Sun,834,Spain,Male,38,8,0.0,2
15615091,Maitland,691,France,Male,24,6,0.0,2
15794345,Ma,706,Spain,Male,38,8,0.0,2
15726484,Pollard,633,France,Male,37,7,141546.35,1
15650442,Hsieh,644,Germany,Female,32,8,141528.88,1
15714256,Gerasimov,666,France,Male,30,7,109805.3,1
15778752,Johnson,708,France,Male,32,10,86614.06,2
15601659,Fiorentino,496,Germany,Female,59,7,91680.1,2
15602811,Chioke,730,Germany,Male,38,0,38848.19,2
15779414,Rossi,696,Spain,Male,40,3,153639.11,1
15763097,Siciliano,809,Spain,Male,80,8,0.0,2
15633666,Efremov,701,Spain,Female,33,7,123870.07,1
15718789,Brigstocke,604,France,Male,30,5,0.0,2
15690620,Olisaemeka,665,France,Male,39,10,46323.57,1
15737071,Tang,639,France,Female,60,5,162039.78,1
15665062,Lucchese,696,France,Male,19,1,110928.51,1
15600692,West,520,France,Male,38,5,0.0,2
15792064,Pai,545,Germany,Male,53,5,114421.55,1
15811486,Tang,634,Germany,Female,29,8,130036.21,2
15626141,Fedorov,750,France,Female,26,1,151510.17,2
15738546,Gboliwe,530,Spain,Female,41,4,0.0,2
15677052,Ko,589,France,Female,59,2,0.0,2
15656454,Le Gallienne,654,France,Male,37,6,83568.55,1
15645496,Seleznyova,648,France,Female,43,7,139972.18,1
15612505,Joseph,835,Spain,Male,45,3,100212.13,1
15708513,Bevan,446,France,Female,39,1,90217.07,1
15685654,Allan,514,Spain,Male,66,9,0.0,2
15732307,Lavrentiev,694,Germany,Male,33,4,124067.32,1
15726814,Walton,554,Spain,Male,46,4,0.0,2
15653776,Salier,720,Germany,Female,57,1,162082.31,4
15597914,Evdokimov,641,Germany,Female,51,2,117306.69,4
15631603,Ponomaryova,813,France,Male,32,1,122889.88,1
15789753,Millar,480,France,Male,40,6,148790.61,1
15678034,Grosse,811,France,Male,46,9,180226.24,1
15690209,Hsiao,715,Germany,Female,32,3,104857.19,2
15592091,Belbin,620,Spain,Male,31,2,166833.86,2
15647453,Ifeajuna,721,France,Male,42,4,102936.72,1
15697100,Wright,772,Germany,Female,48,6,108736.52,1
15811290,Komarova,680,Germany,Male,44,0,129974.79,2
15629187,Titheradge,535,France,Male,38,8,85982.07,1
15758073,Dellucci,655,France,Female,20,7,134397.61,1
15640769,Hobbs,660,France,Male,63,8,137841.53,1
15606641,Beggs,762,Germany,Male,56,10,100260.88,3
15718280,Luffman,662,Germany,Male,39,5,139822.11,2
15764335,Caldwell,463,Germany,Female,41,8,123151.51,2
15634218,Mancini,501,Germany,Male,27,4,95331.83,2
15808760,Evseev,603,Spain,Female,42,6,0.0,1
15648461,Hs?eh,688,Spain,Male,37,7,138162.41,2
15593555,Chinedum,430,France,Male,38,9,0.0,2
15569079,Hagins,632,Germany,Male,48,6,126066.26,1
15800736,Kirwan,601,Spain,Female,42,4,96763.89,1
15792607,Little,769,France,Female,38,2,0.0,2
15640034,Milligan,551,France,Male,42,2,139561.46,1
15807563,Ch'iu,841,France,Female,52,5,0.0,1
15684461,McKay,469,Spain,Female,31,6,0.0,1
15580134,Crawford,479,Spain,Male,27,2,172463.45,1
15679075,Onyemere,701,France,Male,37,8,107798.85,1
15742504,Azuka,593,France,Male,36,2,70181.48,2
15567328,Ch'en,738,Spain,Male,38,5,177997.07,1
15698294,Royster,635,Spain,Male,31,1,0.0,2
15607142,Parkin,658,France,Male,32,8,0.0,1
15738516,Kozlova,687,Spain,Female,36,5,0.0,1
15806403,Hu,650,France,Male,37,9,0.0,2
15656707,Ma,720,Spain,Male,21,2,123200.78,1
15653715,Coates,602,France,Female,63,7,0.0,2
15806184,Burns,618,Spain,Male,33,4,0.0,2
15585734,Gouger,803,Germany,Male,41,9,137742.9,2
15725639,Ignatyev,793,France,Female,63,9,116270.72,1
15618401,Douglas,616,Germany,Male,41,10,113220.2,2
15785385,Fiorentino,550,Spain,Male,51,5,0.0,2
15734762,Ignatiev,602,France,Female,56,3,115895.22,3
15767129,Munz,452,France,Female,60,6,121730.49,1
15797204,Paling,655,Spain,Female,28,3,113811.85,2
15769272,Clark,510,France,Female,26,6,136214.08,1
15771966,Akobundu,557,France,Male,39,8,146200.01,1
15691952,Fanucci,676,France,Male,37,10,106242.67,1
15593250,Hsiao,640,France,Female,29,4,0.0,2
15605333,Clancy,529,Spain,Male,31,6,0.0,1
15800083,Macdonald,559,France,Male,45,8,24043.45,1
15575691,Palerma,689,France,Female,58,5,0.0,2
15689886,Holden,626,Germany,Male,39,10,132287.92,3
15809838,Moore,697,Spain,Male,30,1,0.0,2
15736154,Gallo,823,France,Female,44,1,0.0,2
15767391,Otutodilinna,565,Germany,Female,32,4,90322.99,2
15704910,Rios,631,Spain,Male,23,3,0.0,2
15656613,McGregor,646,France,Female,34,3,131283.11,1
15611551,Hill,676,Spain,Male,48,1,131659.59,2
15732430,Unknown,850,Spain,Female,54,4,120952.74,1
15741865,Ferrari,810,France,Female,38,9,153166.17,1
15634143,Onyemauchechi,581,Spain,Male,30,0,53291.86,1
15609676,Nkemakonam,718,France,Female,35,2,167924.95,1
15761600,White,713,France,Male,43,5,86394.14,1
15676404,Kirillov,672,France,Female,50,1,0.0,1
15659236,Iadanza,781,Spain,Male,33,3,0.0,2
15690440,Stiles,656,Spain,Male,47,1,0.0,2
15694601,Ankudinov,583,France,Female,31,4,158978.79,1
15812262,Gaffney,808,Germany,Female,37,2,100431.84,1
15762821,Udinese,721,Spain,Male,33,5,0.0,2
15669301,Romani,778,Germany,Female,29,6,150358.97,1
15672640,Kambinachi,850,Spain,Female,45,4,114347.85,2
15750458,Hawkins,693,France,Female,39,4,0.0,2
15627251,Tsui,520,France,Male,34,4,134007.9,1
15764294,Ifeatu,759,Germany,Male,31,4,98899.91,1
15659962,McIntosh,637,France,Male,60,3,0.0,2
15788536,Armit,755,Germany,Male,40,2,137430.82,2
15596979,Fang,662,France,Female,47,6,0.0,2
15681220,Chou,503,France,Female,37,8,0.0,2
15635097,Okeke,599,Germany,Male,39,2,188976.89,2
15780779,Ramsbotham,583,Spain,Female,40,4,0.0,2
15798470,Scannell,764,Spain,Female,48,1,75990.97,1
15760880,Edman,513,France,Male,29,10,0.0,2
15616929,De Luca,730,Spain,Male,62,5,112181.08,1
15758775,Vasilyeva,820,Spain,Male,34,10,97208.46,1
15663386,Tuan,597,Spain,Female,26,7,0.0,2
15621267,Ejimofor,637,France,Male,32,5,0.0,1
15720509,Hs?,696,France,Male,34,9,150856.79,1
15693322,Shaver,635,Germany,Female,37,9,146748.07,1
15589544,Wallis,673,Spain,Female,57,4,0.0,2
15772030,Coupp,662,Spain,Male,33,3,0.0,2
15693337,Perry,683,Spain,Male,41,0,148863.17,1
15676571,Bezrukova,850,France,Male,55,6,0.0,1
15701392,Lucciano,815,Spain,Male,28,6,0.0,2
15741092,Ingram,671,Spain,Male,34,10,153360.02,1
15643865,Lo Duca,601,France,Female,40,3,92055.36,1
15769389,Wan,709,Germany,Female,39,9,124723.92,1
15807768,Cohn,702,Germany,Male,28,1,103033.83,1
15801630,Yen,558,France,Male,40,6,0.0,2
15705034,Peng,691,Spain,Male,40,1,0.0,2
15763107,Little,700,France,Female,30,9,0.0,1
15667085,Meng,667,France,Male,33,4,0.0,2
15647008,Adams,624,Germany,Male,54,3,116726.22,1
15584505,Hill,580,France,Female,23,5,113923.81,2
15748068,Boyle,571,Spain,Female,31,3,0.0,2
15663964,Pagnotto,561,France,Male,37,5,0.0,2
15782311,Feng,529,France,Male,28,9,0.0,2
15588197,Endrizzi,670,France,Male,36,7,0.0,2
15610105,Shen,666,Germany,Female,21,1,121827.43,2
15606133,Lay,628,Spain,Male,42,7,0.0,2
15599403,Wu,577,France,Male,60,10,125389.7,2
15648225,Shephard,652,Spain,Female,38,1,103895.31,1
15608406,Schmidt,678,France,Male,26,5,111128.04,1
15633378,Davidson,692,Spain,Female,49,9,0.0,2
15664759,Lamb,675,Spain,Male,32,10,0.0,2
15625545,Hussey,712,Spain,Male,52,9,0.0,1
15772148,Ferrari,639,Germany,Female,37,5,151242.48,1
15810829,Macfarlan,618,France,Male,48,7,0.0,1
15731669,Szabados,554,France,Male,39,2,129709.62,1
15738634,Yuan,533,France,Male,47,9,83347.25,1
15737571,Matveyev,540,Spain,Female,28,6,84121.04,1
15667602,Cheng,704,Spain,Male,33,3,0.0,2
15684147,Palerma,678,France,Male,43,5,102338.19,1
15789874,Wang,712,France,Female,29,3,87375.78,2
15757952,Teng,651,France,Male,44,2,0.0,3
15698732,K'ung,789,Germany,Male,51,3,104677.09,1
15714355,Sinclair,775,Germany,Male,32,8,121669.23,1
15599090,McKelvey,564,Germany,Male,40,7,108407.34,1
15762048,Yuan,841,Germany,Female,33,7,154969.79,2
15790596,Moran,850,Spain,Male,39,0,141829.67,1
15609623,McConnell,637,France,Female,63,5,0.0,1
15711901,Iheatu,500,France,Male,45,2,109162.82,1
15779809,Giordano,655,France,Male,44,8,87471.63,1
15729018,Alexander,666,France,Female,33,2,147229.65,1
15698246,Gordon,658,France,Female,24,2,0.0,2
15712409,Tang,749,Germany,Male,66,6,182532.23,2
15758306,T'an,654,France,Male,32,6,0.0,2
15621435,Davies,623,France,Female,39,1,160903.2,1
15566295,Sanders,761,France,Female,33,6,138053.79,2
15569098,Winifred,627,France,Male,44,6,153548.12,1
15662532,Holmes,757,Germany,Male,31,8,149085.9,2
15664001,Riddle,695,Germany,Female,53,8,95231.91,1
15703437,Chinedum,726,France,Male,34,3,0.0,2
15708003,Aleksandrova,587,Spain,Male,41,8,85109.21,1
15599452,Conti,605,Germany,Female,43,8,125338.8,2
15719793,Watson,850,Spain,Male,62,5,0.0,2
15771580,Davison,850,France,Female,38,0,106831.69,1
15732268,Cook,751,France,Male,29,3,159597.45,1
15722350,Udinesi,627,Germany,Female,37,7,147361.57,1
15611371,Siciliani,736,France,Male,43,4,176134.54,1
15673584,Bell,652,France,Female,74,5,0.0,2
15636396,Jackson,627,France,Female,35,7,0.0,2
15706170,Onyemere,636,France,Male,34,1,84055.43,1
15725478,McClemans,775,France,Male,60,7,0.0,2
15654562,Ma,850,Spain,Female,45,5,174088.3,4
15737509,Morrison,850,Spain,Male,34,8,199229.14,1
15690796,Chambers,516,France,Male,37,8,0.0,1
15716728,Basedow,513,Spain,Female,42,10,0.0,2
15605665,Nwora,673,Germany,Female,69,3,78833.15,2
15748481,Howey,564,France,Female,27,6,0.0,1
15757777,Pai,636,France,Female,35,2,0.0,2
15747808,Ni,712,France,Male,29,3,102540.61,1
15810593,Forbes,568,France,Male,51,4,0.0,3
15693376,Baryshnikov,741,Spain,Male,43,0,0.0,2
15579808,Kramer,754,Germany,Female,39,8,129401.87,1
15598275,Sochima,709,France,Female,32,7,0.0,2
15737080,Marchesi,510,France,Female,32,1,0.0,2
15668580,Todd,716,Spain,Male,33,2,0.0,2
15569438,Mai,607,Germany,Male,36,10,106702.94,2
15675842,Pinto,656,Spain,Male,26,4,139584.57,1
15577587,Reynolds,550,Germany,Male,52,5,121016.23,1
15625592,Sal,486,France,Male,26,2,0.0,2
15635141,Miller,598,Germany,Male,59,8,118210.42,2
15642570,Scott,675,Spain,Male,35,8,0.0,2
15702175,Herrin,755,France,Female,29,4,148654.84,2
15677785,Stevenson,656,Spain,Male,32,5,136963.12,1
15786153,McKenzie,644,Germany,Male,47,9,137774.11,2
15759499,Gardiner,598,France,Female,32,4,111156.52,1
15659568,Atkinson,850,Spain,Female,31,3,121237.65,1
15715597,Onyemauchechi,679,France,Male,36,1,97234.58,1
15610147,Ross,632,France,Male,60,2,0.0,2
15802362,Newland,550,Spain,Male,45,0,0.0,2
15660524,Hu,572,Germany,Female,54,9,97382.53,1
15747168,Sanders,626,Germany,Female,47,2,103108.8,1
15796910,Tsui,625,Spain,Female,57,7,0.0,1
15707674,Marino,515,France,Female,58,2,131852.81,1
15565706,Akobundu,612,Spain,Male,35,1,0.0,1
15587596,Morrison,628,Spain,Female,39,8,107553.33,1
15751943,Mai,529,Spain,Female,43,5,0.0,2
15621227,Hs?eh,668,Germany,Female,46,7,161806.09,1
15757588,Wright,526,France,Male,30,9,0.0,2
15640922,Demaine,791,France,Female,52,7,0.0,1
15567557,Chien,573,France,Male,27,2,128243.03,1
15670103,Dickinson,565,France,Female,38,5,126645.13,1
15720929,Kazantseva,604,France,Female,47,8,62094.71,3
15732774,Marchesi,656,France,Male,37,7,112291.34,1
15628558,Pan,447,France,Female,44,5,89188.83,1
15729201,Harewood,682,France,Male,55,9,0.0,1
15731117,Kao,437,Spain,Male,28,2,109161.25,1
15615207,Yeh,792,Spain,Male,47,0,0.0,1
15773512,Bischof,627,Spain,Female,25,4,0.0,1
15572145,Ashton,767,France,Female,34,8,0.0,2
15642710,Napolitani,686,France,Male,26,7,0.0,2
15574213,Wilson,789,France,Female,53,1,158271.74,1
15718852,Uren,794,France,Male,56,9,96951.21,1
15583840,Okechukwu,587,Germany,Male,35,5,121863.61,1
15782418,Ku,589,Germany,Female,19,9,83495.11,1
15813504,Onyemachukwu,543,Germany,Female,25,1,146566.01,1
15711314,Kao,589,Spain,Female,45,1,0.0,1
15621064,Russell,701,Germany,Male,23,5,186101.18,2
15627847,Woronoff,850,France,Male,40,6,0.0,1
15588090,Ferri,726,Germany,Female,51,8,107494.86,2
15735270,Ruggiero,767,Spain,Male,47,2,0.0,1
15671804,Wilding,648,Spain,Male,36,8,146943.38,2
15753215,Yashina,651,Spain,Female,36,8,0.0,2
15789941,Yevseyev,633,France,Female,36,6,125130.28,1
15691061,Rapuokwu,740,France,Female,37,9,0.0,2
15808326,Maslov,592,France,Female,34,9,0.0,2
15566660,Cole,670,France,Female,41,10,0.0,3
15778947,Sullivan,628,France,Male,36,3,0.0,2
15632977,Hsiao,745,France,Male,47,5,0.0,2
15591747,Rossi,705,France,Male,32,3,0.0,2
15567335,Allsop,559,France,Female,42,7,0.0,2
15609299,Chamberlain,595,France,Male,29,6,150685.79,1
15669945,Jackson,492,France,Male,35,4,141359.37,2
15736271,Dumetochukwu,498,France,Female,29,9,0.0,1
15710390,Uspensky,655,France,Female,39,6,94631.26,2
15756481,Garcia,636,France,Female,39,3,118336.14,1
15736730,Soto,634,France,Female,45,2,0.0,1
15626040,McDonald,793,Spain,Male,63,0,0.0,2
15746553,Castles,526,Germany,Male,50,5,124233.24,1
15622518,Stephenson,768,France,Female,26,5,51116.26,1
15684908,Davidson,540,Germany,Male,64,1,91869.69,1
15569446,Tu,732,France,Female,34,8,122338.43,2
15777504,Colbert,617,France,Female,30,8,0.0,1
15677906,Owens,637,Spain,Female,54,5,0.0,1
15703292,Chimezie,573,France,Male,26,8,86270.93,2
15712938,Genovese,531,France,Male,44,3,0.0,2
15631359,Daluchi,489,France,Female,38,5,117289.92,1
15720847,Sheffield,601,France,Male,35,2,0.0,2
15787830,Bailey,452,Germany,Male,33,7,153663.27,1
15599869,Dyson,728,Spain,Female,29,1,0.0,1
15592078,Davide,590,Germany,Female,27,8,123599.49,2
15596228,Uwaezuoke,490,France,Male,29,4,0.0,2
15578462,Hs?,596,Spain,Female,76,9,134208.25,1
15756894,Onwuka,635,France,Male,29,1,0.0,1
15796167,Flores,782,Germany,Male,35,7,98556.89,2
15664808,Nicoll,790,Spain,Female,37,3,0.0,3
15664555,Hughes,587,France,Male,40,2,0.0,4
15607278,Romano,794,Spain,Female,46,8,134593.79,1
15585222,Norman,515,France,Male,41,8,0.0,2
15750299,Davison,746,Spain,Male,24,10,68781.82,1
15761294,Manna,667,Germany,Female,56,8,137464.04,1
15810454,Reed,709,France,Male,32,4,147307.91,1
15673984,Daniels,536,France,Female,35,8,0.0,1
15609319,Hunt,711,France,Female,41,3,145754.91,1
15709941,Feng,753,France,Male,46,8,0.0,3
15580252,Waters,748,France,Male,44,4,112610.77,1
15741275,Yuan,623,France,Female,57,7,71481.79,2
15707132,Yudin,465,France,Male,33,5,0.0,2
15600708,Calabresi,640,Spain,Female,34,3,77826.8,1
15804787,Onyemauchechukwu,562,France,Male,75,5,87140.85,1
15690021,Martin,502,Germany,Female,42,0,132002.7,1
15763895,Hung,536,France,Male,32,7,178011.5,2
15623478,Maslova,670,Germany,Female,32,4,102954.68,2
15797910,Zetticci,775,Germany,Male,51,2,123783.25,1
15577751,Pisano,759,Germany,Male,30,4,101802.67,1
15781777,Sutherland,604,France,Male,33,3,148659.48,1
15740527,Lai,766,Germany,Female,62,7,142724.48,1
15721251,Watson,554,Spain,Female,41,4,112152.89,1
15602994,Gorbunov,487,France,Female,53,10,89550.85,1
15750769,Padovano,725,France,Male,35,7,75915.75,1
15740175,Raynor,732,Germany,Female,42,2,118889.66,2
15679968,Ting,623,France,Male,40,5,118788.57,1
15694404,Eberegbulam,781,France,Female,42,3,156555.54,1
15657529,Chin,714,Germany,Male,53,1,99141.86,1
15762882,Manna,577,Germany,Female,31,4,61211.18,1
15642579,Chang,731,Spain,Female,37,1,128932.4,1
15598884,Kent,650,Spain,Female,23,5,0.0,1
15770185,Buckley,779,France,Male,32,10,80728.15,1
15800287,Micco,706,Spain,Female,46,2,127660.46,2
15665861,Avdeev,733,Spain,Male,44,3,106070.89,1
15662203,Bremer,579,Germany,Female,42,3,137560.38,2
15616454,Davidson,476,Germany,Female,34,8,111905.43,1
15702788,Gadsdon,775,France,Male,40,9,126212.64,1
15778149,Connolly,538,Spain,Male,68,9,0.0,2
15680001,McDonald,602,France,Male,38,7,111835.94,2
15711991,Chiawuotu,615,France,Male,30,8,0.0,2
15633834,Milne,700,Germany,Female,28,3,99705.69,2
15765266,Fleming,615,France,Male,32,1,0.0,2
15791867,Hicks,544,Germany,Male,44,2,108895.93,1
15675380,Logan,573,Spain,Male,56,3,154669.77,1
15770576,Hammond,555,Spain,Male,50,7,128061.0,2
15775294,Weber,692,France,Female,31,2,0.0,2
15727059,Lettiere,476,France,Female,40,4,0.0,2
15702499,Schnaars,770,Spain,Male,46,9,190678.02,1
15611699,Tao,641,France,Female,40,7,0.0,1
15654000,Algarin,705,France,Female,35,5,0.0,1
15657881,Onyemere,784,France,Male,38,5,136712.91,1
15719991,Korovina,727,Spain,Female,52,1,154733.97,1
15720687,Chidubem,576,France,Female,41,4,112609.91,1
15687079,King,646,Spain,Male,69,10,115462.44,1
15582276,Greco,638,France,Male,34,5,133501.36,1
15763980,Beneventi,632,Germany,Male,30,1,58668.02,1
15720774,P'eng,850,Spain,Male,44,7,89118.26,1
15592194,Metcalf,492,France,Female,28,9,0.0,2
15803685,Greco,673,Germany,Female,77,10,76510.52,2
15759456,Lupton,609,Spain,Male,34,7,140694.78,2
15611544,Ibeamaka,701,Germany,Male,36,7,95448.32,2
15794257,Hsiung,651,France,Male,34,4,91562.99,1
15681697,Rueda,508,France,Male,31,8,72541.48,1
15579566,Li Fonti,616,Spain,Female,43,3,120867.18,1
15577970,Alexeeva,489,France,Male,34,5,0.0,1
15727489,Madueke,567,Spain,Female,45,1,157320.51,1
15764284,Torres,714,Spain,Male,27,3,0.0,3
15581811,Chukwubuikem,678,Germany,Female,30,1,139676.95,2
15622527,Holloway,581,France,Female,55,6,0.0,1
15753362,Evdokimov,748,Spain,Male,60,3,0.0,2
15666652,Anayolisa,781,France,Female,19,3,0.0,2
15789714,Semmens,691,Spain,Male,21,3,103000.94,1
15771543,Tu,507,Germany,Male,31,2,134237.07,1
15748327,Anderson,724,Germany,Male,34,6,118235.7,2
15754649,Fang,705,Spain,Female,57,3,0.0,2
15810460,Fanucci,708,Spain,Female,64,5,0.0,3
15771742,Boyle,580,Germany,Male,38,9,115442.19,2
15642160,Milanesi,850,France,Male,38,5,0.0,2
15798439,Davidson,714,Spain,Male,25,2,0.0,1
15605293,McKay,559,France,Female,43,1,0.0,2
15692631,Bogdanova,577,Spain,Female,44,8,115557.0,1
15665376,Lavrentiev,647,Germany,Female,35,3,166518.63,2
15772412,Corser,554,Spain,Male,30,6,135370.12,1
15654577,Alexeeva,549,Germany,Male,54,5,92877.33,1
15585427,Madueke,528,France,Female,26,10,102073.67,2
15584536,Barber,720,Germany,Male,46,3,97042.6,1
15585853,McCardle,743,Spain,Male,41,7,0.0,1
15645271,Radcliffe-Brown,615,Germany,Male,24,8,108528.07,2
15579387,Ni,635,Germany,Female,44,2,79064.85,2
15623107,Chukwumaobim,686,Spain,Male,45,3,74274.87,3
15754072,Dennis,840,Spain,Female,36,6,0.0,2
15666163,Hayward,695,France,Male,43,1,100421.1,1
15765192,Jones,564,France,Male,26,7,84006.88,2
15804822,L?,805,France,Female,31,4,0.0,2
15612893,Nelson,558,Spain,Male,45,4,0.0,1
15593636,Cardus,657,France,Female,39,4,80293.81,1
15693326,Whitehouse,641,France,Female,42,7,125437.14,2
15809901,Johnstone,755,France,Male,36,8,0.0,2
15759751,Tsui,483,France,Male,48,1,0.0,2
15605425,Chia,545,Germany,Female,44,2,127536.44,1
15801934,Su,678,France,Male,66,8,0.0,2
15592000,Calabresi,781,Germany,Female,48,9,82794.18,1
15618695,Ts'ui,571,Spain,Female,22,3,108117.1,1
15637110,McCulloch,634,Spain,Female,35,10,0.0,1
15727408,Koo,523,Germany,Male,27,8,61688.61,2
15716328,Miller,501,France,Female,40,2,0.0,2
15669060,Woolnough,662,France,Male,74,6,0.0,2
15675854,Douglas,573,Spain,Male,50,0,159304.07,1
15621116,Fang,648,Germany,Male,33,5,138664.24,1
15781495,Munro,662,France,Female,22,2,126362.57,2
15740470,Vinogradov,725,France,Male,39,4,160652.45,2
15714391,Lai,563,France,Female,35,2,183572.84,1
15730137,Udegbulam,628,France,Male,31,0,88421.81,1
15596455,Mao,546,Spain,Female,45,2,0.0,1
15717290,Onyekaozulu,688,Germany,Male,41,2,112871.19,2
15616555,Fu,850,Germany,Male,41,8,60880.68,1
15659820,Cross,614,France,Female,34,5,0.0,2
15696301,Snider,719,France,Female,37,9,101455.7,1
15771087,Harrison,757,France,Female,71,0,88084.13,2
15808831,Dale,669,France,Male,29,7,0.0,2
15812241,Udinese,438,Germany,Male,59,7,127197.14,1
15680370,DeRose,492,France,Male,39,7,0.0,2
15780561,Hay,622,France,Female,39,9,83456.79,2
15800784,Bruce,645,France,Male,42,4,98298.18,1
15715796,Romani,728,France,Male,37,0,0.0,2
15605375,Tseng,651,France,Male,35,2,86911.8,1
15621520,Tang,783,Germany,Female,42,2,139707.28,1
15665460,Isayeva,732,Spain,Female,67,1,0.0,2
15801152,Hill,553,Spain,Female,39,1,142876.98,2
15756425,Barnes,660,France,Male,30,7,146301.31,1
15674328,Moreno,670,France,Female,40,3,47364.45,1
15742404,McGregor,718,France,Male,38,7,0.0,2
15757140,Genovese,787,France,Male,51,0,58137.08,1
15570051,Gill,775,Germany,Female,38,6,179886.41,2
15669175,Ts'ai,479,Germany,Male,24,6,107637.97,2
15790324,Green,660,France,Female,20,6,167685.56,1
15691119,Martin,721,Germany,Male,68,4,136525.99,1
15743478,Johnson,659,Germany,Male,39,8,52106.33,2
15707007,Onio,743,France,Female,39,8,0.0,1
15572547,Vaguine,670,France,Female,45,9,104930.38,1
15567063,Manna,766,Germany,Female,34,6,106434.94,1
15689633,Toomey,845,Spain,Female,38,2,112803.92,1
15720637,Bell,710,Germany,Female,46,10,120530.34,1
15616859,Bonwick,602,Germany,Female,43,2,113641.49,4
15766166,Folliero,604,Spain,Male,43,2,145081.72,1
15617655,Holt,564,Spain,Female,35,9,0.0,2
15623450,Brown,637,Germany,Female,27,7,135842.89,1
15796612,Ch'ang,527,France,Female,31,1,112203.25,1
15795963,Fiorentini,687,France,Male,34,7,129895.19,1
15781598,Middleton,756,Germany,Male,41,6,149049.92,1
15691871,Millar,503,Germany,Male,42,9,153279.39,1
15740345,Osborne,657,Spain,Male,42,5,41473.33,1
15662626,Feng,666,France,Female,40,2,0.0,2
15596575,Vale,615,Germany,Male,39,5,113193.51,2
15657321,Arkwookerum,712,Germany,Male,27,8,113174.21,2
15575955,Lujan,764,France,Female,24,0,0.0,2
15743893,Alexeyeva,471,France,Male,42,3,164951.56,1
15697270,Gannon,608,Spain,Male,27,4,153325.1,1
15644356,Prokhorova,682,Spain,Female,47,10,134032.01,1
15677586,Romero,587,Germany,Female,32,3,125445.04,2
15571261,Toscani,714,Germany,Female,35,6,126077.43,2
15698758,Onwuamaegbu,630,Spain,Female,31,1,0.0,2
15787014,King,648,Germany,Female,28,8,90371.09,1
15739857,Trentino,785,France,Female,40,3,0.0,2
15774630,Peacock,601,Germany,Female,47,1,142802.02,1
15805523,Nnaife,717,France,Female,28,1,90537.16,1
15749557,Chao,707,France,Female,44,6,0.0,2
15681180,Barese,771,France,Female,23,7,156123.73,1
15742028,Udegbulam,602,France,Female,35,5,0.0,2
15686463,Fu,626,France,Male,38,7,141074.59,1
15654379,Onwuatuegwu,588,Spain,Male,59,4,0.0,2
15783629,Degtyaryov,616,Germany,Female,42,6,117899.95,2
15751193,Nnaemeka,621,Spain,Male,33,4,0.0,2
15724099,Udinese,674,France,Male,26,6,166257.96,1
15568429,Mitchell,633,Spain,Female,46,3,0.0,2
15648967,Ch'en,698,Germany,Female,64,1,169362.43,1
15664498,Golovanov,508,France,Male,26,7,205962.0,1
15779522,Efimov,736,France,Female,24,0,0.0,2
15583850,Davidson,672,Germany,Male,68,0,126061.51,2
15696539,Wade,613,France,Female,21,7,105627.95,1
15760121,Maynard,712,France,Male,32,9,100606.02,1
15628279,Murphy,624,France,Female,38,3,0.0,2
15766163,Zotova,676,France,Male,38,1,0.0,2
15566467,Hannah,683,Germany,Female,32,0,138171.1,2
15639049,Cartagena,489,France,Female,31,7,139395.08,1
15736413,Hall,739,France,Male,29,1,0.0,2
15634815,Hunt,701,France,Female,37,3,0.0,2
15716381,Greece,666,Germany,Female,50,7,109062.28,1
15708162,Thomson,565,Germany,Female,40,1,89994.71,2
15569364,Victor,666,France,Male,36,3,0.0,2
15791191,Mitchell,633,France,Male,59,2,103996.74,1
15621205,Olisaemeka,578,France,Male,34,4,175111.11,1
15704788,Krawczyk,812,Spain,Female,49,8,66079.45,2
15775756,Alexandrova,809,Germany,Male,33,8,148055.74,1
15641312,Paterson,615,France,Male,36,6,0.0,1
15782531,Chou,684,Spain,Female,31,8,0.0,2
15724428,Abel,544,France,Male,40,8,0.0,2
15743617,Chesnokova,713,Germany,Male,47,1,95994.98,1
15585839,Niu,633,France,Male,37,2,0.0,2
15658158,Sullivan,672,Germany,Female,23,10,110741.56,1
15637678,Ma,661,France,Male,35,5,0.0,1
15701809,Cavill,749,Spain,Female,28,3,0.0,1
15676937,Nicholls,635,Spain,Female,32,8,0.0,2
15778975,Nnonso,850,Germany,Female,70,1,96947.58,3
15710375,Gibson,641,France,Male,41,6,0.0,2
15579914,Garcia,633,Germany,Male,30,2,109786.82,2
15595160,Renwick,413,Spain,Male,35,2,0.0,2
15595391,Norris,538,France,Male,31,1,0.0,2
15630363,Nkemakonam,437,France,Female,39,0,102721.49,1
15692443,Piccio,612,Spain,Male,33,5,69478.57,1
15593795,Linton,516,Germany,Female,53,1,156674.2,1
15642824,Onyekaozulu,826,Spain,Female,56,8,174506.1,2
15683524,Tobenna,660,Germany,Female,23,6,166070.48,2
15713532,Wang,646,Germany,Female,29,4,105957.44,1
15719827,O'Donnell,767,France,Male,36,3,0.0,1
15578435,Langlands,640,France,Male,40,8,110340.68,1
15723028,Smith,778,France,Male,33,1,0.0,2
15595609,Sykes,679,Germany,Male,52,9,135870.01,2
15622443,Marshall,549,France,Male,31,4,0.0,2
15579112,Gibson,598,France,Male,47,2,0.0,2
15648479,Stephenson,655,France,Female,45,0,0.0,2
15659234,Y?,494,France,Male,30,3,85704.95,1
15811970,Kang,653,France,Female,42,1,0.0,2
15774192,Miller,539,Germany,Female,38,8,105435.74,1
15595136,Kryukov,645,France,Female,37,1,0.0,2
15630580,Y?,751,Germany,Male,34,9,108513.25,2
15660646,Fanucci,528,France,Male,35,3,156687.1,1
15614365,Lombardi,696,Germany,Male,31,3,150604.52,1
15776128,Hs?,716,France,Female,44,6,155114.9,1
15787035,Anderson,602,France,Female,35,8,0.0,2
15792646,Trentino,647,Spain,Female,64,1,91216.0,1
15726832,Donnelly,850,Germany,Male,61,3,141784.02,1
15773260,Tsou,590,France,Female,32,0,127763.24,1
15624437,Johnson,825,Spain,Female,32,1,0.0,2
15717138,Watson,850,Spain,Male,31,6,82613.56,2
15657317,Allan,789,France,Female,32,7,69423.52,1
15626948,Butcher,701,France,Female,42,6,86167.82,1
15758901,Henderson,713,Spain,Female,47,1,0.0,1
15777759,Boucaut,570,France,Male,30,2,131406.56,1
15773322,Obiajulu,536,Germany,Female,44,4,121898.82,1
15697318,Ifeatu,771,Germany,Male,32,9,77487.2,1
15678916,Kelly,512,France,Female,75,2,0.0,1
15632118,Pirozzi,698,Spain,Male,45,5,164450.94,1
15788118,Siciliano,656,France,Male,33,7,138705.02,2
15788930,Silva,761,Spain,Male,37,7,132730.17,1
15628583,Iweobiegbunam,709,France,Female,30,5,0.0,2
15635177,Williamson,597,Spain,Female,66,3,0.0,1
15587690,Madueke,592,France,Male,28,2,116498.22,1
15627630,Chiagoziem,599,France,Female,41,1,0.0,2
15610930,Kwemto,572,Germany,Female,35,1,139979.07,1
15657747,Zito,611,Germany,Female,43,9,127216.31,2
15568006,Ukaegbunam,634,France,Female,45,2,0.0,4
15751748,Trevisani,666,France,Male,51,2,148222.65,1
15722212,Edmondstone,696,France,Female,41,8,0.0,2
15658670,Chien,669,France,Female,38,8,0.0,2
15761654,Boni,726,Spain,Male,30,8,134152.29,1
15812210,Yashina,497,Germany,Female,32,8,111537.23,4
15787051,Georg,750,Spain,Female,39,7,119565.92,1
15642991,Tung,850,Spain,Female,29,7,0.0,2
15713769,Michelides,617,Spain,Male,38,7,0.0,1
15605826,Korovina,652,Germany,Male,46,10,121063.8,3
15648898,Chuang,560,Spain,Female,27,7,124995.98,1
15705309,Yuriev,629,Spain,Male,39,5,0.0,2
15734202,Chidimma,660,Germany,Female,52,4,86891.84,1
15658852,Stevens,676,France,Male,38,8,0.0,2
15612633,Kao,581,Spain,Male,43,9,78022.61,1
15604818,Edmund la Touche,798,France,Male,34,9,154495.79,1
15593900,Belousov,705,France,Male,38,1,189443.72,1
15624995,McCane,714,Spain,Female,31,6,152926.6,1
15570087,Parry-Okeden,664,France,Female,44,8,142989.69,1
15802617,Hudson,697,Germany,Male,43,7,115371.94,2
15656029,Marsden,609,France,Male,37,6,0.0,2
15739194,Manfrin,548,Spain,Male,38,0,178056.54,2
15607275,Ch'ang,850,Spain,Male,39,6,206014.94,2
15629475,Clark,656,France,Male,41,2,0.0,2
15635034,Aldrich,727,Germany,Male,37,9,101191.83,1
15756333,Khan,642,France,Female,55,7,0.0,2
15777436,Murray,710,Spain,Female,31,5,0.0,2
15676835,Anayolisa,710,Spain,Male,33,1,0.0,2
15574206,Shillito,718,France,Female,37,7,0.0,2
15613017,McMillan,586,Germany,Male,32,1,149814.54,1
15815131,Howells,617,Spain,Female,36,7,115617.24,1
15585455,Stewart,630,France,Male,28,9,0.0,2
15692929,Ikechukwu,791,Germany,Female,42,10,113657.41,2
15758081,Repina,673,Spain,Male,39,8,138160.0,1
15667476,Cox,477,Germany,Female,36,3,117700.86,1
15738248,Lo,662,France,Female,37,5,0.0,2
15672152,Grant,850,Germany,Male,37,9,122506.38,1
15673372,Stevenson,635,France,Female,58,1,0.0,1
15587611,Kauffmann,537,France,Male,59,9,0.0,2
15803415,Samsonova,579,France,Female,39,3,166501.17,2
15715673,Niu,651,Spain,Female,46,4,89743.05,1
15655648,Bock,610,France,Female,25,2,0.0,2
15763613,Barlow,581,France,Male,30,1,0.0,2
15660385,Stevenson,592,France,Male,39,7,0.0,2
15733261,Kung,688,Spain,Female,35,6,0.0,1
15796231,Nwankwo,681,France,Female,18,1,98894.39,1
15624866,Brewer,658,Germany,Male,37,3,168735.74,2
15623730,Ch'iu,792,France,Male,34,1,0.0,1
15668248,Quinn,528,Germany,Female,62,7,133201.17,1
15694518,Kodilinyechukwu,624,Spain,Female,36,0,0.0,2
15638028,Ifeanyichukwu,562,Germany,Male,31,4,127237.25,2
15795895,Yermakova,678,Germany,Male,36,1,117864.85,2
15694376,Sullivan,705,Germany,Female,64,3,153469.26,3
15669204,Grant,650,Germany,Male,23,4,93911.3,2
15773779,Jacka,593,Spain,Female,46,2,76597.79,1
15580682,Tsai,652,France,Female,40,4,79927.36,2
15768530,Emery,554,Spain,Female,27,4,0.0,2
15672875,Piccio,584,Germany,Male,32,8,40172.91,1
15617082,Sanders,516,France,Male,33,7,115195.58,1
15760514,Sharp,789,Germany,Female,43,9,116644.29,2
15761775,Myers,598,Germany,Male,20,8,180293.84,2
15799964,Campbell,669,Germany,Female,30,7,139872.81,1
15693906,Abbott,645,France,Female,24,3,34547.82,1
15739514,Preston,659,France,Female,32,9,0.0,2
15756926,Atherton,833,Germany,Male,29,1,96462.25,2
15770984,Fanucci,697,Spain,Female,40,7,130334.35,2
15703979,Evans,580,Germany,Male,39,3,119688.81,1
15801821,Cookson,691,France,Male,38,1,0.0,2
15711028,Nnachetam,534,France,Male,52,1,0.0,3
15791842,Johnstone,478,France,Female,32,6,71187.24,1
15746127,Hort,572,France,Female,47,2,0.0,2
15663625,Johnson,501,France,Male,37,4,0.0,2
15604891,Zaytseva,624,Spain,Female,38,8,0.0,2
15589666,Sorokina,595,France,Female,39,9,136422.41,1
15627881,Diehl,603,France,Male,30,8,0.0,2
15664895,Onuchukwu,602,France,Female,25,0,0.0,2
15676094,Osonduagwuike,500,France,Female,34,6,0.0,1
15761720,Mead,422,France,Male,41,6,153238.88,1
15611961,Stewart,615,France,Male,35,7,0.0,2
15680167,Thomson,635,France,Female,78,6,47536.4,1
15762543,Goliwe,711,France,Female,32,1,0.0,2
15658475,Lori,834,France,Male,36,8,142882.49,1
15779743,Onwuamaeze,633,France,Female,44,7,0.0,2
15661532,Butusov,650,France,Female,31,1,160566.11,2
15782360,Rogers,743,Germany,Male,65,2,131935.51,1
15767908,Nicholson,567,France,Male,38,6,127678.8,2
15677105,Rossi,706,Germany,Female,46,4,105214.58,1
15641474,Hall,638,France,Male,46,9,139859.54,1
15624451,Huddart,641,France,Female,38,3,0.0,2
15577985,Chinomso,574,France,Female,34,5,112324.45,2
15571666,Shaw,642,Germany,Male,30,8,134497.27,1
15783691,Hargreaves,722,Spain,Female,35,1,120171.58,1
15671172,Swain,623,France,Male,23,1,106012.2,2
15731760,Butcher,681,France,Male,25,5,0.0,1
15585599,Stone,530,France,Female,34,8,0.0,2
15784958,Allan,797,France,Female,55,10,0.0,4
15734524,Wang,653,France,Male,51,3,0.0,1
15614103,Colombo,850,Germany,Male,42,8,119839.69,1
15794895,McKay,581,Spain,Male,34,1,0.0,2
15772381,Brient,589,Germany,Male,38,8,92219.21,1
15710553,Yin,555,Germany,Male,48,3,142055.41,2
15649292,Bellucci,748,France,Female,49,7,29602.08,1
15792565,Duncan,745,France,Female,46,7,0.0,2
15718245,Pirozzi,730,France,Male,34,1,0.0,2
15703117,Findlay,565,France,Female,44,1,0.0,2
15758136,King,778,France,Male,37,3,141803.77,1
15799932,Iweobiegbunam,812,France,Male,24,10,0.0,2
15633516,Tucker,526,France,Male,42,1,0.0,1
15622532,Izmailova,708,France,Female,47,0,126589.12,2
15798960,Meng,680,France,Male,33,2,108393.35,1
15698664,Liang,567,Spain,Male,43,2,115643.58,2
15703614,Hutchinson,564,Spain,Male,48,5,132876.23,1
15699195,Shen,709,France,Female,24,3,110949.41,1
15710543,Okwuoma,629,France,Male,46,1,130666.2,1
15695499,Chinwemma,510,France,Female,45,10,103821.47,2
15622321,Golubova,506,France,Female,32,3,0.0,1
15715744,Schiavone,605,France,Male,39,7,0.0,1
15788151,Moore,650,Spain,Male,32,1,132187.73,2
15687153,Graham,850,Germany,Male,49,8,98649.55,1
15684958,Amadi,489,Germany,Male,38,2,126444.08,2
15706116,McKay,659,Germany,Female,30,8,154159.51,1
15740557,Fedorova,753,France,Female,43,5,0.0,2
15707291,Percy,477,Germany,Male,48,8,129250.0,2
15583353,Floyd,610,Spain,Female,45,3,0.0,1
15761024,Long,619,France,Female,33,2,167733.51,2
15630709,Castiglione,619,Germany,Female,31,2,56116.3,2
15639590,Melendez,758,France,Female,30,3,141581.08,1
15659399,Mazzi,516,Germany,Male,50,7,139675.07,2
15567078,Kovaleva,789,France,Female,27,8,66201.96,1
15696373,Gill,687,France,Female,44,9,0.0,2
15786617,Arcuri,485,Germany,Male,34,3,133658.24,1
15657449,Chukwuma,446,Germany,Male,25,3,136202.78,1
15672594,Stevenson,597,France,Female,60,0,131778.08,1
15714240,Ponomarev,712,Spain,Male,74,5,0.0,2
15782144,Gilroy,522,France,Female,34,3,0.0,2
15665008,Sidorov,805,Germany,Female,26,8,42712.87,2
15581733,Bates,781,France,Female,28,4,0.0,2
15751392,Fanucci,689,Spain,Female,57,4,0.0,2
15785815,Toscano,670,Germany,Male,31,1,142631.54,2
15664214,Hearn,670,France,Male,33,2,141204.65,2
15579996,Iroawuchi,524,Germany,Female,25,7,131402.21,1
15675252,Martin,734,Spain,Female,39,3,92636.96,2
15579617,Sinclair,489,France,Female,51,3,0.0,2
15593976,Swanson,578,Germany,Female,31,5,102088.68,4
15716041,Chinomso,622,Spain,Male,39,9,0.0,2
15654489,Fomin,843,France,Female,38,8,134887.53,1
15736302,McKay,687,France,Male,48,4,0.0,2
15805909,Bergamaschi,700,Spain,Male,28,8,159900.38,1
15572762,Matveyeva,410,Germany,Female,50,2,102278.79,2
15724632,Madukaego,537,France,Female,41,0,0.0,2
15670416,Ferri,780,France,Female,43,0,0.0,1
15749528,Achebe,652,Spain,Male,58,6,0.0,2
15578783,Mai,620,Germany,Male,35,0,76989.97,1
15580719,Davis,697,France,Female,23,10,0.0,2
15656293,Davey,786,France,Male,35,3,0.0,2
15691875,Tsou,850,Germany,Female,39,5,114491.82,1
15596870,Marino,749,Germany,Male,54,3,144768.94,1
15780770,Kerr,445,France,Male,31,7,145056.59,1
15751491,Hsiao,443,Germany,Male,50,3,117206.3,1
15706200,Graham,637,Germany,Male,41,2,138014.4,2
15808674,Ejikemeifeuwa,616,Germany,Female,45,6,128352.59,3
15641411,Volkova,756,France,Female,23,1,112568.31,1
15764661,Wang,644,France,Male,33,2,0.0,1
15689492,Benjamin,850,Germany,Male,41,1,176958.46,2
15602405,Ryrie,703,Germany,Female,38,9,99167.54,1
15610271,Andreev,684,Spain,Female,42,3,103210.27,1
15791780,Ts'ao,706,Germany,Female,48,10,104478.12,3
15589147,Frolov,580,Spain,Male,61,8,125921.37,1
15756975,Montemayor,777,Spain,Female,35,3,0.0,2
15729582,Fu,676,Germany,Male,48,3,80697.44,1
15742971,Whitehead,708,France,Female,44,2,161887.81,2
15568046,Izuchukwu,809,France,Male,24,7,109558.36,1
15694890,Lai,588,France,Male,38,1,124271.26,1
15736963,Herring,623,France,Male,43,1,0.0,2
15646490,Duffy,537,Spain,Male,42,1,190569.23,1
15607314,Chiefo,536,Spain,Male,53,2,143923.96,1
15576745,Fyodorov,769,France,Male,48,2,96542.16,2
15669606,Chu,690,France,Male,33,5,0.0,2
15737832,Robertson,771,Spain,Male,45,0,139825.56,1
15681990,Palmerston,497,Germany,Male,24,6,111769.14,2
15758050,Madukwe,622,Spain,Male,37,4,0.0,2
15787848,Chinedum,602,Spain,Male,30,9,113672.18,2
15713594,French,543,France,Female,32,7,147256.86,1
15588186,Polyakov,520,Spain,Male,45,7,107023.03,1
15786739,Clements,669,France,Male,37,1,125529.55,1
15699467,Connor,631,Spain,Female,41,0,0.0,1
15680706,Balashov,537,Germany,Male,48,4,131834.8,1
15645717,Avdeeva,732,France,Male,62,2,0.0,2
15748597,Chester,844,Spain,Male,56,5,99529.7,1
15773709,Hung,838,Spain,Male,35,0,0.0,2
15629787,Tu,652,France,Male,27,10,107303.72,2
15661007,Thompson,660,France,Male,33,0,72783.42,1
15686812,Jones,692,Spain,Female,44,8,0.0,1
15754113,Li,588,France,Female,35,0,0.0,2
15749489,Denisova,533,Germany,Female,22,10,115743.6,1
15574352,Clogstoun,850,France,Male,43,4,161256.53,1
15701281,Tan,511,France,Male,27,8,0.0,2
15811985,Power,530,Spain,Male,44,6,0.0,2
15713505,Harriman,554,France,Male,31,1,0.0,2
15685653,Benson,585,Germany,Female,40,3,162261.01,2
15758831,Thornton,754,France,Male,39,3,74896.33,1
15618774,White,474,France,Male,54,3,0.0,1
15764448,Mackenzie,837,Germany,Male,35,0,144037.6,1
15611024,Kalinina,567,France,Female,23,9,93522.2,1
15738220,Bennet,800,Spain,Male,38,1,0.0,2
15805764,Hallahan,646,France,Male,18,10,0.0,2
15580487,Martin,627,Germany,Male,38,8,106922.92,2
15675787,Rivera,505,France,Male,26,8,112972.57,1
15583580,Chiawuotu,566,Germany,Female,35,1,123042.0,1
15780654,Sergeyev,619,Germany,Female,33,3,100488.92,2
15695034,Christie,757,France,Female,44,4,123322.15,1
15805671,Louis,648,France,Male,32,0,0.0,1
15790658,Iqbal,621,Spain,Male,42,8,68683.68,1
15578648,Marino,543,Germany,Male,49,6,59532.18,1
15734987,Robertson,658,France,Female,43,7,140260.36,2
15721740,Pai,633,Germany,Male,50,7,88302.65,1
15641822,Barese,648,France,Female,19,1,0.0,2
15765650,Chigolum,501,Germany,Male,40,5,114655.58,1
15788556,Trouette,683,France,Female,42,4,148283.94,1
15576550,Ugochukwu,619,Spain,Female,38,1,0.0,1
15622230,Cribb,705,France,Female,35,3,0.0,2
15653937,McIntyre,638,Germany,Female,53,1,123916.67,1
15743538,Pickering,710,France,Female,31,1,0.0,2
15591740,Fletcher,590,France,Female,54,4,0.0,2
15650086,Uchenna,725,France,Male,43,2,165896.0,2
15718773,Pisano,638,France,Female,32,0,0.0,2
15615140,Corson,791,France,Male,36,6,111168.97,1
15644361,Hooper,702,France,Female,40,1,103549.24,1
15774536,He,607,France,Female,32,6,0.0,2
15618661,Chidubem,535,France,Male,30,6,103804.97,1
15605020,Schofield,651,France,Male,45,2,165901.59,2
15762134,Liang,506,Germany,Male,59,8,119152.1,2
15685279,Somadina,511,Spain,Female,57,8,122950.31,1
15582849,McIntosh,757,France,Female,51,1,0.0,1
15655410,Hinton,768,Germany,Male,49,1,133384.66,1
15649129,Sal,757,France,Male,32,9,0.0,2
15702380,De Luca,663,Spain,Male,64,6,0.0,2
15759067,Bromby,537,Germany,Female,37,7,158411.95,4
15683027,Chang,570,Germany,Male,29,4,122028.65,2
15597487,Hunter,850,France,Female,35,5,0.0,1
15763256,Sheppard,661,Germany,Female,64,8,128751.65,2
15620111,Fan,659,France,Male,54,8,133436.52,1
15623053,Muir,454,Spain,Male,40,2,123177.01,1
15595592,Lai,708,France,Female,59,2,0.0,1
15740072,Padovesi,720,France,Female,37,2,120328.88,2
15778005,Kemp,785,France,Female,39,1,130147.98,1
15583278,Greece,743,Spain,Female,36,8,92716.96,1
15601263,Young,493,Spain,Female,48,7,0.0,2
15709222,Chukwueloka,557,Spain,Male,34,3,0.0,1
15713949,Woods,850,France,Male,40,1,76914.21,1
15717706,Forbes,799,France,Female,32,3,106045.92,2
15756071,Kang,756,France,Male,34,1,103133.26,1
15696564,Nweke,752,France,Male,38,0,145974.79,2
15657637,Ts'ui,696,Spain,Female,36,3,0.0,3
15755863,Milano,630,Spain,Female,49,1,0.0,2
15719858,Chao,659,Spain,Female,38,9,0.0,2
15688876,Wan,685,Spain,Male,39,9,0.0,2
15698528,Napolitani,599,Spain,Female,31,3,0.0,1
15770345,Kovaleva,559,Spain,Female,31,1,139183.06,1
15761506,Russell,615,Spain,Male,19,5,0.0,2
15716619,Chiebuka,580,Germany,Female,36,3,74974.89,1
15788367,Ellis,487,Spain,Male,44,6,61691.45,1
15709451,Gordon,646,Germany,Female,35,1,121952.75,2
15640421,Conway,811,France,Female,35,7,0.0,1
15580068,Buccho,526,Spain,Male,35,5,0.0,2
15677123,Aksyonova,767,Spain,Male,37,7,0.0,2
15619801,Batty,548,France,Female,33,1,80107.83,2
15582246,Rowe,737,Spain,Female,45,2,0.0,2
15711843,Pisani,613,Germany,Male,40,1,147856.82,3
15680046,Onochie,711,Spain,Male,36,8,0.0,2
15804131,Farmer,850,Spain,Female,53,7,65407.16,2
15722611,Cameron,752,France,Female,53,8,114233.18,1
15729224,Jennings,710,France,Female,37,5,0.0,2
15811588,Eluemuno,664,Spain,Female,53,7,187602.18,1
15702138,Swift,510,France,Female,22,3,156834.34,1
15749799,Pisani,577,France,Female,34,2,0.0,2
15752885,Nnonso,529,France,Male,42,1,157498.9,1
15674932,Cameron,757,Spain,Female,44,9,0.0,2
15743828,Stevens,691,France,Male,41,2,0.0,1
15642022,Zito,621,Spain,Male,34,8,0.0,1
15746461,Taylor,709,Spain,Male,35,2,0.0,2
15809991,Ferrari,756,Spain,Male,19,4,130274.22,1
15787322,Yeh,788,France,Female,41,6,0.0,1
15575498,Gould,705,France,Female,39,5,149379.66,2
15691387,Agafonova,483,France,Male,29,9,0.0,1
15765457,Fowler,719,Spain,Male,35,1,100829.94,1
15666173,Chidumaga,793,Germany,Female,32,1,96408.98,1
15627377,Sabbatini,593,France,Male,41,6,0.0,2
15656683,Johnson,551,France,Male,52,1,0.0,1
15679810,Chapman,690,France,Male,39,6,0.0,2
15606310,Birk,823,France,Male,71,5,149105.08,1
15756871,Capon,512,Spain,Male,39,3,0.0,1
15610002,Chidubem,802,Spain,Male,41,5,0.0,2
15567802,Childs,450,Spain,Female,34,2,0.0,2
15745452,Sun,651,Germany,Male,41,1,90218.11,1
15617252,Lung,697,France,Female,33,1,87347.7,1
15753248,Tao,611,France,Male,28,2,0.0,2
15610755,Napolitano,643,France,Female,33,0,137811.75,1
15662238,Davis,822,France,Male,37,3,105563.0,1
15799186,Sagese,632,France,Male,38,4,0.0,2
15686941,Hutchinson,575,Spain,Female,26,7,0.0,2
15601172,Nelson,672,France,Male,31,6,91125.75,1
15723858,Schiavone,517,Spain,Male,39,3,0.0,2
15615896,Chienezie,621,Spain,Male,39,8,0.0,2
15737647,Obioma,775,Germany,Female,77,6,135120.56,1
15582841,Butusov,600,France,Male,29,8,0.0,2
15760090,Pisano,640,France,Male,28,7,0.0,2
15588587,Stetson,752,France,Female,36,1,86837.95,1
15683157,Waring,613,France,Male,26,4,100446.57,1
15694209,Fanucci,484,France,Female,32,3,0.0,2
15655875,Thao,511,France,Female,33,3,0.0,2
15805704,Murphy,745,France,Female,32,2,0.0,4
15744789,McConnell,786,Spain,Female,32,6,114512.59,1
15799357,Armfield,727,France,Male,35,5,136364.46,1
15726153,Fanucci,622,France,Male,31,5,106260.67,1
15713346,Panina,794,France,Male,24,10,146126.75,1
15665053,Nixon,636,Spain,Male,52,4,111284.53,1
15592379,Walker,741,Spain,Female,42,9,121056.63,2
15692599,Chiemela,687,France,Male,34,5,128270.56,1
15620758,Martel,660,Spain,Male,30,4,0.0,2
15637428,Briggs,660,France,Male,35,7,0.0,2
15808389,Iheatu,617,France,Female,79,7,0.0,1
15807003,Jennings,762,France,Male,32,10,191775.65,1
15702912,Ch'en,752,Spain,Female,35,2,0.0,1
15590623,Kovalyov,561,Spain,Male,34,4,85141.79,2
15728078,Yeh,609,France,Male,26,10,126392.18,1
15708256,Chien,803,France,Male,28,3,0.0,2
15582335,Brown,556,France,Female,40,9,129860.37,1
15649150,Buddicom,531,France,Female,53,5,127642.44,1
15691647,McGregor,411,France,Female,35,2,0.0,2
15668270,Thompson,587,Germany,Female,44,5,125584.17,2
15624820,Ross,683,Spain,Male,56,7,50911.21,3
15736254,Ch'ang,654,France,Male,29,2,91955.61,1
15720814,Warren,670,Germany,Female,36,2,84266.44,2
15642997,Uspenskaya,655,France,Female,36,2,147149.59,1
15693200,King,752,France,Female,36,7,0.0,2
15624596,Trentini,534,France,Female,23,5,104822.45,1
15807167,Konovalova,635,France,Male,42,1,146766.72,2
15660301,Dellucci,491,Germany,Male,70,6,148745.92,2
15593094,Goddard,516,France,Male,27,9,0.0,1
15618239,Neumann,530,France,Female,48,0,0.0,1
15574137,Ch'in,687,Spain,Male,35,3,0.0,2
15614740,Walters,684,France,Female,41,6,135203.81,2
15574071,Muravyova,706,Germany,Male,23,2,93301.97,2
15671148,Barry,490,Germany,Male,33,5,96341.0,2
15721921,Woolnough,796,France,Male,44,8,165326.2,1
15717995,Keen,849,France,Male,27,0,0.0,2
15632050,Liebe,779,France,Female,41,10,99786.2,1
15647111,White,794,Spain,Female,22,4,114440.24,1
15759991,Hunter,748,Spain,Male,36,4,141573.55,1
15790204,Myers,663,Spain,Female,22,9,0.0,1
15686780,Rogova,645,Spain,Female,55,1,133676.65,1
15640491,Raff,464,France,Female,33,10,147493.7,2
15783225,Cocci,737,France,Male,54,9,0.0,1
15734438,Kanayochukwu,590,France,Female,29,4,0.0,2
15688760,Obialo,522,Germany,Female,37,3,95022.57,1
15768124,Liu,648,France,Female,34,3,0.0,1
15661330,Gilbert,754,France,Male,37,6,0.0,1
15781272,Coles,669,France,Male,50,4,149713.61,3
15573888,Ponomaryov,648,Germany,Female,43,1,107963.38,1
15575858,Bergamaschi,763,France,Male,40,3,0.0,2
15645937,Guerin,790,Spain,Male,32,3,0.0,1
15702337,Sinclair,581,France,Male,37,7,0.0,2
15764537,Dominguez,703,France,Male,43,8,0.0,2
15619616,Costa,571,France,Female,33,9,102017.25,2
15585133,Wei,657,Spain,Female,27,8,0.0,2
15573971,Mills,737,France,Male,44,7,0.0,2
15579433,Pugh,793,Spain,Male,29,8,96674.55,2
15777045,Price,783,Spain,Female,44,3,81811.71,1
15611580,Wood,751,Spain,Male,33,4,79281.61,1
15614778,Robertson,579,France,Male,31,6,0.0,2
15771750,Sawtell,655,Germany,Female,36,10,122314.39,1
15593280,Yuryeva,614,Germany,Male,43,8,140733.74,1
15569274,Pisano,678,Germany,Male,49,2,116933.11,1
15654408,Kharitonova,562,Spain,Male,41,5,165445.04,2
15657468,Simmons,711,Germany,Female,53,5,123805.03,1
15614213,Muramats,620,France,Male,37,0,107548.94,1
15589869,Tang,437,France,Male,49,9,111634.29,2
15693205,Peng,691,Germany,Female,41,8,109153.96,3
15797113,Bevan,552,Spain,Female,34,4,0.0,2
15676958,Zito,765,Germany,Male,34,5,86055.17,2
15739592,Sokolov,707,Germany,Female,51,10,98438.23,1
15656263,Teng,764,Spain,Male,29,5,0.0,2
15636872,Amadi,585,France,Female,32,8,144705.87,2
15589435,Davide,784,France,Male,31,7,0.0,2
15640464,Parkes,605,France,Male,41,5,91612.91,1
15723851,Mazzanti,699,Spain,Male,40,2,0.0,1
15722122,Findlay,544,France,Female,40,7,0.0,1
15696852,Hsu,803,France,Female,32,9,192122.84,1
15634936,Chukwukadibia,735,France,Male,41,7,179904.0,1
15575935,Baxter,673,France,Male,59,0,178058.06,2
15634491,Kung,652,France,Male,30,2,176166.56,2
15628530,Booth,694,France,Male,42,3,156864.2,2
15678720,Evans,741,France,Female,44,7,0.0,2
15627999,Kung,590,Spain,Male,30,3,0.0,2
15571244,Tung,809,Spain,Female,33,3,0.0,2
15739931,Yuan,523,France,Male,34,2,161588.89,1
15806256,Jackson,540,France,Male,48,2,109349.29,1
15787258,Ross,596,Spain,Female,29,6,0.0,2
15706463,Yang,597,France,Female,36,9,0.0,2
15691004,Yu,407,Spain,Male,37,1,0.0,1
15792228,Onwumelu,748,France,Male,60,0,152335.7,1
15733447,Gay,562,France,Female,51,1,124662.54,1
15679062,Morrison,734,Germany,Female,47,10,91522.04,2
15594409,Belov,710,France,Male,45,1,0.0,2
15613816,Mao,539,Spain,Female,39,6,62052.28,1
15681991,Walsh,542,France,Male,32,7,107871.72,1
15796074,Bruno,717,France,Female,36,2,99472.76,2
15625941,Gray,682,Spain,Female,50,10,128039.01,1
15615016,Maurer,515,France,Male,33,2,0.0,2
15748414,Chiang,526,Spain,Female,33,8,114634.63,2
15751203,Cattaneo,702,France,Male,26,5,56738.47,2
15662658,Grieve,651,Germany,Male,34,2,90355.12,2
15574868,Lowell,792,Germany,Male,36,5,115725.24,2
15790282,Trentino,817,Germany,Male,58,3,114327.59,2
15762927,Sung,674,Germany,Female,36,6,100762.64,1
15803456,Yen,641,France,Female,40,9,0.0,1
15771857,Philipp,513,Spain,Male,39,7,89039.9,2
15700601,Dynon,561,France,Male,34,1,78829.53,1
15569670,Alexeyeva,627,Germany,Male,30,6,112372.96,1
15772341,Hs?eh,682,Germany,Male,81,6,122029.15,1
15661548,Ferri,683,France,Female,29,0,157829.12,1
15787597,Hsu,420,Germany,Female,31,1,108377.75,2
15806913,Bishop,670,France,Female,54,2,95507.12,1
15804862,Toscani,505,Germany,Male,43,6,127146.68,1
15792986,T'ao,580,Germany,Male,24,1,133811.78,1
15625632,Philip,577,France,Male,36,3,121092.47,2
15727703,Li Fonti,773,Germany,Male,34,10,126979.75,1
15606273,Rene,616,France,Male,37,5,144235.73,2
15799652,Daigle,763,France,Female,38,0,152582.2,2
15715047,Joshua,640,Spain,Male,43,9,172478.15,1
15784687,Simmons,592,France,Male,36,1,126477.42,1
15615322,Jamieson,528,Spain,Male,43,7,97473.87,2
15722072,Hou,630,France,Male,53,5,138053.67,1
15646784,Cochran,529,France,Female,31,2,164003.05,2
15644692,Bibb,546,France,Female,47,8,0.0,1
15670354,Jen,753,France,Female,62,6,0.0,2
15716357,Corran,772,Spain,Female,39,4,122486.11,2
15786717,He,567,France,Male,36,1,0.0,2
15771383,Loggia,628,Germany,Female,45,6,53667.44,1
15649793,Lovely,658,France,Male,20,7,0.0,2
15731543,Becker,679,Spain,Male,58,9,109327.65,1
15684516,Plascencia,629,Spain,Male,34,1,121151.05,1
15677249,Somadina,731,Spain,Male,42,9,101043.63,1
15581525,Walker,775,Germany,Male,33,3,83501.66,2
15628420,Alekseeva,660,Spain,Male,33,2,80462.24,1
15600478,Watson,752,France,Male,39,3,0.0,1
15594502,Zotov,655,France,Male,37,6,109093.41,2
15784361,Williamson,543,Spain,Female,46,5,140355.6,1
15767626,Carpenter,811,France,Male,42,10,0.0,2
15632521,Cattaneo,689,Germany,Male,45,0,130170.82,2
15665088,Gordon,531,France,Female,42,2,0.0,2
15652084,Boni,515,France,Male,40,0,109542.29,1
15574761,Lynch,466,France,Female,41,3,33563.95,2
15729515,McCarthy,782,France,Male,36,1,148795.17,2
15682070,Davies,611,France,Male,64,9,0.0,2
15743817,Hargreaves,621,Germany,Male,40,8,174126.75,3
15572158,Blackburn,604,Spain,Male,41,3,0.0,1
15584477,K?,655,Spain,Female,35,1,106405.03,1
15614893,Meng,689,Spain,Male,38,2,0.0,1
15665963,Cattaneo,681,Spain,Male,30,2,128393.29,1
15612524,Hunt,643,Germany,Male,41,2,127841.52,1
15596962,Owens,617,France,Female,24,4,137295.19,2
15744942,Steele,638,Spain,Female,55,2,155828.22,1
15573278,Kennedy,743,France,Male,39,6,0.0,2
15717056,Pan,828,Germany,Female,25,7,144351.86,1
15795881,Alexander,776,Spain,Male,35,8,106365.29,1
15758939,Bray,540,Germany,Male,35,7,127801.88,1
15792250,Nnabuife,616,Germany,Female,45,4,122793.96,1
15740406,Padovesi,628,Germany,Male,38,10,113525.84,1
15768137,Bray,667,Spain,Female,23,6,136100.69,2
15569120,Lucas,615,France,Male,30,7,0.0,2
15723721,Tinline,543,France,Male,30,4,140916.81,1
15777122,Esomchi,553,France,Female,31,4,0.0,2
15742681,Liao,554,Germany,Male,26,4,121365.39,1
15582090,Iroawuchi,684,Spain,Female,36,4,0.0,1
15711254,Retana,452,France,Female,35,7,0.0,2
15775067,Fang,606,France,Male,47,3,93578.68,2
15602851,Ozioma,629,France,Male,40,9,0.0,1
15802857,Robson,659,Spain,Female,33,8,115409.6,1
15701175,Bruno,493,France,Female,33,8,90791.69,1
15783019,Price,794,France,Female,62,9,123681.32,3
15728912,Swanson,554,France,Female,44,6,92436.86,1
15585580,Chang,796,Germany,Female,52,9,167194.36,1
15583480,Morgan,807,France,Female,36,4,0.0,2
15620341,Nwebube,500,Germany,Male,44,9,160838.13,2
15613886,Trevisan,722,Spain,Male,43,1,0.0,1
15792916,Ositadimma,559,Spain,Female,40,7,144470.77,1
15710408,Cunningham,584,Spain,Female,38,3,0.0,2
15598695,Fields,834,Germany,Female,68,9,130169.27,2
15649354,Johnston,754,Spain,Male,35,4,0.0,2
15737556,Vasilyev,590,France,Male,43,7,81076.8,2
15671610,Hooper,740,France,Male,36,7,0.0,1
15625092,Colombo,502,Germany,Female,57,3,101465.31,1
15741032,Tsao,733,France,Male,48,5,0.0,1
15750014,Chikere,755,Germany,Female,37,0,113865.23,2
15784761,Ballard,554,Spain,Female,46,7,87603.35,3
15768359,Akhtar,534,France,Male,36,4,120037.96,1
15805769,O'Loughlin,656,Spain,Male,33,4,0.0,2
15719508,Davis,575,Germany,Male,49,7,121205.15,4
15609011,Barry,480,Spain,Male,47,8,75408.33,1
15703106,K'ung,575,France,Male,40,5,0.0,2
15626795,Gorman,672,France,Female,40,3,0.0,1
15773731,John,758,Spain,Female,35,5,0.0,2
15756196,Tsou,682,France,Male,50,6,121818.84,2
15687903,Okonkwo,501,France,Female,29,8,0.0,2
15777599,Esposito,746,Germany,Male,34,6,141806.0,2
15754577,Boni,556,France,Female,51,8,61354.14,1
15584113,Pratt,823,Germany,Female,53,4,124954.94,1
15669589,Page,491,Germany,Female,68,1,95039.12,1
15632793,Wilkinson,638,France,Female,29,9,103417.74,1
15711130,Tseng,734,France,Male,45,2,0.0,2
15615254,Clark,555,France,Male,40,10,43028.77,1
15720583,Finch,745,Germany,Female,44,0,119638.21,1
15780432,Shen,728,France,Male,37,3,122689.51,2
15673223,Hou,626,France,Male,44,10,0.0,2
15807989,Wall,681,Germany,Male,37,8,73179.34,2
15761168,Manna,478,France,Female,38,4,171913.87,1
15651272,Reyes,709,France,Male,38,5,0.0,2
15812832,Jideofor,562,Germany,Male,33,8,92659.2,2
15680517,Sal,769,Germany,Female,34,7,137239.17,1
15750569,Iweobiegbunam,684,Germany,Female,46,3,102955.14,2
15690743,Shao,536,France,Female,61,8,65190.29,1
15627741,Heath,631,Germany,Female,29,2,96863.52,2
15712121,Chidimma,657,Spain,Male,34,5,154983.98,1
15805429,Murray,699,Germany,Male,59,3,106819.65,1
15814923,Sullivan,606,Spain,Male,38,7,128578.52,1
15589230,Wu,612,France,Female,63,2,126473.33,1
15775490,Downie,660,France,Female,38,5,110570.78,2
15749727,Chukwufumnanya,829,Spain,Male,50,7,0.0,2
15619238,Allan,567,Spain,Male,29,8,0.0,2
15593468,Findlay,850,France,Female,33,3,0.0,2
15718454,Ch'eng,712,Spain,Female,44,2,0.0,2
15789498,Miller,562,France,Male,30,3,111099.79,2
15744691,Tsai,755,France,Female,29,3,0.0,3
15708289,Graham,793,Spain,Male,25,3,100913.57,1
15790412,Norton,471,Spain,Male,26,8,0.0,2
15741416,Yegorov,707,France,Male,42,2,16893.59,1
15598894,Holt,784,Spain,Male,38,10,122267.85,1
15663294,Kao,703,France,Male,32,1,125685.79,1
15572728,Ross,704,Spain,Male,36,8,127397.34,1
15706729,Hsiao,662,France,Male,38,0,105271.56,1
15674433,Allan,636,Germany,Female,28,2,115265.14,1
15641170,Liang,640,Spain,Male,36,4,0.0,1
15806284,Briggs,739,Spain,Male,31,1,0.0,2
15690958,Cantrell,767,Germany,Male,23,2,139542.82,1
15606386,Wang,753,Germany,Female,46,3,111512.75,3
15682322,Aksenov,714,France,Male,37,9,148466.93,2
15579915,Glennon,707,France,Male,29,4,0.0,2
15681928,Yancy,577,France,Female,35,4,108155.49,1
15734005,Mazzi,633,France,Female,42,1,0.0,2
15650432,Liu,849,Germany,Male,41,10,84622.13,1
15592578,Nucci,614,Spain,Female,41,7,146997.64,2
15671243,Y?,558,France,Female,47,9,0.0,2
15775709,Nucci,832,France,Female,27,10,98590.25,1
15702631,Tang,567,France,Female,26,2,0.0,2
15602282,Kao,587,Germany,Female,45,8,134980.74,1
15717879,Chen,712,Spain,Female,79,5,108078.56,1
15740878,Yao,655,Spain,Female,29,9,0.0,2
15794468,Tsou,641,France,Female,42,6,0.0,2
15773277,Barnes,676,France,Male,35,5,106836.67,2
15572657,Unknown,472,France,Male,29,8,102490.27,1
15800295,Cruz,644,Germany,Male,34,9,112746.54,2
15672397,Smith,598,France,Male,38,0,125487.89,1
15684921,Onuchukwu,792,Spain,Male,25,8,142862.21,1
15720676,Bukowski,700,France,Female,37,7,0.0,2
15731829,Simmons,616,France,Male,34,10,0.0,2
15732672,Stewart,743,Spain,Male,35,6,79388.33,1
15692406,Gow,427,France,Male,37,5,0.0,2
15764405,Williams,731,France,Male,29,10,0.0,2
15757537,Francis,610,France,Female,31,6,107784.65,1
15793307,Calabresi,724,Spain,Female,41,4,142880.28,3
15660679,Chimaobim,653,Spain,Female,38,9,149571.94,1
15666856,Chikwendu,774,France,Male,49,1,142767.39,1
15687372,Padovesi,547,Germany,Male,49,8,121537.71,2
15667289,Henderson,719,Spain,Male,50,2,0.0,2
15624641,Kharlamova,740,Spain,Male,43,9,0.0,1
15734610,Onio,543,France,Male,42,4,89838.71,3
15631882,Yeh,688,Germany,Male,45,9,103399.87,1
15642709,Feng,474,France,Female,30,9,0.0,2
15811026,Norman,505,Germany,Male,43,5,136855.94,2
15596303,White,688,France,Female,39,0,0.0,2
15787255,Manfrin,650,Germany,Female,55,2,140891.46,3
15617166,Ritchie,610,France,Male,37,0,0.0,1
15742442,Udegbulam,705,Spain,Female,46,5,89364.91,1
15758692,Kao,669,France,Female,29,7,146011.4,1
15568238,Diaz,650,Spain,Male,20,8,0.0,2
15730353,Olisaemeka,550,Germany,Male,29,9,145294.08,2
15731555,Ross-Watt,595,Germany,Female,45,9,106000.12,1
15582404,Miller,572,Spain,Female,26,5,0.0,2
15721462,Shubin,622,Spain,Female,58,2,0.0,2
15632899,Nwankwo,662,Spain,Male,20,9,104508.77,2
15808526,Cartwright,783,Germany,Female,58,3,127539.3,1
15694349,Ngozichukwuka,714,Spain,Male,44,7,0.0,1
15718465,Sadler,671,Germany,Male,51,3,96891.46,1
15682995,Azuka,600,France,Female,32,1,78535.25,1
15584776,Shen,847,Spain,Female,37,9,112712.17,1
15777772,Whittaker,650,Spain,Male,55,9,119618.42,1
15576156,Abazu,710,Spain,Female,28,6,0.0,1
15646756,Murphy,682,France,Female,33,8,74963.5,1
15742886,Ford,642,France,Male,26,1,138023.79,2
15586135,Gratwick,536,Spain,Female,28,4,0.0,1
15616152,Pai,754,France,Female,47,1,185513.67,1
15721460,Lorenzo,678,France,Male,60,8,185648.56,1
15727317,Brady,533,Germany,Female,49,1,102286.6,3
15649536,Wong,741,Germany,Male,38,4,128015.83,1
15754929,Douglas,757,France,Male,31,10,39539.39,2
15572051,Kennedy,721,France,Male,40,3,0.0,1
15668142,Chang,700,France,Male,37,3,77608.46,2
15701176,Brown,663,France,Male,26,5,141462.13,1
15708422,Hsiung,677,Spain,Female,35,0,0.0,2
15655632,MacDonald,655,France,Male,27,2,131691.33,1
15744606,Davidson,832,Spain,Male,29,8,93833.86,1
15612140,Milano,721,Spain,Female,46,7,137933.39,1
15656086,Bovee,542,Spain,Male,54,8,105770.14,1
15655298,Lewis,654,Spain,Female,54,5,0.0,2
15644796,Dyer,821,Spain,Female,38,8,0.0,2
15726250,Hsia,508,France,Female,38,3,166328.65,2
15764432,Hicks,588,Germany,Female,42,2,164307.77,1
15631721,Millar,691,Germany,Male,38,9,163965.69,2
15707479,Fan,664,France,Male,40,7,125608.72,1
15579826,Young,439,France,Female,66,9,0.0,1
15668104,Kerr,479,Spain,Male,37,6,118433.94,1
15641604,Frolova,850,France,Female,55,10,98488.08,1
15587240,Vasilyev,518,France,Male,40,4,0.0,2
15680767,Sabbatini,717,Germany,Female,64,10,98362.35,2
15601594,Ifeanacho,698,France,Female,51,6,144237.91,4
15589969,Capon,850,France,Male,34,6,0.0,1
15703728,Chieloka,700,Spain,Male,47,4,0.0,1
15617790,Hanson,626,France,Female,29,4,105767.28,2
15662500,Ts'ao,774,Spain,Male,32,9,0.0,2
15778526,Bradshaw,719,Spain,Female,48,5,0.0,2
15670584,Nkemakolam,646,Spain,Male,31,2,0.0,1
15748069,Clunie,485,France,Female,25,3,134467.26,1
15680597,Cover,784,Germany,Male,38,1,138515.02,1
15628992,Esposito,850,Germany,Male,32,2,128647.98,2
15719624,Hodgson,669,France,Female,38,9,121858.98,1
15812767,Harvey,731,Spain,Male,70,3,0.0,2
15689201,Dobie,721,France,Female,49,1,120108.56,1
15614716,Okwudilichukwu,515,France,Female,37,0,196853.62,1
15683618,Dyer,774,France,Female,35,3,121418.62,1
15799631,Chase,585,Spain,Male,36,10,0.0,2
15692259,Baresi,695,France,Female,29,9,0.0,2
15590966,Lo,729,Germany,Female,42,4,97495.8,2
15656426,Tyler,713,France,Female,42,3,0.0,2
15675256,Ts'ui,555,Spain,Male,33,5,127343.4,1
15751185,Aparicio,699,Spain,Female,50,0,158633.61,1
15789582,Macleod,587,France,Male,55,9,0.0,1
15651103,Sal,762,Spain,Female,69,9,183744.98,1
15672299,Yeh,510,France,Male,44,6,0.0,2
15772250,Udegbunam,842,Spain,Male,46,9,0.0,1
15763922,Alexandrov,608,France,Male,31,7,79962.92,2
15633870,Ozioma,850,France,Female,36,10,0.0,2
15624323,Atkins,642,France,Male,36,4,0.0,2
15688612,Campos,850,France,Male,33,7,140956.99,1
15694644,Wood,455,Spain,Female,43,6,0.0,1
15587174,Kerr,726,France,Male,29,7,0.0,2
15579559,Chienezie,544,Spain,Male,30,8,145241.63,1
15775430,Tsou,651,Germany,Male,31,7,138008.06,2
15623695,McKinnon,814,France,Female,31,4,0.0,2
15760849,Nwachukwu,537,France,Male,39,2,0.0,2
15813095,Nwebube,553,France,Male,37,2,0.0,2
15705281,Burt,800,Spain,Male,38,9,0.0,1
15812594,Ross,791,France,Male,34,7,0.0,2
15626322,Lees,699,Spain,Female,29,9,127570.93,2
15723105,Feetham,756,France,Female,28,6,0.0,1
15588449,Chuang,591,Spain,Female,27,5,107812.67,1
15794849,Aitken,850,Germany,Male,22,7,91560.58,2
15620000,Chambers,760,Germany,Male,34,6,121303.77,2
15799720,Coburn,569,Spain,Male,43,8,161546.68,2
15711287,Ahmed,661,Spain,Female,35,5,128415.45,1
15613102,Ogochukwu,670,France,Female,31,2,57530.06,1
15621440,Soto,694,France,Male,38,1,0.0,2
15677146,Obiajulu,728,France,Female,28,4,142243.54,2
15801169,Yegorova,764,Germany,Female,39,9,138341.51,1
15722425,Lucchese,639,France,Male,32,9,0.0,2
15682421,Talbot,683,France,Female,30,2,0.0,2
15691910,Lu,663,Spain,Male,30,4,0.0,3
15721779,Arnold,826,Spain,Male,41,5,146466.46,2
15579548,Nicholson,735,Spain,Male,36,5,0.0,2
15681075,Chukwualuka,682,France,Female,58,1,0.0,1
15607884,Wallace,663,France,Female,39,8,0.0,2
15767757,Pisano,562,Spain,Female,29,9,120307.58,1
15791550,Kelly,696,France,Male,27,4,87637.26,2
15658589,Brady,850,Spain,Male,38,2,94652.04,1
15670822,Palmer,719,France,Female,22,7,114415.84,1
15629744,Tan,804,France,Female,71,8,0.0,2
15660768,L?,604,France,Male,40,1,84315.02,1
15726310,Mordvinova,782,Spain,Female,27,3,0.0,2
15641298,Corones,512,Germany,Male,42,9,93955.83,2
15625675,Clements,569,France,Male,36,1,67087.69,1
15713354,Morrice,597,Germany,Female,22,6,101528.61,1
15633866,Hsiung,753,Germany,Male,30,1,110824.52,1
15704231,Barrett,430,France,Female,33,8,0.0,1
15735400,Kanayochukwu,756,France,Male,28,8,179960.2,1
15632826,Tardent,493,France,Male,38,3,134006.77,1
15751022,Bowhay,777,Germany,Female,37,10,121532.17,2
15664737,Lei,779,Spain,Female,38,7,0.0,2
15681126,Baker,702,Spain,Female,38,2,0.0,1
15738954,Pisano,551,France,Male,35,7,129717.3,2
15662263,Castillo,749,Germany,Male,22,4,94762.16,2
15621611,Gibson,742,Germany,Male,55,5,155196.17,1
15783752,Lindsay,752,Germany,Male,29,4,129514.99,1
15709474,Macnamara,740,Germany,Female,57,3,113386.36,2
15701280,Romano,576,France,Male,24,3,0.0,1
15671104,Aksakova,637,Spain,Male,43,3,172196.23,1
15796434,Farnsworth,724,France,Male,28,5,97612.12,1
15781505,Giordano,685,France,Male,20,4,104719.94,2
15625819,Arnold,625,France,Female,38,7,0.0,1
15753174,Thompson,571,Germany,Male,37,9,139592.98,3
15654067,Koch,584,Spain,Female,29,4,0.0,2
15724719,Jones,550,France,Female,22,7,139096.85,1
15624695,Otitodilinna,662,Spain,Female,72,7,140301.72,1
15718216,Fleetwood-Smith,803,Spain,Male,43,3,0.0,1
15586300,Chinonyelum,615,France,Male,66,7,0.0,2
15783349,Montague,481,Spain,Male,39,1,111233.09,1
15725767,Milani,701,France,Male,23,3,0.0,2
15791925,Palermo,751,France,Male,29,10,147737.63,1
15793585,Anderson,675,France,Male,35,8,0.0,2
15576641,Crawford,733,Germany,Male,40,5,125725.02,2
15749519,Lin,822,France,Male,38,6,128289.7,3
15684960,Yewen,559,France,Female,46,5,0.0,1
15591286,Simmons,731,Germany,Female,49,4,88826.07,1
15668323,Mbadiwe,678,France,Female,41,1,143443.61,1
15608528,Munro,645,France,Female,68,9,0.0,4
15645184,Graham,701,France,Male,29,2,0.0,2
15702566,Lombardo,554,Spain,Male,26,8,149134.46,1
15660840,Kalinin,723,France,Male,30,3,124119.54,1
15750811,Woodward,766,Germany,Male,44,3,116822.7,1
15733842,Pirozzi,597,France,Female,24,1,103219.47,1
15581526,Iweobiegbulam,574,France,Male,41,1,0.0,2
15662751,Piazza,655,Germany,Female,40,0,81954.6,1
15684319,Baranova,780,Germany,Female,37,10,95196.26,1
15702190,Fan,672,Spain,Male,43,5,0.0,2
15588517,Sun,717,France,Male,38,7,0.0,2
15801863,Marino,521,France,Female,32,2,136555.01,2
15584271,Donaldson,633,France,Male,59,5,0.0,1
15700366,Burton,669,France,Male,39,3,119452.03,1
15804038,Quinn,740,France,Male,44,9,0.0,1
15720820,Sabbatini,462,Germany,Female,24,9,69881.09,2
15743759,Brooks,619,France,Male,39,5,0.0,2
15749947,Black,665,France,Female,44,7,0.0,2
15670496,Schwartz,655,Spain,Female,27,9,0.0,2
15746664,Ts'ui,463,Spain,Male,20,8,204223.03,1
15745533,Sargent,799,France,Female,63,1,110314.21,2
15761497,Udinesi,713,Spain,Female,48,1,163760.82,1
15628600,Lee,807,Germany,Female,31,1,141069.18,3
15627002,Taylor,728,France,Male,38,1,115934.74,1
15614635,Kepley,582,France,Male,52,2,151457.88,1
15731281,Ozuluonye,704,Germany,Female,35,3,154206.07,2
15814022,Lassetter,714,France,Female,26,9,89928.99,1
15659194,Mishina,628,France,Male,30,8,89182.09,1
15745030,Trevisano,809,Germany,Male,41,1,79706.25,2
15691817,Iloerika,547,Spain,Female,44,5,0.0,3
15707488,Tan,560,France,Female,27,5,0.0,2
15784700,Chikelu,811,France,Male,31,7,117799.28,1
15710397,Lin,584,France,Male,26,4,0.0,2
15687648,Nicholson,691,France,Male,28,1,0.0,2
15732281,Ugoji,680,Germany,Male,34,6,146422.22,1
15607230,Michel,588,Germany,Male,33,9,150186.22,2
15567630,Bruce,721,Germany,Male,40,6,100275.88,1
15587507,Feng,850,France,Male,47,6,0.0,1
15733904,McDonald,529,France,Male,32,9,147493.89,1
15709511,Watt,622,France,Male,43,8,0.0,2
15579616,Goodwin,683,France,Female,42,8,0.0,2
15694852,Arcuri,575,France,Male,29,4,121823.4,2
15589924,Rapuluolisa,577,Spain,Female,40,1,0.0,2
15799300,Kao,510,Germany,Male,31,0,113688.63,1
15731330,Tsui,652,Spain,Female,40,7,100471.34,1
15694129,Summers,569,Germany,Female,28,3,100032.52,1
15620372,Cross,687,Spain,Male,31,3,0.0,2
15744622,Osorio,822,France,Male,32,8,116358.0,1
15799815,Bobrov,656,Germany,Female,23,4,163549.63,1
15759250,Barnett,745,Germany,Male,51,3,99183.9,1
15732643,Pike,386,Spain,Female,53,1,131955.07,1
15690540,Gearheart,684,Spain,Female,41,1,134177.06,1
15803078,Bruno,635,Spain,Female,38,1,0.0,2
15652180,Egobudike,582,France,Male,30,2,0.0,2
15741195,Okechukwu,613,Spain,Male,19,5,0.0,1
15743490,Zikoranachidimma,795,Germany,Female,56,9,94348.94,1
15575510,Milanesi,659,France,Female,32,2,155584.21,1
15732610,Ahern,745,France,Female,28,6,0.0,2
15602909,Dickson,604,Spain,Female,41,10,0.0,2
15734058,Anayochukwu,509,Germany,Male,32,9,170661.47,1
15801788,McDonald,706,Germany,Female,29,6,185544.36,1
15702462,Fiorentini,619,Spain,Female,44,6,52831.13,1
15683416,Russo,572,Germany,Male,51,8,97750.07,3
15794187,Young,695,France,Male,36,6,114007.5,2
15792989,Bianchi,543,France,Female,71,1,104308.77,1
15613734,Fallaci,640,France,Female,33,6,84719.13,2
15606177,Crawford,672,France,Male,39,2,0.0,2
15636700,Marsh,701,France,Male,39,9,140236.98,1
15645766,Kosisochukwu,634,Spain,Male,25,9,0.0,2
15671345,Piccio,531,Spain,Female,42,6,75302.85,2
15652469,Nevels,699,France,Male,27,1,0.0,2
15749638,Kaodilinakachukwu,605,France,Female,51,9,104760.82,1
15728706,Amaechi,534,France,Female,49,7,0.0,1
15735439,P'an,449,Spain,Female,31,1,113693.0,1
15778696,Ikemefuna,684,Spain,Female,36,5,174180.39,1
15624744,Tai,622,Germany,Male,42,9,115766.26,1
15584338,Winn,714,France,Female,40,0,0.0,2
15726178,Hardy,712,Spain,Female,48,8,0.0,2
15794939,Chiu,783,France,Female,72,5,121215.9,2
15788068,Lopez,743,Germany,Male,45,10,144677.19,3
15572956,Steen,683,France,Male,36,5,115350.63,1
15780386,Ferri,654,Spain,Male,40,5,105683.63,1
15791114,Yegorova,700,France,Male,37,1,135179.49,1
15708046,Knowles,744,Spain,Male,31,0,117551.23,1
15719779,May,645,Germany,Male,25,1,157404.02,2
15591550,Bianchi,525,Spain,Male,36,3,77910.23,1
15639368,Pipes,732,France,Male,25,0,110942.9,1
15699830,Doherty,721,France,Female,40,7,0.0,2
15569264,Yobanna,622,France,Male,32,5,179305.09,1
15595158,Hsu,654,Germany,Male,31,5,150593.59,2
15599126,Russell,529,France,Female,43,0,123815.86,1
15650575,Payne,720,Spain,Female,59,6,0.0,2
15641490,Windsor,850,Germany,Female,25,8,69385.17,2
15680234,Bray,667,Germany,Male,27,2,138032.15,1
15592230,Seleznyov,620,France,Male,41,3,0.0,2
15626212,Wark,616,France,Male,29,9,0.0,1
15700627,Y?,637,Germany,Female,46,2,143500.82,1
15782641,Brown,710,Spain,Female,29,3,119670.18,1
15784445,Huang,717,Spain,Male,33,1,99106.73,1
15813681,Zito,786,Germany,Male,24,2,120135.55,2
15596649,Bailey,651,France,Female,39,8,0.0,1
15700460,Allnutt,530,France,Female,55,4,120905.03,1
15724076,Christie,815,Spain,Female,57,5,0.0,3
15784000,Pope,715,Germany,Female,34,9,102277.52,1
15733966,Johnstone,496,Germany,Female,55,4,125292.53,1
15612667,Bird,680,Spain,Male,42,0,0.0,1
15654025,Jones,646,France,Female,51,4,101629.3,1
15589431,Pedder,807,Germany,Male,47,1,171937.27,1
15578238,Calabrese,727,France,Male,47,7,0.0,2
15566269,Chialuka,787,France,Male,25,5,0.0,2
15639217,McKenzie,806,France,Male,34,6,0.0,2
15688644,Holloway,603,France,Male,31,1,129743.75,1
15662426,Tang,649,Spain,Male,32,1,0.0,1
15720511,Byrne,547,Germany,Male,41,3,151191.31,1
15567246,Selwyn,684,Germany,Male,32,3,102630.13,2
15647965,Genovese,477,France,Female,57,9,114023.64,2
15679048,Koger,558,Germany,Male,41,2,124227.14,1
15675749,Baranov,695,France,Female,23,1,0.0,2
15782181,Greco,592,Spain,Male,35,6,80285.16,1
15795738,Owens,789,France,Male,31,4,175477.15,1
15773751,Y?,597,France,Female,29,1,132144.35,1
15655436,Kendall,839,Germany,Male,47,2,136911.07,1
15691396,Ko,405,Germany,Male,31,5,133299.67,2
15796958,Tang,658,France,Male,39,7,0.0,2
15801832,Lombardo,684,Germany,Male,42,1,117691.0,1
15661349,Perkins,633,France,Male,35,10,0.0,2
15719265,Feng,589,France,Male,46,9,0.0,2
15779985,Lo,750,Germany,Female,37,1,133199.71,2
15663410,Piccio,771,Spain,Male,51,5,135506.58,3
15704144,Mazzanti,812,Germany,Male,33,2,127154.14,2
15774104,Chukwualuka,539,Spain,Male,39,2,0.0,2
15812230,Elliot,670,Germany,Female,42,5,49508.79,3
15742848,Gratton,673,France,Male,41,5,0.0,1
15745326,Carandini,538,France,Female,62,3,75051.49,1
15674541,Robinson,575,Spain,Male,52,8,123925.23,1
15728564,Lo,682,France,Male,41,6,0.0,2
15580701,Ma,712,France,Male,33,3,153819.58,1
15688973,Vinogradova,598,Spain,Female,39,5,0.0,2
15709412,Unknown,776,Spain,Male,30,6,0.0,2
15607753,Alexandrova,606,Spain,Female,23,10,70417.79,1
15705352,Yang,686,Spain,Male,38,7,111484.88,1
15602500,Maslova,850,Spain,Male,38,1,146343.98,1
15672437,Buccho,642,France,Male,72,1,160541.0,2
15720968,Young,606,Germany,Male,27,2,130274.26,2
15730796,Barker,627,France,Female,21,7,98993.02,1
15768219,Sung,850,Spain,Male,36,0,0.0,2
15663883,Hansen,850,Germany,Male,32,9,141827.33,2
15589296,Brown,724,France,Female,40,6,110054.45,1
15586425,Lo Duca,579,France,Male,28,4,0.0,2
15679813,Ellis,727,Spain,Male,28,1,0.0,1
15681410,Korff,813,Germany,Female,36,6,98088.09,1
15668283,Gardiner,642,France,Male,48,9,118317.27,4
15624072,Kiernan,669,Spain,Male,22,10,0.0,2
15669664,Thompson,574,Germany,Male,54,1,99774.5,1
15682728,Mathews,774,France,Female,32,4,0.0,2
15573851,Macrossan,735,France,Female,38,1,0.0,3
15733661,Illingworth,639,Spain,Female,27,8,133806.54,2
15710012,Bowen,738,Spain,Male,44,2,0.0,2
15763327,Craig,835,France,Male,32,8,124993.29,2
15668853,Menhennitt,637,Spain,Female,44,0,157622.58,1
15639303,Moore,589,Germany,Male,48,5,126111.61,1
15691011,Shoebridge,591,France,Male,42,9,161651.37,2
15638513,Palermo,723,France,Female,40,7,142856.95,2
15648933,Reilly,831,Germany,Male,44,3,111100.98,1
15628904,Bowen,733,Spain,Male,35,8,102918.38,1
15644788,Fyodorov,731,France,Female,30,5,0.0,2
15598161,Clements,654,France,Male,47,10,0.0,2
15745624,McKenzie,828,France,Male,37,4,0.0,2
15733169,Craig,590,Spain,Male,22,7,125265.61,1
15801417,Iloerika,657,France,Male,37,4,82500.28,1
15592707,Dolgorukova,531,Germany,Female,64,2,175754.87,2
15593954,Eva,516,France,Female,47,6,109387.33,1
15714431,Yeh,561,France,Male,37,1,100443.36,2
15638257,P'an,682,Spain,Female,54,0,83102.72,2
15690939,Howe,575,Spain,Male,28,7,0.0,1
15723613,Jenkins,623,France,Female,28,4,0.0,2
15813640,Shih,642,France,Female,40,7,0.0,2
15707322,Nnamdi,779,France,Female,48,2,115290.27,1
15588918,Mitchell,671,France,Female,42,6,0.0,2
15600357,Findlay,495,France,Female,40,1,140197.71,2
15747014,Pisani,850,France,Female,28,1,105245.34,1
15809830,Belisario,630,France,Male,50,8,0.0,2
15662245,Pomeroy,588,France,Male,32,1,0.0,2
15651075,Ibrahimova,562,Germany,Male,35,3,142296.13,1
15594456,K?,740,Spain,Female,56,4,99097.33,1
15583462,Graham,695,France,Male,28,5,171069.39,2
15757661,Trevisano,589,France,Female,39,7,0.0,2
15729117,Trevisano,607,France,Female,31,1,102523.88,1
15749671,K?,794,France,Male,35,6,0.0,2
15566253,Manning,580,Germany,Male,44,9,143391.07,1
15595153,Tucker,644,Germany,Female,44,8,106022.73,2
15698572,Schaffer,636,Spain,Female,36,1,0.0,1
15674149,Esomchi,599,Germany,Male,36,3,128960.21,2
15623082,Ch'ang,507,France,Female,35,2,0.0,2
15797905,Walker,682,France,Female,48,7,0.0,2
15746028,Chu,714,France,Female,24,7,0.0,2
15582951,Crawford,696,France,Female,25,8,126442.59,1
15616471,Milne,599,Spain,Male,51,0,0.0,1
15641575,Anenechukwu,577,France,Male,37,2,127261.35,1
15638803,Donaldson,733,Spain,Female,32,5,0.0,2
15808283,Kelly,647,France,Female,33,4,0.0,1
15811200,Ts'ao,831,France,Female,34,2,0.0,2
15733476,Gonzalez,543,Germany,Male,30,6,73481.05,1
15633274,Tai,679,France,Male,34,7,160515.37,1
15582168,Muravyova,713,Germany,Female,61,4,149525.34,2
15807269,Milanesi,690,Germany,Male,43,2,166522.78,1
15602979,Lin,751,France,Male,29,1,135536.5,1
15660417,Lambert,613,Germany,Female,43,10,120481.69,1
15590199,Temple,701,Spain,Male,28,1,103421.32,1
15641794,Ridley,698,France,Male,33,5,135658.73,2
15779174,Young,451,France,Female,36,2,0.0,2
15785547,Slye,665,France,Male,28,8,191402.82,2
15795124,Pan,726,Germany,Male,50,9,94504.35,1
15718912,Hsueh,608,Germany,Female,44,5,126147.84,1
15592028,Roberts,549,France,Female,46,7,0.0,1
15580227,Moss,803,France,Male,33,6,0.0,2
15657830,Andrews,663,France,Male,43,4,87624.03,2
15798256,Takasuka,558,France,Female,45,1,153697.53,2
15643819,Dawson,714,France,Female,25,4,0.0,2
15754301,Bruche,704,France,Male,39,5,0.0,1
15726855,Oliver,805,Germany,Female,45,9,116585.97,1
15755225,Ryan,659,Germany,Male,34,9,134464.58,2
15725221,Sabbatini,738,Germany,Male,62,10,83008.31,1
15789055,Watt,635,Spain,Male,35,2,113635.16,1
15617507,Wilson,530,Spain,Female,36,7,0.0,2
15668894,Abramova,661,Germany,Male,41,5,122552.48,2
15589563,Purdy,531,Spain,Male,31,2,118899.45,2
15693162,Higgins,694,France,Female,29,5,99713.87,1
15750099,Marshall,731,France,Female,36,6,0.0,1
15795540,Reye,556,France,Female,36,2,134208.22,1
15794941,Chibueze,647,Germany,Female,41,1,85906.65,3
15611848,Kwemtochukwu,850,Germany,Male,32,3,137714.25,1
15581237,Biryukova,573,Spain,Male,33,1,160777.9,1
15738150,Chidozie,591,France,Male,45,5,0.0,2
15678571,Barber,723,France,Male,21,4,0.0,2
15736124,Thompson,617,France,Male,25,1,102585.88,2
15623202,Maslov,704,Germany,Female,39,10,102556.18,2
15804201,Jones,457,Germany,Male,42,4,126772.57,1
15596863,Chidumaga,787,Germany,Female,38,3,158373.23,1
15696277,Hs?,651,France,Female,34,9,0.0,2
15748608,Trentini,612,Germany,Male,42,5,141927.1,1
15723864,Lucas,828,Spain,Male,47,1,109876.82,2
15802390,Willoughby,724,France,Female,34,2,0.0,2
15774336,Jamieson,648,Germany,Male,44,9,111369.79,2
15648766,Robertson,569,Spain,Male,35,3,116969.35,1
15659094,Ojiofor,765,Germany,Female,34,8,136729.51,2
15606397,Cameron,577,Germany,Female,44,1,152086.15,1
15642619,Mayne,603,Spain,Male,46,2,0.0,2
15666032,Mancini,568,Spain,Male,28,1,127289.28,1
15595842,Paramor,748,Germany,Male,45,2,119852.01,1
15753837,Young,573,Spain,Male,38,4,0.0,2
15783882,Daly,771,Spain,Female,41,5,0.0,2
15799790,Carter,763,France,Male,35,9,0.0,1
15628155,Dike,410,France,Female,35,7,117183.74,1
15703778,Hughes,728,France,Male,33,8,129907.63,1
15722322,Green,655,Spain,Female,78,2,0.0,2
15639278,Chinomso,580,Germany,Female,36,6,145387.32,2
15568487,Gorshkov,712,France,Male,35,7,124616.23,1
15682084,Chinomso,680,France,Male,31,9,0.0,2
15642821,Ijendu,383,Spain,Female,48,8,95808.19,1
15601387,Yen,721,France,Male,35,10,0.0,2
15642515,Arcuri,620,France,Female,42,1,0.0,2
15710421,Baresi,774,Spain,Female,36,8,117152.3,1
15726774,Field,563,France,Male,35,3,106250.72,1
15649078,Christian,850,Germany,Female,27,8,111837.78,2
15641877,Ross,681,France,Male,47,9,97023.21,1
15796496,Trevisani,631,France,Female,31,8,137687.72,1
15815690,Akabueze,614,Spain,Female,40,3,113348.5,1
15631739,Dunn,704,Spain,Male,24,10,122109.78,1
15625584,Martin,786,France,Male,32,2,120452.4,2
15802466,Donaldson,534,France,Female,53,7,0.0,2
15697028,McClinton,590,Spain,Male,34,0,65812.35,2
15575759,Bentley,583,Spain,Female,40,3,54428.37,1
15567442,Ibezimako,656,France,Female,75,3,0.0,2
15746805,Thomson,597,France,Male,33,9,0.0,2
15636330,Ch'in,588,Germany,Female,48,1,143279.58,2
15714970,Holbrook,667,Germany,Male,32,0,103846.65,1
15653784,Solomina,627,France,Male,37,2,125190.86,1
15693543,McDonald,708,France,Female,33,8,0.0,2
15773283,Dennis,641,France,Male,65,6,38340.02,1
15742534,Faulk,527,Germany,Female,28,2,123802.98,2
15569878,Dale,592,France,Male,37,3,96651.03,1
15729454,Gorbunov,465,France,Male,33,8,0.0,2
15578375,Farrell,628,France,Male,39,6,0.0,2
15785559,De Luca,678,France,Male,43,1,133237.21,1
15649414,Walker,570,France,Female,61,6,142105.35,1
15701605,Forster,815,France,Male,37,1,166115.42,1
15686696,Brown,817,France,Female,37,6,81070.34,2
15625586,Monaldo,717,France,Male,35,4,0.0,1
15654975,Wu,641,France,Female,53,0,123835.52,2
15782993,Pan,624,France,Male,51,10,123401.43,2
15774382,Longo,579,Germany,Male,49,4,169377.31,1
15689602,Findlay,698,France,Male,38,2,130015.24,1
15756155,Fu,645,France,Male,32,4,0.0,2
15812647,Yin,691,France,Male,34,8,133936.04,2
15736043,Hamilton,638,France,Male,34,6,114543.27,1
15696744,Miller,705,France,Female,31,3,119794.67,1
15602572,Hsing,720,France,Male,33,9,0.0,2
15674765,Mitchell,553,Spain,Male,44,4,0.0,1
15678725,Chamberlin,658,France,Female,29,8,0.0,2
15694444,Buttenshaw,648,Germany,Female,32,8,157138.99,3
15795878,Anayochukwu,636,Spain,Male,45,3,0.0,2
15735346,Wallace,527,Germany,Female,41,10,136733.24,1
15687094,Calabresi,717,Germany,Female,28,9,82498.14,2
15790067,Sun,614,Spain,Male,39,3,151914.93,1
15605742,Tuan,737,France,Male,43,0,80090.93,1
15566740,Nazarova,587,Spain,Male,51,3,83739.32,1
15664897,Bryant,682,France,Female,35,2,181166.44,1
15585777,Pai,710,France,Male,38,3,130588.82,1
15650864,Power,507,France,Male,42,6,0.0,2
15806709,Hao,609,Germany,Male,33,6,94126.67,1
15633818,McMillan,786,France,Male,32,9,0.0,2
15713845,Merrett,688,France,Male,38,7,148045.68,1
15639662,Phillips,710,France,Male,38,2,0.0,2
15567013,De Luca,779,Spain,Male,33,3,0.0,2
15777784,Tu,733,France,Female,44,6,168165.84,1
15800251,Elder,583,Germany,Female,26,10,72835.56,2
15651315,Dilke,627,France,Male,41,3,0.0,2
15651450,Panicucci,666,Germany,Male,31,3,123212.08,2
15784218,Mason,620,Spain,Male,38,0,0.0,2
15572398,Townsend,614,Spain,Female,39,6,0.0,2
15707962,Gunson,606,France,Male,40,6,119501.88,2
15705663,Milano,700,Germany,Female,39,5,144550.83,2
15645355,Macleod,677,Germany,Male,34,3,126729.41,1
15729557,Olisaemeka,850,Germany,Male,36,5,119984.07,1
15631436,Gleeson,564,France,Male,35,4,0.0,1
15583073,Martin,771,Spain,Female,56,2,0.0,1
15614361,Liao,620,Spain,Male,42,9,121490.05,1
15724684,Sung,610,Spain,Male,46,5,91897.8,1
15700083,Lai,609,Spain,Male,39,2,139443.75,2
15636541,Cartwright,683,Germany,Male,35,5,144961.97,1
15796015,Wu,633,Germany,Male,42,3,126041.02,1
15787222,Ch'in,676,Germany,Male,28,1,69459.05,2
15594270,Biryukov,693,France,Male,38,7,198338.77,2
15701524,Ting,709,France,Male,36,0,0.0,2
15645847,P'eng,569,Germany,Male,35,2,109196.66,3
15708867,Niu,684,Spain,Female,38,3,134168.5,3
15613140,Mellor,565,France,Male,34,6,0.0,1
15628893,Power,681,France,Male,29,8,0.0,1
15764073,Arcuri,503,Spain,Female,36,9,0.0,2
15782879,Lang,656,France,Male,40,2,0.0,2
15635964,Eve,566,Germany,Male,65,4,120100.41,1
15726087,Ch'in,592,France,Female,62,5,0.0,1
15726313,Napolitani,687,Spain,Female,50,5,0.0,2
15578073,Barker,686,Spain,Male,22,8,0.0,2
15786249,Whitfield,616,Spain,Male,30,2,0.0,2
15812850,Stradford,494,Spain,Male,67,5,0.0,2
15596972,Brownlow,534,France,Male,38,3,0.0,1
15620579,Dunn,695,Spain,Female,31,8,0.0,2
15768270,DeRose,579,Spain,Female,31,9,0.0,2
15656597,Wang,432,Germany,Male,38,2,135559.8,2
15699446,Hobbs,816,Germany,Female,25,2,150355.35,2
15615004,Anderson,730,France,Female,37,1,0.0,2
15704771,Ugochukwu,593,France,Female,35,6,133489.12,2
15588372,Kirsova,715,Germany,Female,37,9,105489.31,1
15681439,Tsou,775,Germany,Male,25,10,60205.2,2
15607509,Ozerova,539,France,Male,38,5,0.0,2
15670343,Li,576,Spain,Male,19,6,0.0,2
15597968,Fyans,617,Spain,Male,50,7,0.0,1
15658432,Freeman,688,France,Male,40,6,0.0,1
15616431,Chiu,608,France,Male,33,4,0.0,1
15796957,Iadanza,597,Spain,Male,35,9,0.0,3
15815552,Ferguson,670,France,Female,42,6,112333.63,1
15631871,Kelly,616,Germany,Female,57,7,116936.81,1
15635870,She,579,Germany,Female,50,5,117721.02,1
15596713,Christie,786,France,Male,37,7,165896.22,2
15684211,Creel,704,Spain,Female,44,9,153656.85,1
15760521,Thompson,796,France,Female,50,1,94164.0,1
15608408,Lazareva,598,Spain,Male,39,1,0.0,2
15804721,Boni,602,France,Male,49,0,191808.73,1
15730272,Evseev,619,France,Male,58,5,152199.33,1
15741988,Marino,492,Germany,Female,52,8,125396.24,1
15771728,Mackenzie,641,Germany,Male,41,7,104405.54,3
15605113,Sutherland,518,France,Female,27,1,133801.49,1
15661945,Nicolay,623,Spain,Female,40,4,0.0,3
15783816,Lori,733,France,Female,28,5,0.0,2
15721207,Piazza,625,Germany,Male,42,6,100047.33,1
15764072,Somerville,759,France,Female,31,1,109848.6,1
15689412,Christie,604,France,Female,32,7,127849.38,1
15798385,Grave,512,Spain,Female,46,3,0.0,2
15775339,Lori,520,France,Female,29,8,95947.76,1
15585256,Iloerika,805,Spain,Male,26,2,0.0,2
15797329,Muir,626,France,Male,43,4,137638.69,1
15780220,Pauley,656,France,Male,38,10,0.0,1
15648951,Kao,785,Spain,Male,41,7,0.0,2
15752409,Grant,553,France,Male,31,6,0.0,2
15807524,Chukwuma,569,France,Female,44,4,0.0,2
15766649,Vincent,670,France,Male,38,10,89416.99,1
15696812,Lazareva,586,Spain,Male,42,6,0.0,2
15581295,Ch'ien,617,Spain,Female,45,1,0.0,1
15663234,Bishop,508,France,Female,60,7,143262.04,1
15741417,Chibuzo,624,Spain,Female,35,7,119656.45,2
15695174,Chang,654,France,Male,29,4,132954.64,1
15665168,Calabrese,681,Germany,Female,44,3,105206.7,2
15601503,Tokaryev,578,Spain,Male,28,4,0.0,2
15706131,Logan,621,Spain,Female,37,9,83061.26,2
15782758,Ozerova,632,France,Male,40,5,147650.68,1
15591091,Goering,644,France,Male,44,5,73348.56,1
15715877,Lo,821,France,Male,28,2,0.0,2
15756918,Simmons,754,France,Female,38,2,0.0,2
15746662,Maduabuchim,568,Spain,Female,27,1,116320.68,1
15626679,Linger,584,France,Male,33,3,0.0,2
15793343,Yeh,549,France,Female,29,8,0.0,2
15576774,Stevenson,729,France,Female,38,7,0.0,2
15801316,Ifeatu,523,France,Male,61,8,66250.71,1
15800514,Kenechukwu,477,Germany,Female,24,2,95675.62,2
15662232,Learmonth,675,Germany,Male,42,2,92616.64,2
15737778,Dickson,782,Spain,Female,41,4,0.0,1
15782096,Volkova,616,Spain,Female,36,6,0.0,1
15783522,Mitchell,738,Spain,Female,37,8,100565.94,1
15785373,Wong,717,Spain,Female,42,5,190305.78,1
15756272,James,526,Germany,Female,35,9,118536.4,1
15615245,Shao,660,France,Male,19,5,127649.64,1
15600174,Walton,525,France,Male,35,7,165358.77,1
15752956,Stanley,629,Spain,Male,29,6,0.0,2
15644882,Watson,616,Germany,Female,36,10,78249.53,1
15766272,Folliero,521,Germany,Female,61,0,125193.96,1
15800620,Fitzgerald,691,France,Female,29,9,0.0,2
15569764,Garner,687,Germany,Female,41,2,154007.21,1
15747458,Folliero,677,Spain,Female,43,3,133214.88,2
15573171,Liao,695,Spain,Male,63,1,146202.93,1
15736769,Lucchesi,663,France,Female,27,9,0.0,2
15763381,Chan,496,France,Male,30,0,90963.49,1
15814430,Ma,747,Spain,Male,41,9,0.0,1
15638607,Nwabugwu,546,France,Female,52,2,0.0,1
15737133,P'eng,706,Spain,Male,68,4,114386.85,1
15613945,Andrews,472,France,Female,26,5,0.0,2
15659937,Otutodilinna,703,France,Female,40,7,0.0,2
15765287,Grant,850,France,Female,38,2,0.0,2
15661723,Abramovich,667,Spain,Male,71,4,137260.78,1
15766064,Komarova,559,France,Male,33,9,111060.05,2
15649616,Otutodilichukwu,636,Spain,Male,60,7,124447.73,1
15719017,Donaldson,672,France,Female,34,8,0.0,2
15720919,Duggan,667,France,Male,42,7,0.0,1
15706706,Chinwendu,648,Germany,Male,33,7,135310.41,2
15709653,Hamilton,497,France,Male,32,8,0.0,2
15805104,Smith,743,France,Female,73,6,0.0,2
15622442,Mazzi,619,France,Male,29,5,0.0,2
15572801,Krischock,639,Spain,Male,34,5,139393.19,2
15767598,Kent,540,Spain,Male,28,8,0.0,2
15757897,Binder,766,France,Female,26,3,104258.8,1
15568104,Zubarev,749,France,Female,26,6,0.0,2
15763414,Degtyarev,655,Germany,Male,32,9,113447.01,1
15732265,Obialo,630,France,Male,33,9,0.0,2
15621974,Davydova,778,Germany,Female,33,4,111063.73,2
15803947,Teng,757,Germany,Female,30,6,161378.02,1
15720706,Hsing,529,Spain,Female,39,2,82766.43,1
15759290,Coleman,620,Spain,Male,29,9,0.0,2
15651664,Wilder,615,France,Female,61,1,104267.7,1
15795132,Molineux,735,France,Female,25,3,91718.8,1
15811565,Cocci,705,Spain,Female,47,3,63488.7,1
15713774,Chikwendu,644,Spain,Female,46,6,12459.19,1
15691840,Fraser,505,Germany,Female,37,6,159863.9,2
15682021,Lai,471,Germany,Male,23,6,104592.55,2
15612931,Korovin,722,Spain,Female,50,4,132088.59,1
15676707,Sidorov,577,Spain,Female,39,4,0.0,2
15601383,Ibrahimova,744,Spain,Male,44,5,120654.68,1
15662662,Duigan,573,France,Female,30,6,0.0,2
15752694,Taylor,653,France,Female,32,4,83772.95,1
15590683,Donaldson,660,France,Female,31,6,172325.67,1
15773591,Jobson,787,France,Male,46,7,117685.31,2
15723620,Lu,617,France,Male,41,7,0.0,2
15671779,Nebechi,567,France,Male,39,5,0.0,2
15672966,Cross,682,Spain,Female,64,9,0.0,2
15624667,Wallace,684,France,Male,35,6,135871.5,1
15812888,Perreault,447,France,Male,41,3,0.0,4
15724154,Manna,625,Germany,Female,49,4,128504.76,1
15749540,Hsiung,585,France,Male,36,7,0.0,2
15621063,Gibbons,516,France,Female,42,8,56228.25,1
15661626,Algeranoff,732,Germany,Female,45,6,98792.4,1
15698703,Doherty,628,Germany,Male,40,5,181768.32,2
15801431,Rowe,682,Spain,Female,48,9,101198.01,1
15649451,Yates,746,France,Male,25,9,0.0,2
15626156,Galloway,655,France,Female,60,3,0.0,2
15606158,Genovese,644,France,Female,39,9,0.0,1
15589496,Arrington,778,France,Male,34,5,139064.06,2
15730345,Miah,617,France,Female,35,2,104508.1,1
15572038,Chijindum,660,Germany,Male,35,9,113948.58,1
15643439,Ferguson,537,France,Male,47,10,0.0,2
15604158,Smith,554,France,Female,39,10,0.0,2
15657396,Marshall,806,France,Male,31,9,0.0,2
15709478,P'an,611,Germany,Male,37,1,117524.72,2
15628824,Burton,665,France,Female,37,5,160389.82,1
15814519,Kamdibe,648,France,Female,37,7,0.0,2
15636520,Milani,692,France,Male,27,1,125547.53,1
15794414,Forbes,507,Spain,Male,46,6,92783.68,1
15643671,Chiekwugo,696,Germany,Male,49,5,97036.22,2
15700650,Cousens,681,France,Male,34,3,0.0,2
15680224,Ross,687,France,Female,26,6,0.0,2
15784286,Wood,641,Spain,Male,40,5,102145.13,1
15693996,Hawks,507,France,Female,33,1,113452.66,1
15764343,T'ien,688,Spain,Female,46,8,155681.72,1
15704168,Ting,535,Germany,Male,38,8,127475.24,1
15680197,Thynne,701,France,Male,41,10,0.0,2
15633729,Wang,488,France,Male,43,10,112751.13,1
15577683,Maclean,539,France,Female,29,4,0.0,2
15800746,Watson,674,France,Male,45,7,144889.18,1
15788686,Gibson,538,Spain,Male,40,8,0.0,2
15742798,French,829,France,Female,22,7,150126.44,1
15596647,Henderson,768,France,Male,54,8,69712.74,1
15756070,Greenwood,585,Spain,Female,44,4,0.0,2
15775116,Anderson,581,France,Male,31,3,0.0,2
15575428,Mistry,682,Germany,Female,35,2,117438.92,2
15654074,Tuan,653,France,Male,38,8,119315.75,1
15695872,Fiorentini,712,France,Female,30,1,89571.59,1
15568885,Scott,620,Germany,Female,34,8,102251.57,1
15725036,Jideofor,709,France,Male,42,9,118546.71,1
15632665,Yevseyev,832,France,Male,61,2,0.0,1
15571476,Kelly,635,Spain,Male,38,0,103257.14,1
15776850,Smith,749,Spain,Female,43,1,124209.02,1
15623649,Ogle,629,Spain,Male,32,3,0.0,2
15751131,Moss,836,Spain,Female,41,7,150302.84,1
15688128,Loggia,542,Spain,Male,34,8,108653.93,1
15678412,Nwankwo,645,France,Female,45,8,85325.93,1
15770291,Allan,844,France,Female,29,8,0.0,2
15583392,Woronoff,747,Germany,Male,37,9,135776.36,3
15690731,Wolfe,645,France,Male,40,6,131411.24,1
15697948,Henderson,752,Spain,Female,36,3,0.0,2
15608328,Sutherland,760,Spain,Female,41,6,0.0,2
15766378,Marsden,714,Germany,Female,45,9,106431.97,2
15600813,Hyde,717,France,Male,50,9,90305.76,1
15706217,Kao,645,Germany,Male,28,7,117466.03,2
15601417,T'ang,681,France,Male,32,3,148884.47,2
15610972,Crawford,681,Germany,Female,44,4,91115.76,2
15674620,Dilibe,679,Germany,Female,37,8,77373.87,2
15785350,Austin,528,Spain,Male,23,7,104744.89,1
15749119,Santiago,710,France,Female,31,3,0.0,2
15756535,Chibugo,733,Germany,Male,39,5,91538.51,1
15700965,Toscano,724,France,Female,32,6,0.0,2
15791851,Afanasyeva,726,France,Female,34,0,185734.75,1
15717156,Sokolov,520,France,Male,30,3,143396.54,2
15740846,Wei,556,France,Male,40,5,125909.85,1
15573284,Olisanugo,579,France,Female,45,2,0.0,2
15729083,Gorman,674,France,Male,36,2,154525.7,1
15611612,Priestley,570,France,Female,29,0,0.0,1
15694381,Lloyd,631,France,Male,51,8,100654.8,1
15651737,Salmond,623,Spain,Male,44,1,83325.77,1
15663168,MacDonald,665,France,Male,35,8,110934.54,1
15643426,Robertson,523,Spain,Female,36,8,113680.54,1
15618245,Chukwumaobim,706,Germany,Male,31,1,117020.08,2
15717527,Ifeanacho,619,France,Female,49,9,145359.99,1
15793478,Li Fonti,593,Germany,Female,39,8,151391.68,1
15642248,Ko,608,Spain,Male,66,8,123935.35,1
15640377,Goloubev,526,France,Female,36,0,0.0,2
15723950,Kruglov,684,Spain,Male,40,2,70291.02,1
15590327,Liao,604,Germany,Female,42,10,166031.45,1
15706199,White,636,Germany,Male,36,6,96643.32,1
15671514,Sinclair,669,Spain,Female,33,8,0.0,2
15727041,Fiorentini,624,France,Male,71,7,0.0,2
15738063,Shen,631,France,Male,29,2,0.0,2
15711733,Rapuokwu,753,France,Male,48,4,0.0,2
15652320,Woronoff,588,France,Male,40,5,0.0,2
15634180,Holden,729,Germany,Male,26,4,97268.1,2
15694566,Roberts,602,France,Female,42,10,0.0,2
15726103,Tsou,689,Germany,Female,55,1,76296.81,1
15646351,Somerville,486,Spain,Male,27,7,0.0,2
15730044,Greco,809,Germany,Female,42,6,64497.94,3
15795186,Leonard,562,France,Male,38,5,0.0,1
15784890,McKenzie,763,Spain,Female,32,8,0.0,2
15694125,McElhone,669,France,Male,57,5,0.0,2
15565891,Dipietro,709,France,Male,39,8,0.0,2
15674254,Kerr,554,Spain,Female,45,4,0.0,2
15775206,Hunter,699,France,Male,37,10,0.0,2
15797627,Niehaus,732,Spain,Male,54,0,134249.7,1
15649853,Craig,625,France,Female,45,3,0.0,1
15610379,Barclay-Harvey,599,France,Male,30,9,105443.68,1
15659800,Teng,584,Spain,Female,50,1,0.0,1
15716236,Milani,499,France,Male,35,10,0.0,2
15672053,Mistry,526,Spain,Male,38,2,0.0,2
15663933,Jamieson,625,Germany,Female,35,5,86147.46,2
15814236,Kay,537,Spain,Female,38,1,96939.06,1
15583597,Ikedinachukwu,696,Spain,Male,47,1,106758.6,1
15607395,Holt,679,France,Female,33,9,112528.65,2
15694556,Nkemakolam,684,France,Male,60,2,116563.58,1
15744109,Hartung,850,France,Male,32,4,0.0,1
15800688,Ch'en,495,Spain,Female,42,7,0.0,2
15810878,Baker,537,Spain,Female,38,6,141786.78,1
15587835,Osinachi,850,France,Male,41,3,136416.82,1
15763515,Shih,513,France,Male,30,5,0.0,2
15725882,Feng,618,Germany,Female,40,1,133245.52,2
15788022,Sternberg,802,Germany,Female,41,4,90757.64,2
15663917,Adams,547,France,Male,43,1,92350.36,1
15656865,Gray,613,Germany,Male,69,9,78778.49,1
15667971,Shepherd,592,Germany,Female,34,6,102143.93,2
15800366,Walton,546,France,Male,29,5,0.0,1
15717231,Yang,721,Germany,Male,37,4,98459.6,1
15643188,Barnett,671,Germany,Female,47,7,114603.76,2
15671351,Romani,624,Spain,Male,35,2,0.0,2
15573628,Greene,751,Germany,Female,51,7,148074.79,1
15698953,Hart,636,Spain,Male,36,1,0.0,3
15753888,Johnston,607,Spain,Female,62,8,108004.64,1
15737961,Miller,509,Germany,Female,29,0,107712.57,2
15801701,Robson,653,Spain,Male,35,9,0.0,2
15684419,Wallace,709,Spain,Female,37,8,0.0,3
15794266,Cross,559,France,Male,32,9,145303.52,1
15810711,Marcum,684,Germany,Male,37,4,138476.41,2
15771270,North,635,France,Female,27,8,127471.56,1
15607786,Mao,709,France,Male,26,6,156551.63,1
15624519,Calabrese,656,Germany,Female,49,9,97092.87,1
15799910,Martin,793,France,Male,32,2,0.0,2
15602479,Fleming,609,Spain,Male,37,5,129312.79,1
15617419,Roberts,618,Germany,Female,29,10,100315.1,2
15657603,Finch,850,France,Female,35,6,81684.97,1
15570379,Whitelegge,669,Spain,Male,51,3,88827.53,1
15772996,Rooke,594,Germany,Male,40,0,152092.44,2
15729574,Lu,616,Spain,Male,71,4,0.0,2
15737267,Marcelo,676,France,Female,49,1,0.0,1
15799128,Matthews,608,Spain,Female,38,9,102406.76,1
15813327,Romani,710,France,Male,21,4,109130.96,2
15711921,Scott,695,France,Male,29,5,0.0,2
15654300,Mao,530,Germany,Male,33,9,75242.28,1
15569945,Horsley,509,Spain,Male,29,1,0.0,2
15569666,Goddard,517,France,Female,45,4,0.0,1
15681887,Eskridge,758,Germany,Male,33,0,129142.54,2
15608873,Smith,665,France,Male,51,2,0.0,1
15762091,Simpson,631,Germany,Female,22,6,139129.92,1
15722053,Oguejiofor,576,Spain,Male,33,3,0.0,2
15782100,Holloway,544,Spain,Male,22,3,66483.32,1
15765300,L?,596,Germany,Male,40,5,62389.03,3
15743570,Feng,481,France,Female,34,5,0.0,2
15608541,Claiborne,498,France,Male,46,1,91857.66,1
15750671,Egobudike,512,Spain,Male,31,6,0.0,2
15813659,Folliero,594,France,Female,56,7,0.0,1
15757867,Bray,570,France,Female,30,10,176173.52,1
15652914,Ibrahimov,721,Spain,Male,38,7,0.0,1
15723818,Carpenter,453,France,Female,37,4,131834.76,2
15713819,Walsh,562,France,Male,48,3,92347.96,1
15656484,Woods,682,France,Male,40,4,0.0,2
15778515,Wu,748,France,Male,40,3,95297.11,1
15803840,Forbes,729,France,Female,32,9,0.0,2
15735339,Lynch,663,France,Male,39,4,0.0,1
15600392,Amaechi,735,France,Female,53,8,123845.36,2
15625740,Enriquez,627,Germany,Male,62,3,143426.34,2
15663817,Y?an,713,France,Male,46,5,0.0,1
15734461,Brooks,562,Germany,Male,31,2,112708.2,1
15780142,Wang,632,France,Male,43,2,100013.51,1
15709920,Burke,479,France,Female,33,2,208165.53,1
15684248,Meng,658,Spain,Male,21,7,0.0,2
15643158,Chiganu,598,France,Female,40,9,0.0,1
15693902,Hunt,597,France,Male,19,2,0.0,2
15578307,Lucchese,512,France,Female,33,6,121685.31,2
15585379,Humphries,704,France,Male,39,2,111525.02,1
15758510,Frolova,474,France,Male,26,6,0.0,2
15692918,Hsing,604,Germany,Male,36,10,113546.3,1
15705301,Parkes,683,France,Male,41,6,95696.52,2
15718231,Gregory,537,France,Male,28,0,88963.31,2
15567991,Obiuto,794,Spain,Male,31,0,144880.34,2
15772650,Longo,732,France,Male,55,9,136576.02,1
15574795,Lombardo,495,France,Female,38,2,63093.01,1
15706036,Lombardo,552,Germany,Male,38,10,132271.12,2
15723856,Gonzalez,602,France,Female,29,3,88814.4,2
15812920,Nwabugwu,607,Germany,Male,40,5,90594.55,1
15691287,Ford,675,Germany,Female,33,0,141816.25,1
15804797,Gilleland,443,France,Female,54,3,138547.97,1
15708650,Fullwood,727,France,Female,31,2,52192.08,2
15712777,Kao,482,France,Male,38,4,124976.19,1
15786469,Montalvo,686,France,Female,34,1,0.0,2
15669219,Wilson,588,Germany,Male,35,3,104356.38,1
15641004,Doyne,605,Spain,Female,48,10,150315.92,1
15648067,Onwuamaeze,583,France,Male,39,1,129299.28,2
15704014,K'ung,738,Germany,Male,37,7,140950.92,2
15645136,O'Donnell,744,Spain,Male,30,1,128065.12,1
15709604,McMillan,781,France,Male,23,2,107433.48,1
15713637,Chinedum,699,France,Male,34,2,117468.67,1
15793901,Capon,639,France,Female,27,2,0.0,2
15569759,Rawling,583,France,Female,27,4,0.0,3
15712930,Duncan,587,France,Male,42,1,0.0,1
15586504,Trevisani,694,France,Male,40,9,0.0,2
15677317,Ankudinova,570,France,Female,29,4,153040.03,1
15664270,Balsillie,692,Germany,Male,45,6,142084.04,4
15731519,Kerr,511,France,Female,30,5,0.0,2
15745623,Worsnop,788,France,Male,32,4,112079.58,1
15813862,Yevseyev,526,Spain,Male,66,7,132044.6,2
15641934,Manna,749,Spain,Female,46,9,66582.81,1
15713043,Siciliani,691,France,Female,33,6,0.0,2
15700749,Powell,481,France,Female,39,6,0.0,1
15697567,Bazarova,752,France,Male,33,4,0.0,2
15715414,White,658,France,Female,38,6,102895.1,1
15639530,Buda,679,Spain,Male,42,2,0.0,1
15726058,Cattaneo,754,Germany,Male,27,7,117578.35,2
15725665,Lo,679,France,Male,47,10,198546.1,2
15698872,Brown,633,Spain,Female,39,2,0.0,2
15812184,Rose,674,France,Female,31,1,0.0,1
15742609,Lombardo,600,Germany,Male,28,2,116623.31,1
15815043,McMillan,645,Spain,Male,49,8,0.0,2
15640648,Howe,698,France,Male,36,6,0.0,2
15627203,Hsu,508,Spain,Male,54,10,0.0,1
15786196,Han,555,France,Female,44,3,105770.7,3
15612095,Calabrese,751,France,Female,48,9,0.0,1
15674368,Riley,738,France,Female,39,1,94435.45,2
15783477,Biryukov,706,Germany,Female,39,8,112889.91,1
15757559,Broadhurst,595,France,Female,53,7,0.0,2
15591036,Genovesi,577,Germany,Female,43,3,127940.47,1
15761241,Hsieh,578,Germany,Female,36,8,129745.1,1
15695078,Kemp,699,France,Male,32,3,0.0,2
15645744,Chukwudi,826,France,Female,30,5,0.0,2
15566988,Iqbal,656,Germany,Female,46,7,141535.52,1
15749300,Teng,556,France,Female,47,2,139914.27,1
15594340,Tao,569,France,Male,41,4,120243.49,1
15607065,Chinedum,765,France,Male,34,9,91835.16,1
15778089,Stevenson,544,Spain,Male,37,2,0.0,2
15773723,Duncan,588,Spain,Female,22,9,67178.19,1
15697035,Garrett,740,Spain,Female,31,8,0.0,2
15679668,Yao,850,Spain,Male,38,7,115378.94,1
15709861,He,766,Germany,Male,30,4,127786.28,2
15791958,Mazzi,849,France,Female,41,6,0.0,2
15791030,Edwards,612,France,Female,33,0,64900.32,2
15695339,Lucchesi,517,Germany,Male,53,0,109172.88,1
15658813,Siciliani,645,France,Female,55,7,0.0,2
15715709,Shih,696,Germany,Male,43,4,114091.38,1
15722533,Logue,716,France,Female,40,3,0.0,2
15683118,Rechner,590,France,Male,32,9,0.0,2
15672798,O'Brien,656,France,Female,45,7,145933.27,1
15680112,Stewart,473,Germany,Female,35,7,131504.73,1
15714575,Batt,742,Germany,Female,44,8,107926.02,1
15806808,Hope,834,Germany,Female,57,8,112281.6,3
15590637,Ahmed,721,France,Male,41,7,0.0,2
15657535,Pearson,590,Spain,Male,29,10,0.0,1
15696141,Kruglov,516,Spain,Female,31,7,0.0,1
15811947,Gordon,850,France,Male,33,0,124781.67,1
15649024,Trujillo,748,France,Female,39,9,132865.56,1
15594928,Pagnotto,798,Germany,Female,38,4,129055.13,1
15765532,Horton,612,Germany,Male,76,6,96166.88,1
15741719,DeRose,540,France,Female,40,3,165298.12,1
15665629,Chiang,719,Spain,Female,33,7,0.0,2
15728917,Gill,598,France,Male,48,6,120682.53,1
15762993,Trevisano,796,Spain,Male,32,5,102773.15,2
15571193,Morrison,579,Germany,Male,42,0,144386.32,1
15653521,Onuora,850,Germany,Female,40,7,104449.8,1
15802220,Ikenna,599,Spain,Male,35,6,137102.65,1
15644132,Mancini,724,France,Female,30,9,142475.87,1
15600832,Moss,508,France,Female,43,9,0.0,1
15797919,Ting,773,Spain,Male,37,2,103195.2,2
15603743,Tai,526,France,Male,28,1,112070.44,1
15579714,Pan,542,France,Female,29,7,0.0,2
15634295,Wilson,470,France,Male,35,1,96473.59,1
15786680,Bianchi,805,Spain,Male,37,5,0.0,2
15623499,Holman,548,Germany,Male,49,9,108437.89,1
15691823,Obidimkpa,672,France,Male,37,5,153195.59,1
15809279,Wallace,773,France,Male,45,8,96877.21,1
15758039,Ash,614,France,Male,44,6,0.0,2
15807163,Ku,537,France,Female,38,10,0.0,1
15631639,Uspensky,704,France,Female,40,6,95452.89,1
15713770,Shih,586,Spain,Male,41,3,63873.56,1
15698167,Kumm,677,France,Female,24,0,148298.59,2
15781710,Carey,558,Spain,Female,31,7,0.0,2
15801296,Farber,634,Germany,Female,37,7,143258.85,2
15704378,Calabrese,655,Germany,Male,37,9,121342.24,1
15767891,Findlay,619,Germany,Female,28,6,99152.73,2
15640667,Yu,662,France,Female,41,4,0.0,2
15702145,Edments,705,Spain,Male,33,7,68423.89,1
15679738,Brown,527,Spain,Female,35,8,0.0,1
15636634,Lindon,630,Germany,Female,25,7,79656.81,1
15809227,Chukwudi,850,France,Male,35,2,0.0,2
15601811,Caldwell,668,France,Female,53,10,110240.04,1
15625494,Li Fonti,573,France,Female,32,9,125321.84,2
15723737,Pitcher,680,France,Male,27,3,0.0,1
15682955,Capon,758,France,Female,32,2,84378.9,1
15758856,Kable,597,France,Male,45,7,0.0,2
15746065,Lo Duca,580,Germany,Male,35,10,136281.41,2
15783865,Kulikova,622,France,Male,59,5,119380.37,1
15745455,Navarrete,638,Germany,Male,62,4,108716.59,2
15583033,Huguley,640,France,Female,20,4,0.0,2
15644212,Han,644,Spain,Male,28,0,0.0,2
15735688,Horsley,753,France,Female,31,6,106596.29,1
15658577,Massie,629,France,Female,37,10,99546.25,3
15606887,Singh,775,France,Female,30,5,0.0,1
15783026,Unknown,701,France,Female,41,2,0.0,1
15579892,Doyle,708,Spain,Male,19,7,112615.86,1
15802088,Grant,521,Spain,Female,22,10,0.0,1
15589323,Law,636,France,Female,24,9,0.0,2
15636395,King,529,France,Female,31,5,0.0,2
15712772,Onwubiko,757,France,Male,28,3,75381.15,1
15700937,Romano,767,Spain,Female,24,5,0.0,2
15766659,Okwudilichukwu,525,Spain,Male,33,5,0.0,2
15814033,Milano,759,Spain,Male,38,1,0.0,2
15783007,Parker,520,Germany,Female,45,1,123086.39,1
15654183,Aitken,738,France,Female,26,3,0.0,2
15609899,Obiora,548,Spain,Male,37,4,0.0,1
15747323,Vasilyeva,535,Spain,Male,48,9,109472.47,1
15582591,Chiabuotu,615,Spain,Male,59,4,155766.05,1
15738835,Slater,850,Germany,Male,38,7,101985.81,2
15782404,Hughes,487,France,Female,34,2,96019.5,1
15697480,Menkens,731,France,Male,30,7,0.0,2
15697045,Pisani,726,Spain,Female,35,9,0.0,2
15781234,Y?an,609,France,Female,35,2,147900.43,1
15579891,Milani,714,France,Male,52,4,100755.66,1
15805690,Chin,694,Spain,Female,35,7,0.0,1
15612139,Fu,786,France,Female,33,0,83036.05,1
15568834,Howells,698,Spain,Male,27,6,125427.37,2
15709917,Ni,601,France,Female,46,3,98202.76,1
15718843,Maslova,769,Spain,Male,41,1,72509.91,1
15799494,Forster,850,Germany,Male,44,3,140393.65,2
15673439,Sun,646,Spain,Female,50,5,142644.64,2
15669011,Bocharova,659,France,Female,44,9,23503.31,1
15581388,Y?an,487,Spain,Male,33,8,145729.71,1
15743153,Singh,740,Germany,Female,40,2,122295.17,2
15579787,Nkemakonam,686,France,Male,39,4,0.0,2
15759966,Chiemenam,612,Spain,Female,36,5,119799.27,2
15601045,Angelo,655,Spain,Male,37,8,163708.58,2
15764021,Frolov,617,France,Male,34,1,61687.33,2
15687218,West,674,France,Female,27,4,79144.34,1
15626452,Beatham,711,Spain,Male,32,5,0.0,2
15700964,Pollard,624,Germany,Female,27,7,104848.68,1
15768887,Hsing,597,Spain,Male,26,5,0.0,2
15735358,Dowse,682,Spain,Male,46,4,0.0,1
15749472,Lucciano,775,France,Male,45,8,0.0,1
15685872,Godfrey,727,France,Female,29,1,146652.01,1
15760851,Gratton,629,France,Male,31,6,0.0,2
15734588,Manning,684,France,Male,46,0,0.0,2
15784594,Mazzi,549,Germany,Female,37,1,130622.34,2
15606435,Wall,593,Germany,Male,69,2,187013.13,2
15790247,Sims,536,Spain,Male,40,9,0.0,2
15676433,Allan,707,France,Female,36,6,0.0,1
15625905,Griffen,592,Spain,Male,41,0,0.0,2
15626414,Russell,703,France,Male,44,6,98862.54,1
15623220,Brown,723,Spain,Female,45,4,0.0,2
15752857,Palerma,452,Germany,Male,52,1,98443.14,2
15677908,Gilbert,552,Spain,Male,42,4,0.0,2
15773013,Uvarov,633,France,Female,47,0,0.0,1
15623972,Wisdom,479,Germany,Female,23,9,123575.51,1
15738627,Hussain,768,France,Male,25,6,0.0,2
15643392,Woods,742,France,Male,31,4,105239.1,1
15684868,Cameron,668,Germany,Male,56,9,110993.79,1
15627854,Mai,707,Spain,Male,44,3,0.0,2
15669253,Gibson,754,Spain,Male,39,7,157691.98,2
15758023,Grigoryeva,544,Germany,Male,47,5,105245.21,1
15574558,Gunter,718,Spain,Male,32,8,0.0,2
15635256,Arcuri,762,France,Male,31,7,117687.35,1
15680399,Tung,772,France,Male,23,2,0.0,2
15674720,Smith,691,Germany,Female,37,7,123067.63,1
15580249,Lori,502,France,Male,45,0,0.0,1
15675431,Chidimma,563,France,Female,34,6,0.0,2
15698285,Ting,676,France,Female,41,4,101457.14,1
15810775,Tsao,576,Spain,Male,52,2,100549.43,2
15678173,Collee,629,Spain,Male,35,4,174588.8,2
15665222,Lettiere,625,Spain,Male,52,8,121161.57,1
15803908,Fu,628,France,Male,45,9,0.0,2
15586039,Bergamaschi,471,Germany,Female,36,5,90063.74,2
15802570,Dyer,811,France,Female,45,5,0.0,2
15781451,Buccho,504,France,Male,42,3,134936.97,2
15721019,Jones,687,France,Female,24,3,110495.27,1
15738588,Nebechi,660,Germany,Female,37,2,133200.09,1
15730657,Ibekwe,548,France,Female,41,4,82596.8,1
15739292,Gorshkov,609,Germany,Male,31,9,103837.75,1
15725945,Nweke,659,Spain,Female,42,2,0.0,1
15813159,Hairston,526,France,Male,52,8,93590.47,1
15636820,Loggia,725,Germany,Male,40,8,104149.66,1
15603880,Morgan,519,Germany,Male,38,1,114141.64,1
15619494,Abdulov,562,Germany,Female,31,9,117153.0,1
15596992,Norris,482,Germany,Male,45,7,156353.46,1
15735025,Clark,535,Spain,Male,37,3,175534.78,2
15730759,Chukwudi,561,France,Female,27,9,135637.0,1
15752912,Perkin,661,France,Female,30,7,0.0,2
15711316,Ch'ang,771,France,Male,27,2,0.0,2
15738785,Kang,545,France,Male,26,7,0.0,2
15777896,Chukwudi,850,Germany,Female,33,2,83415.04,1
15628963,Frolova,601,Germany,Male,43,3,141859.12,2
15742126,Chiu,712,Germany,Male,38,7,132767.66,2
15575623,Simpson,589,France,Female,31,10,110635.32,1
15741652,McLean,600,Spain,Male,37,8,177657.35,1
15738884,Hu,642,Germany,Male,41,4,157777.58,1
15615050,Savage,575,Germany,Male,47,9,107915.94,2
15803005,Wallace,570,Germany,Female,57,5,86568.75,1
15743498,Winter,532,Germany,Male,52,9,137755.76,1
15720463,Ho,796,France,Male,30,2,137262.71,2
15588695,Su,833,Spain,Male,32,6,0.0,1
15665802,Li Fonti,642,Spain,Female,36,6,0.0,2
15571144,Ives,655,France,Male,28,10,0.0,2
15750731,Trevisani,736,Germany,Male,50,9,116309.01,1
15605134,Bond,617,France,Female,34,0,131244.65,2
15626044,Lettiere,762,Germany,Male,28,3,125155.83,2
15737910,Houghton,703,Germany,Male,35,5,140691.08,2
15761076,Lei,507,France,Male,41,3,58820.32,2
15710105,Stirling,581,Germany,Female,26,3,105099.45,1
15577402,Grant,593,France,Male,31,9,0.0,2
15803337,Baresi,648,France,Male,23,9,168372.52,1
15654372,Pearce,462,Germany,Male,34,1,94682.56,2
15585867,Rutledge,596,Spain,Male,36,2,0.0,2
15662488,Udegbunam,627,France,Female,44,5,0.0,2
15604813,Zaytseva,494,France,Male,40,7,0.0,2
15611644,Onyemauchechukwu,627,France,Male,73,0,146329.73,1
15674928,Mullah,850,Spain,Male,37,2,0.0,2
15656100,Candler,632,France,Female,49,5,167962.7,1
15764293,Konovalova,490,France,Male,33,1,0.0,2
15636423,Lei,715,France,Male,40,7,0.0,1
15607629,Hollis,679,France,Male,48,8,0.0,2
15577313,Lionel,619,France,Male,44,3,116967.68,1
15714493,Francis,465,Spain,Female,33,6,0.0,2
15643359,Carter,736,Spain,Male,32,7,0.0,1
15687913,Mai,501,Germany,Female,34,7,93244.42,1
15790935,Johnson,535,France,Female,29,5,0.0,2
15708693,Sherman,759,France,Female,33,2,0.0,2
15672016,Sabbatini,819,France,Male,35,1,0.0,2
15727605,Shih,533,Germany,Male,43,4,80442.06,2
15651144,Yao,632,Germany,Female,35,2,150561.03,2
15749401,Ko,686,France,Male,60,9,0.0,3
15691874,Kazakova,687,France,Female,34,9,125474.44,1
15620735,Chiganu,667,Germany,Female,33,4,127076.68,2
15769781,Nucci,699,Spain,Female,25,8,0.0,2
15624611,Marsden,497,Spain,Male,37,8,128650.11,2
15773071,Serena,780,Spain,Female,33,6,145580.61,1
15720371,McLean,652,France,Female,51,3,0.0,1
15717984,Longo,477,France,Male,47,9,144900.58,1
15806407,Wilson,652,France,Female,37,4,0.0,2
15785042,Hsiung,488,France,Female,31,8,97588.6,1
15809302,Wright,572,France,Male,24,1,0.0,2
15677550,Folliero,755,France,Female,38,1,0.0,2
15654096,Johnston,779,Germany,Female,24,10,122200.31,2
15617320,Palermo,693,Spain,Female,46,3,151709.33,1
15653065,Nwabugwu,530,Spain,Female,22,7,0.0,2
15649112,Endrizzi,738,Spain,Female,33,3,122134.4,2
15690526,Tuan,690,Germany,Male,31,2,137260.45,2
15806945,Udobata,611,France,Female,30,9,88594.14,1
15670066,Ibezimako,643,Spain,Male,34,6,0.0,2
15625761,Maclean,632,Germany,Male,41,8,127205.32,4
15761525,Shaw,727,Spain,Female,31,10,96997.09,2
15735080,Cummins,508,France,Female,64,2,0.0,1
15619537,Lavrentiev,550,France,Male,31,5,142200.19,2
15598162,Saunders,754,Germany,Female,39,3,160761.41,1
15694300,Fiorentino,759,France,Male,26,4,0.0,2
15637235,Knight,794,Spain,Male,33,8,0.0,2
15612444,Manfrin,549,France,Male,29,3,0.0,2
15626457,Zetticci,671,France,Male,31,0,116234.61,1
15627995,Angelo,756,Germany,Female,26,5,155143.52,1
15706128,Zhdanov,632,France,Female,21,1,0.0,2
15666430,Peck,579,France,Male,38,8,0.0,2
15627385,Uwaezuoke,748,France,Male,34,5,84009.47,1
15581323,White,488,Germany,Female,28,7,139246.22,2
15608109,Greco,710,Germany,Male,58,7,170113.0,2
15801942,Chu,619,Spain,Female,41,8,0.0,3
15567431,Kodilinyechukwu,773,France,Male,64,2,145578.28,1
15810167,Scott,657,Spain,Male,75,7,126273.95,1
15644501,Enyinnaya,579,France,Female,26,10,162482.76,1
15785290,Hao,542,France,Male,29,9,0.0,1
15611157,McElhone,709,France,Female,32,2,87814.89,1
15673837,Ko,617,Spain,Male,61,3,113858.95,1
15656822,Day,568,Germany,Male,43,5,87612.64,4
15580560,Harris,769,France,Female,73,1,0.0,1
15760641,Gerald,608,Germany,Male,26,1,106648.98,1
15587584,Nebeuwa,503,Spain,Male,31,4,0.0,2
15604146,Kaodilinakachukwu,608,Germany,Female,38,8,103653.51,2
15813974,Maruff,731,Germany,Male,37,3,116880.53,1
15746986,Howe,850,Germany,Female,40,4,97990.49,2
15759741,Knepper,591,Germany,Female,34,4,150635.3,1
15734892,Fennell,579,Spain,Male,37,4,0.0,2
15797194,T'ao,570,France,Male,39,10,129674.89,2
15723786,Morris,709,France,Female,37,9,0.0,2
15642726,Holmes,611,France,Male,53,3,83568.26,1
15664339,Yu,775,Spain,Male,48,4,178144.91,2
15754526,Walker,699,Germany,Male,36,6,147137.74,1
15703037,Edwards,618,France,Male,37,5,0.0,1
15751412,Harvey,704,France,Male,36,3,114370.41,1
15609558,McDonald,835,Germany,Female,47,5,108289.28,2
15572408,Chambers,714,Germany,Male,39,3,149887.49,2
15613923,Reed,581,Spain,Female,43,4,170172.9,1
15747000,Shih,592,France,Male,27,3,0.0,2
15731781,Onyemachukwu,551,France,Male,43,7,0.0,2
15727198,Teng,689,Germany,Female,28,2,64808.32,2
15794273,Hand,604,France,Female,56,0,62732.65,1
15804950,Onyemauchechukwu,514,France,Female,41,7,0.0,2
15576304,Bailey,698,France,Male,29,5,95167.55,1
15645200,Chiang,581,Germany,Female,54,2,152508.99,1
15779627,Maclean,573,Germany,Male,31,0,134644.19,1
15750755,Yobachi,449,Spain,Female,33,8,0.0,2
15569654,Munro,850,Germany,Female,31,3,51293.47,1
15753079,Chidi,612,France,Male,41,5,0.0,3
15684995,Chamberlain,690,Spain,Male,49,8,116622.73,1
15790763,Trujillo,599,Spain,Female,49,2,0.0,2
15766458,Tang,498,France,Male,33,1,198113.86,1
15616221,Wilson,497,France,Female,29,4,85646.81,1
15776124,Mann,802,Spain,Male,51,7,0.0,1
15665811,Parry,644,France,Male,33,9,141234.98,1
15729804,Manfrin,714,France,Male,34,10,0.0,2
15714062,Millar,690,France,Female,40,9,77641.99,1
15592197,Simmons,522,Spain,Male,30,3,0.0,2
15793116,Beneventi,502,Germany,Female,40,7,117304.29,1
15638231,Chung,730,Spain,Female,62,2,0.0,2
15697678,Maxwell,590,Germany,Male,36,6,92340.69,2
15800412,Dale,458,Germany,Male,35,9,146780.52,2
15597610,Stevens,553,Spain,Male,41,6,144974.55,1
15726634,Wei,479,France,Male,47,1,0.0,1
15670866,Chiu,693,France,Male,31,2,0.0,2
15667462,Duncan,707,Spain,Male,43,10,0.0,2
15662574,Brady,636,Spain,Male,37,1,115137.26,1
15716926,Macleod,807,France,Male,33,10,101952.97,2
15603554,Berkeley,513,France,Female,45,0,164649.52,3
15716800,Kaur,582,France,Male,31,2,0.0,2
15679429,Bell,694,France,Male,32,0,91956.49,1
15616122,Nwokike,777,France,Male,39,8,0.0,2
15742172,Williamson,598,Germany,Male,32,9,123938.6,2
15792305,Mountgarrett,762,Germany,Male,46,6,123571.77,3
15636016,Wreford,588,France,Female,34,3,120777.88,1
15733138,Paterson,663,Germany,Male,42,5,90248.79,1
15669741,Hou,777,France,Male,36,7,0.0,1
15616954,Smith,592,France,Male,71,4,0.0,2
15729238,Peng,631,Germany,Male,48,1,106396.48,1
15718242,Wollstonecraft,725,Germany,Female,47,1,104887.43,1
15682914,Bolton,850,France,Male,34,2,72079.71,1
15654274,Corrie,540,France,Male,37,6,0.0,2
15691457,Boyle,674,Spain,Male,36,2,0.0,2
15719649,Lambie,553,France,Male,38,3,99844.68,1
15778897,Cartwright,630,France,Female,28,1,0.0,2
15589437,Lu,466,France,Male,26,3,156815.71,1
15682369,Pisano,613,France,Male,47,6,146034.74,1
15626507,Chukwubuikem,558,France,Male,27,1,152283.39,1
15571995,Harper,775,Germany,Female,33,1,118897.1,2
15673333,Wilson,698,Germany,Male,52,8,96781.39,1
15748752,Ch'in,608,Germany,Male,33,1,102772.67,2
15725302,Streeton,670,Spain,Female,20,4,0.0,2
15722083,Ch'ang,591,Spain,Male,39,8,0.0,2
15771442,Pennington,633,France,Male,40,4,150578.0,1
15803633,T'ien,678,France,Female,46,1,0.0,2
15672185,Liu,590,France,Male,47,3,0.0,2
15806486,Cunningham,705,France,Female,48,0,0.0,2
15570895,Ch'in,608,France,Male,42,10,163548.07,1
15614520,Smith,682,France,Female,37,8,148580.12,1
15687492,Anderson,596,Germany,Male,32,3,96709.07,2
15675337,Forbes,395,Germany,Female,34,5,106011.59,1
15721047,Ansell,578,Germany,Male,37,1,135650.88,1
15589017,Chiu,547,Germany,Male,55,4,111362.76,3
15611186,Yevdokimova,609,France,Male,37,1,39344.83,1
15617301,Chamberlin,774,Germany,Male,36,9,130809.77,1
15726046,Johnston,712,France,Female,27,2,133009.51,1
15585748,McDonald,585,Germany,Female,28,9,135337.49,2
15672826,Chen,666,France,Female,32,10,112536.57,2
15595162,Cattaneo,708,Spain,Female,35,8,122570.69,1
15650026,Barclay-Harvey,513,France,Male,44,1,63562.02,2
15745826,Dawson,445,France,Male,37,3,0.0,2
15708610,Costa,690,Germany,Male,44,9,100368.63,2
15624471,Chikwado,850,France,Male,37,6,0.0,2
15590097,Ch'eng,537,Spain,Female,33,7,136082.0,1
15689328,Harrison,705,Germany,Male,48,9,114169.16,1
15582154,Crawford,670,France,Female,45,5,47884.92,1
15734626,Gibson,652,Spain,Female,36,1,0.0,2
15702806,Martin,696,Spain,Male,24,9,0.0,1
15620756,Stokes,747,France,Male,49,6,202904.64,1
15611331,Niu,511,France,Female,46,1,0.0,1
15576935,Ampt,743,Spain,Male,43,2,161807.18,2
15661275,Wynn,532,Germany,Male,52,3,110791.97,1
15814940,Lawrence,642,Spain,Female,33,9,0.0,2
15768471,Wagner,554,Germany,Female,54,6,108755.0,1
15697391,Argyle,604,Spain,Female,34,3,0.0,2
15793346,Ofodile,602,France,Female,72,3,0.0,2
15608338,Chiemenam,757,Spain,Female,55,9,117294.12,4
15578546,Akobundu,491,Germany,Male,26,4,102251.14,1
15656921,Locke,850,France,Male,31,4,0.0,2
15761340,Bullen,521,France,Male,22,5,0.0,2
15591135,Forster,726,France,Male,37,2,132057.92,2
15623219,Smith,596,France,Male,33,8,0.0,1
15655229,Craig,850,Germany,Female,35,7,114285.2,1
15805884,Archer,637,France,Female,41,9,0.0,2
15668289,McWilliams,690,Spain,Male,32,2,76087.98,1
15568562,Moss,689,France,Male,40,8,160272.27,1
15773276,Townsend,633,Spain,Male,63,4,114552.6,1
15622801,Brown,555,France,Female,27,8,102000.17,1
15779886,Munson,563,Spain,Male,24,7,0.0,2
15713673,T'ien,494,France,Female,33,1,137853.0,1
15783083,Shubin,534,France,Male,27,9,0.0,2
15742824,Isayeva,696,Germany,Male,42,7,162318.61,1
15621550,Hung,535,Spain,Female,50,1,140292.58,3
15799480,Webb,600,France,Male,34,0,0.0,2
15625247,Scott,807,France,Female,34,1,0.0,1
15755241,Rahman,714,France,Female,52,2,0.0,1
15575679,Lori,590,France,Male,24,7,126431.54,1
15668235,Cooke,614,France,Female,41,3,123475.04,1
15683183,Volkova,766,Germany,Female,45,6,97652.96,1
15684592,Lamb,557,Spain,Male,42,4,0.0,2
15591169,Hawes,788,Germany,Female,49,4,137455.99,1
15653455,Smith,648,France,Female,38,2,0.0,2
15732563,Swanton,726,Germany,Female,33,7,99046.31,2
15656471,Mitchell,773,France,Male,33,9,0.0,2
15598510,Colombo,583,Germany,Male,27,4,105907.42,2
15766427,Shaw,565,Germany,Male,52,5,97720.35,2
15785342,Shipp,705,France,Male,25,9,0.0,2
15641595,Jonathan,685,Spain,Male,43,4,97392.18,2
15798429,Hernandez,741,France,Male,29,8,0.0,2
15648136,Green,658,Germany,Female,28,9,152812.58,1
15812482,Young,575,France,Male,27,3,139301.68,1
15790810,Han,844,France,Female,41,10,76319.64,1
15687421,Highland,559,Spain,Male,67,9,125919.35,1
15765643,Hamilton,725,France,Male,37,6,124348.38,2
15654878,Yobanna,450,France,Male,29,7,117199.8,1
15686835,Crawford,738,Germany,Female,57,9,148384.64,1
15768340,Beavers,642,Germany,Female,19,3,113905.48,1
15673599,Williamson,618,Spain,Male,32,5,133476.09,1
15689096,Beneventi,590,France,Male,47,0,117879.32,1
15684294,Chidumaga,735,France,Male,50,2,0.0,2
15615828,Mitchell,550,France,Male,34,8,122359.5,1
15746012,Chibugo,729,Spain,Female,28,0,0.0,2
15615797,Hyde,743,Germany,Male,59,5,108585.35,1
15788494,Alekseeva,555,France,Male,31,8,145875.74,1
15793856,Abdulov,667,Spain,Female,36,3,121542.57,2
15629545,Buckley,790,Spain,Female,41,7,109508.68,1
15661198,Howard,727,Germany,Male,34,2,146407.11,1
15715117,Peel,744,France,Female,39,6,0.0,1
15701074,Herz,629,Germany,Male,35,8,112330.83,1
15793046,Holden,619,France,Female,35,4,90413.12,1
15623744,McLean,634,France,Male,34,8,105302.66,1
15611329,Findlay,608,Spain,Female,35,6,0.0,2
15740428,Wyatt,507,France,Female,35,1,0.0,2
15781534,Rapuluolisa,536,Germany,Female,35,4,121520.36,1
15618243,Buckland,730,Spain,Female,43,1,103960.38,1
15784161,Hargreaves,583,Germany,Male,39,8,102945.01,1
15700325,Onyeoruru,644,France,Female,24,8,92760.55,1
15659064,Salas,790,Spain,Male,37,8,0.0,2
15658364,Laney,807,Germany,Female,40,1,134590.21,1
15704340,Fu,581,France,Female,37,10,104255.03,1
15793455,Tien,627,Spain,Female,55,6,0.0,1
15579777,Sazonova,850,France,Male,41,3,0.0,2
15632345,Tuan,754,France,Female,35,4,0.0,2
15814468,Wei,551,Germany,Male,50,1,121399.98,1
15754820,Bergamaschi,637,Germany,Male,35,8,147127.81,2
15707505,Taylor,699,Spain,Male,31,8,125927.51,2
15699507,Messersmith,542,France,Female,25,7,0.0,2
15799600,Coles,640,Germany,Male,48,1,111599.32,1
15794472,Brookes,553,France,Female,27,3,0.0,2
15646632,Reid,741,France,Male,38,9,0.0,2
15676353,Etheridge,598,France,Male,35,8,114212.6,1
15566312,Jolly,660,Spain,Female,42,5,0.0,3
15570414,Chizoba,618,Spain,Male,41,4,115251.64,1
15776743,Eberegbulam,647,France,Male,43,9,0.0,2
15674637,Pagnotto,491,France,Female,68,3,107571.61,1
15730418,Lucchesi,652,France,Female,32,2,0.0,2
15739972,Hughes,650,Germany,Female,45,9,152367.21,3
15661591,Panicucci,413,Germany,Male,39,1,130969.77,2
15675585,Burns,416,Germany,Female,25,0,97738.97,2
15814750,Ricci,629,Spain,Male,34,8,0.0,2
15593454,Lambert,678,Spain,Female,40,4,113794.22,1
15663421,Esposito,527,Spain,Male,28,6,128396.33,2
15576196,Benson,743,Spain,Female,48,5,118207.69,2
15677324,Botts,683,Germany,Male,73,9,124730.26,1
15568742,Parkes,536,France,Female,41,9,0.0,1
15693764,Mai,663,Spain,Male,52,0,136298.65,1
15714260,Castiglione,646,France,Female,38,2,0.0,2
15798200,Manna,707,France,Male,35,2,0.0,3
15656627,Lin,602,France,Male,34,5,0.0,2
15791111,Fink,635,France,Female,47,2,125724.95,2
15638269,Baresi,597,France,Male,67,2,0.0,2
15807473,Morehead,503,France,Male,38,1,0.0,2
15708534,Afamefuna,524,Spain,Female,64,5,0.0,1
15640686,Greco,700,France,Male,46,5,95872.86,1
15588904,Balashova,692,France,Male,33,9,0.0,1
15768763,Bogdanov,562,France,Male,37,2,0.0,1
15770543,Lowe,679,France,Male,37,7,74260.03,1
15642162,Ponce,603,Germany,Male,35,1,123407.69,1
15714046,Trevisano,720,Spain,Male,33,3,123783.91,2
15575060,Gardner,797,France,Male,24,5,0.0,2
15812040,Lorenzo,594,France,Male,36,6,153880.15,1
15812073,Palmer,529,France,Female,31,7,0.0,2
15706810,Zuyeva,606,Germany,Female,32,1,106301.85,2
15584090,Jen,621,Spain,Female,40,7,0.0,2
15810807,Alekseeva,513,France,Female,43,9,0.0,2
15582033,Manfrin,753,Germany,Male,44,3,138076.47,1
15687607,Chiemenam,605,France,Female,30,9,135422.31,1
15588406,Chiemenam,574,Spain,Female,37,7,0.0,2
15784099,Clark,726,France,Female,38,5,126875.62,1
15701352,Fanucci,611,Spain,Female,28,3,96381.68,2
15789371,Cattaneo,593,Germany,Female,41,4,119703.1,2
15602845,Udinesi,466,Germany,Male,41,2,152102.18,2
15707918,Bentley,741,Germany,Female,36,0,127675.39,2
15602812,Holmes,684,Germany,Female,44,2,133776.86,2
15675888,Austin,550,Spain,Female,33,9,72788.03,1
15591822,Mackenzie,593,Spain,Male,26,9,76226.9,1
15738501,Booth,601,Germany,Male,48,9,163630.76,1
15585907,Collier,676,Spain,Female,30,5,0.0,2
15579040,Hs?,556,France,Female,46,10,0.0,2
15804211,Oluchukwu,719,France,Male,36,3,155423.17,1
15736126,Sung,850,Germany,Male,55,0,98710.89,1
15745399,Marino,649,Spain,Female,49,2,0.0,1
15760749,Vinogradov,509,Spain,Male,41,7,126683.8,1
15637118,Burns,684,France,Male,33,4,140700.61,1
15657829,Fanucci,806,Germany,Male,30,8,168078.83,1
15738497,Chukwujamuike,729,Spain,Male,44,4,107726.93,2
15690695,Flynn,683,France,Female,33,9,0.0,2
15762351,Chao,689,Spain,Female,63,1,0.0,2
15791172,Yeh,672,Germany,Female,21,1,35741.69,1
15598982,Klein,602,Germany,Female,53,5,98268.84,1
15734765,Mahmood,739,France,Female,20,4,133800.98,1
15642912,Tu,618,France,Female,21,2,125682.79,1
15769516,Shcherbakov,674,France,Female,42,9,0.0,2
15789379,Zetticci,762,France,Male,26,6,130428.78,1
15695103,Carr,790,Spain,Male,37,6,0.0,2
15801924,Browne,754,Spain,Female,27,8,0.0,2
15767804,Feng,729,France,Male,44,6,0.0,2
15718039,Ferguson,606,Germany,Female,47,0,137138.2,2
15579994,Shaw,616,France,Male,23,8,73112.95,1
15595037,Palermo,772,France,Male,47,9,152347.01,1
15600720,Moore,652,Spain,Male,41,8,115144.68,1
15782608,Huang,743,France,Male,43,5,0.0,2
15566894,Gray,793,France,Male,39,3,137817.52,1
15749123,Sokolova,743,Spain,Male,45,7,157332.26,1
15668943,Henderson,746,France,Male,37,2,0.0,2
15577423,Mosley,627,Germany,Female,39,5,124586.93,1
15623102,Nnaemeka,713,Spain,Male,38,6,116980.78,2
15728012,Everett,678,Spain,Female,40,3,128398.38,1
15683363,Goddard,540,Spain,Male,39,1,0.0,1
15699335,Kuo,615,Germany,Female,33,3,137657.25,2
15574369,Bianchi,415,Spain,Male,53,5,167259.44,1
15703167,Rouse,628,France,Female,45,8,0.0,2
15754874,Nwoye,700,France,Male,26,4,119009.57,1
15723216,Greco,623,Germany,Male,33,2,80002.33,1
15725094,Fang,623,France,Female,37,4,140211.88,1
15647974,Chiemenam,679,France,Female,44,3,118742.74,2
15583371,Artemiev,632,Spain,Male,37,1,138207.08,1
15772559,Burrows,790,France,Female,47,10,148636.21,1
15711251,Chizuoke,514,France,Male,45,1,178827.79,1
15719212,T'ien,491,France,Male,33,5,83134.3,1
15764927,Rogova,753,France,Male,92,3,121513.31,1
15731412,Trevisano,693,Germany,Female,37,6,95900.04,1
15719170,Sagese,679,France,Female,30,1,112543.42,1
15596011,Artyomova,529,Spain,Male,34,9,0.0,1
15614834,Long,619,Spain,Female,31,3,141751.82,1
15600510,Hsueh,680,Spain,Female,37,6,124140.57,2
15625706,White,693,Germany,Male,45,2,116546.59,2
15781409,Lazarev,834,France,Female,28,6,0.0,1
15722583,Benjamin,636,Spain,Female,29,6,157576.47,2
15677243,Wan,538,Spain,Male,43,5,0.0,2
15815070,Romano,566,Germany,Female,44,5,141428.99,2
15705899,Craig,597,Spain,Male,35,0,127510.99,1
15701522,Yermolayeva,711,France,Female,29,9,0.0,2
15755978,Tseng,606,France,Male,31,10,0.0,2
15722090,Tseng,615,Spain,Male,51,6,81818.49,1
15783526,Le Hunte,589,France,Male,36,1,100895.54,1
15632125,Blake,606,Germany,Male,45,5,63832.43,1
15688395,Lane,582,France,Male,29,4,0.0,2
15666975,Sparks,710,France,Female,36,4,116085.06,1
15682211,Tu,467,France,Male,57,1,0.0,2
15637411,Tochukwu,749,France,Male,30,1,0.0,2
15591512,Whittaker,564,Germany,Female,33,2,115761.51,1
15606855,Wang,730,Spain,Male,26,6,0.0,2
15763683,Northern,678,Germany,Male,32,4,139626.01,1
15641782,Humphries,540,France,Female,31,7,0.0,1
15677184,Cremonesi,767,France,Female,35,6,115576.44,1
15775042,Ku,615,France,Female,23,4,0.0,2
15616630,Tobenna,583,Germany,Female,41,5,77647.6,1
15800233,Okwuadigbo,850,France,Female,40,5,0.0,2
15588419,Johnston,651,Germany,Female,34,10,148962.46,1
15595557,Li,798,France,Male,22,8,0.0,2
15626143,Talbot,695,France,Male,37,2,0.0,2
15566030,Tu,497,Germany,Male,41,5,80542.81,1
15701412,T'ien,739,France,Male,40,4,0.0,2
15702464,Ross,549,France,Female,34,4,0.0,2
15573348,Maclean,850,France,Male,35,9,102050.47,1
15704160,Wan,648,Spain,Male,49,5,0.0,1
15693704,Tsou,679,France,Female,24,6,114948.76,2
15664752,Jack,606,Germany,Male,39,8,136000.45,2
15628292,Lucchesi,850,France,Male,32,4,156001.68,2
15621195,Ch'eng,619,Germany,Male,41,3,147974.16,2
15668629,Saunders,719,Spain,Male,44,2,0.0,2
15635197,Glover,640,Germany,Male,26,5,90402.77,1
15592761,Tung,710,France,Male,40,5,0.0,2
15574283,Padovano,580,France,Male,31,2,0.0,2
15598097,Johnstone,550,France,Male,44,9,0.0,2
15711352,Endrizzi,841,France,Female,31,3,162701.65,2
15620751,Secombe,760,France,Male,34,2,0.0,2
15656717,Elewechi,687,France,Female,30,6,0.0,2
15643121,Chu,753,Germany,Female,35,5,82453.96,2
15723671,Lucciano,661,France,Male,35,9,100107.99,1
15752846,Pinto,699,France,Male,28,7,0.0,2
15640852,McGregor,617,Germany,Female,39,5,83348.89,3
15789313,Ugorji,595,Germany,Female,44,4,96553.52,2
15793688,Bancks,669,France,Male,50,9,201009.64,1
15770405,Warlow-Davies,613,France,Female,27,5,125167.74,1
15702561,Dale,782,France,Male,32,9,0.0,1
15625964,Buckley,582,France,Female,43,5,153313.67,1
15761364,Nkemjika,679,France,Male,30,9,0.0,2
15590286,Fairley,611,France,Female,40,2,125879.29,1
15587978,Boothby,455,Germany,Female,37,6,170057.62,1
15773242,Chukwuhaenye,621,France,Male,32,1,0.0,2
15761053,Lock,596,Germany,Male,48,2,131326.47,1
15702095,Clarke,585,Spain,Female,56,1,128472.8,1
15764253,Ramsey,742,France,Male,32,6,160485.16,1
15700801,Eipper,850,Germany,Male,42,6,84445.68,3
15730590,Ko,738,Germany,Female,40,1,115409.18,2
15643916,Munro,619,Spain,Male,46,8,62400.48,1
15720636,McGregor,628,France,Female,50,4,143054.56,1
15795429,Henderson,487,France,Male,24,7,133628.09,2
15609254,Fernandez,513,Spain,Female,41,9,107135.04,2
15625141,Porter,563,Spain,Male,26,7,0.0,2
15810898,Pan,803,France,Female,65,2,151659.52,2
15775797,Esposito,607,Spain,Female,32,7,0.0,3
15795246,Kaeppel,628,Germany,Female,51,9,155903.82,2
15795275,Lamb,521,Spain,Female,49,4,82940.25,2
15571869,Lei,669,Germany,Female,50,4,112650.89,1
15694143,Conti,686,France,Female,41,10,0.0,1
15748231,Hargreaves,700,Germany,Male,35,4,95853.39,2
15632185,Yermolayev,663,France,Female,42,1,82228.67,2
15806249,Kerr,671,Spain,Female,31,4,0.0,2
15743293,Waters,651,Germany,Female,35,1,163700.78,3
15598157,Onyeorulu,728,France,Male,34,4,106328.08,1
15700946,Kolesnikova,574,France,Female,34,7,152992.91,1
15722692,Kazakova,464,France,Male,38,3,116439.65,1
15696506,MacDonald,604,Spain,Male,27,9,101352.78,1
15728823,Sharwood,836,Spain,Female,37,10,0.0,2
15808851,Bufkin,511,Germany,Female,75,9,105609.17,1
15675231,Nwankwo,518,France,Female,45,8,0.0,2
15732299,Boniwell,756,France,Male,67,4,0.0,3
15706269,Willis,489,France,Female,47,8,103894.38,2
15590078,Burns,622,Spain,Male,27,9,139834.93,1
15776985,Kung,652,France,Female,36,6,112518.71,2
15756743,Howells,625,France,Female,37,7,115895.42,1
15782364,Bevan,521,Spain,Female,39,3,146408.68,1
15604093,Neitenstein,546,France,Male,34,4,165363.31,2
15749328,Johnson,697,France,Female,45,1,0.0,2
15656322,Sandover,571,Germany,Male,33,3,71843.15,1
15685564,Nnamutaezinwa,748,Spain,Male,35,5,105492.53,1
15785831,Sinclair,591,France,Male,35,7,183027.25,1
15796218,Wei,814,Germany,Male,29,1,131968.57,2
15716218,Higgins,709,France,Female,45,3,104118.5,1
15572735,Chang,433,Spain,Male,27,2,0.0,2
15633840,Henderson,781,France,Male,20,0,125023.1,2
15608760,Cox,656,France,Female,30,4,74323.2,1
15627848,Tsui,683,France,Male,38,7,109346.13,2
15792029,Lee,620,France,Male,32,6,0.0,2
15617331,Sergeyeva,637,Germany,Female,39,3,109698.41,1
15651740,Napolitani,525,Spain,Female,30,5,0.0,2
15636407,Beatham,793,Germany,Female,34,5,127758.09,1
15607526,Lu,638,Germany,Male,50,1,102645.48,1
15632576,Yashina,520,France,Male,31,4,93249.4,1
15581505,Bales,641,France,Male,35,5,0.0,2
15612207,Hill,840,Germany,Female,51,1,87779.83,1
15707242,Ibeamaka,504,Spain,Male,40,5,0.0,2
15721937,Romilly,686,France,Male,38,0,138131.34,1
15773852,Hayes,533,Germany,Male,38,4,70362.52,2
15719778,Chiu,577,France,Female,32,1,0.0,2
15650538,Sun,445,Germany,Female,48,7,168286.58,1
15797475,Brennan,720,France,Male,44,3,86102.27,1
15780359,Storey,643,Germany,Male,25,4,115142.9,1
15737104,Lawson,652,Germany,Female,47,0,126597.89,2
15789936,T'ao,663,France,Female,33,2,0.0,2
15709523,Yao,525,Germany,Female,30,0,157989.21,2
15593425,Bracewell,662,Spain,Female,54,1,187997.15,1
15776725,Kerr,724,Germany,Male,54,8,172192.49,1
15604706,Blake,581,Germany,Male,38,1,133105.47,1
15790958,Sanders,685,Spain,Male,38,4,0.0,2
15747534,Torkelson,595,France,Male,46,10,0.0,1
15574237,Hsueh,588,France,Female,21,8,0.0,2
15690332,Wang,647,Germany,Male,35,3,192407.97,1
15661290,Hightower,785,Germany,Female,38,9,107199.75,1
15651883,Genovesi,794,Germany,Female,55,6,115796.7,1
15808905,Levan,823,France,Male,37,5,164858.18,1
15715532,Lai,687,Germany,Male,38,4,117633.28,1
15786078,Loginov,850,France,Female,28,9,0.0,2
15652401,Lafleur,496,France,Female,36,7,0.0,2
15673074,Obidimkpa,527,Germany,Female,30,6,126663.51,1
15598744,Ch'ang,576,Germany,Female,71,6,140273.47,1
15785975,Mason,525,Spain,Female,60,7,0.0,2
15613180,Miranda,727,Germany,Male,21,8,153344.72,1
15584229,Simon,671,Germany,Female,23,9,123943.18,1
15773804,Golubeva,625,France,Male,39,5,0.0,1
15699515,Manfrin,643,Germany,Male,33,7,98630.31,2
15705313,Stange,707,France,Female,33,2,58036.33,1
15693817,Ferrari,539,Spain,Male,28,5,0.0,2
15673790,Taylor,498,Germany,Male,45,7,109200.74,2
15674868,Wei,696,Spain,Female,30,0,0.0,2
15692110,Ch'eng,758,France,Female,33,7,0.0,1
15645904,Parsons,685,France,Female,33,6,0.0,2
15581332,Pan,655,Germany,Female,30,1,83173.98,2
15808544,Cameron,747,France,Female,40,3,0.0,1
15734948,Igwebuike,601,Spain,Male,24,7,0.0,2
15654531,Tuan,477,France,Male,22,5,82559.42,2
15637774,Fraser,558,France,Male,32,5,73494.21,1
15677141,Turnbull,586,Spain,Male,29,2,132450.24,1
15739578,Chiazagomekpere,850,France,Male,49,6,128663.9,1
15697360,Yudina,505,France,Female,36,2,79951.9,1
15655213,Udinese,591,Germany,Female,51,8,132508.3,1
15580872,Chinweike,761,Germany,Female,38,1,120530.13,2
15683213,Bergamaschi,554,France,Female,35,10,74988.59,2
15801188,Milliner,774,France,Female,47,6,94722.88,1
15645029,Knowles,771,Spain,Female,33,5,0.0,2
15633181,Swinton,792,France,Male,31,6,71269.89,2
15598259,Gregory,673,Germany,Female,41,9,98612.1,1
15576000,Chibueze,765,France,Male,40,6,138033.55,1
15766047,Sukhorukova,748,France,Female,41,2,91621.69,1
15596339,French,422,France,Male,54,3,140014.42,1
15715199,Estrada,568,Spain,Male,27,5,126815.97,2
15615938,Fleming,502,France,Female,64,3,139663.37,1
15679991,Kennedy,524,France,Female,28,7,0.0,2
15626135,Combes,689,France,Male,34,1,165312.27,1
15792934,Carruthers,661,France,Male,26,8,0.0,2
15744046,Andrejew,606,Spain,Male,33,8,0.0,2
15700826,Ko,678,Germany,Female,54,1,123699.28,2
15756301,Daniels,636,Germany,Female,29,3,97325.15,1
15586517,Toscano,647,France,Male,32,5,97041.16,1
15751297,Wilson,732,France,Male,36,5,0.0,2
15710365,Thomson,646,France,Male,50,0,104129.24,2
15679307,Kazantseva,559,France,Female,43,1,0.0,1
15610753,Cremonesi,581,France,Male,28,3,104367.5,1
15811036,Ferri,565,France,Male,46,7,135369.71,1
15610912,Ferri,657,Spain,Female,41,6,112119.48,1
15619932,Lombardi,847,France,Male,66,7,123760.68,1
15746199,Eluemuno,558,France,Female,41,6,0.0,1
15584967,Chiganu,596,Spain,Male,57,6,0.0,2
15734365,Hsueh,579,France,Male,39,5,0.0,2
15726960,O'Brien,741,France,Female,36,3,0.0,2
15665177,Booth,613,France,Male,44,3,0.0,2
15779915,O'Loghlin,694,Spain,Male,31,5,0.0,1
15729110,Lavrov,729,Spain,Female,42,7,0.0,2
15575399,Somadina,480,France,Female,42,1,152160.21,2
15678374,Colombo,666,France,Female,59,5,0.0,2
15792679,Troupe,575,France,Male,24,2,0.0,2
15668767,Kenenna,850,France,Male,36,3,0.0,2
15761886,Franklin,740,France,Male,36,4,172381.8,1
15583076,Deleon,588,Germany,Male,41,6,106116.56,2
15815615,Kung,681,France,Male,36,5,141952.07,1
15591942,Zito,611,Spain,Female,33,7,0.0,2
15724924,Giordano,589,France,Female,37,6,138497.84,1
15762123,Davide,717,Spain,Female,34,1,0.0,2
15567893,Lei,556,Germany,Male,33,3,124213.36,2
15648989,Moss,850,France,Male,37,4,126872.6,1
15662021,Lucciano,685,Spain,Female,42,2,0.0,2
15691627,Tai,713,France,Female,37,8,0.0,1
15731751,Osinachi,437,France,Female,26,1,120923.52,1
15635277,Coates,605,Spain,Male,47,7,142643.54,1
15655252,Larionova,758,Germany,Male,41,10,79857.64,1
15803941,Seleznev,600,France,Male,46,10,95502.21,1
15714380,Butcher,827,France,Male,38,5,0.0,2
15666559,Gould,608,Germany,Male,23,8,197715.93,2
15799998,Cunningham,608,France,Female,30,8,85859.76,1
15703763,Sanderson,554,France,Male,44,7,85304.27,1
15795640,Mai,683,Germany,Female,35,1,132371.3,2
15780056,Reid,660,Spain,Male,33,4,0.0,1
15777873,Downer,628,France,Female,31,5,0.0,1
15584749,Humphries,668,Germany,Male,39,4,79896.0,1
15765258,Bochsa,776,France,Female,29,5,0.0,2
15623346,Czajkowski,820,France,Male,36,4,0.0,2
15614054,Pankhurst,665,France,Male,36,1,0.0,2
15766185,She,850,Germany,Male,31,4,146587.3,1
15667632,Birdseye,703,France,Female,42,7,0.0,2
15599024,Hope,506,Spain,Male,32,8,0.0,2
15798709,Gill,588,Spain,Male,32,3,109109.33,1
15741921,Moon,622,Spain,Female,26,8,0.0,2
15793671,Watt,606,France,Male,34,5,0.0,1
15797900,Chinomso,517,France,Male,56,9,142147.32,1
15667932,Bellucci,758,Spain,Female,43,10,0.0,2
15795933,Barese,677,France,Female,49,3,0.0,2
15660403,Fleming,827,Spain,Female,35,0,0.0,2
15736299,Bell,729,France,Female,36,8,109106.8,1
15759034,Li Fonti,654,France,Male,36,2,112262.84,1
15724663,Christmas,654,Spain,Female,36,5,0.0,2
15594556,Chuter,619,Spain,Male,52,8,0.0,2
15737169,Johnson,642,Spain,Male,26,8,144238.7,1
15632472,Scott,472,Spain,Female,32,1,159397.75,1
15722813,Byrne,470,Spain,Male,30,4,125385.01,1
15588450,Chukwudi,633,France,Female,60,8,69365.25,1
15736717,Ma,602,France,Male,31,7,155271.83,1
15680683,Simmons,640,Spain,Male,29,5,197200.04,2
15710316,Fang,454,Spain,Female,48,5,144837.79,1
15746333,Blake,562,France,Female,57,3,0.0,3
15606861,Tien,636,France,Male,34,8,0.0,2
15641285,Yusupova,621,Spain,Male,50,3,163085.79,1
15662908,Davidson,795,Germany,Male,38,7,125903.22,2
15814267,Zhdanova,550,France,Male,22,6,154377.3,1
15614923,Nielson,630,Spain,Male,41,7,107511.52,1
15579223,Niu,573,Germany,Male,30,8,127406.5,1
15651389,Kay,561,Spain,Male,24,8,143656.55,1
15677087,Green,662,France,Female,39,5,138106.75,1
15665784,She,637,France,Male,27,9,128940.24,1
15576706,Ajuluchukwu,651,Germany,Male,37,9,114453.58,1
15615473,Sabbatini,646,France,Female,33,2,0.0,2
15587299,Board,567,France,Female,48,3,0.0,1
15655389,Leckie,638,France,Male,41,1,131762.94,1
15784491,Ho,725,France,Female,31,6,0.0,1
15809999,Gordon,709,France,Female,41,3,150300.65,2
15681115,Iroawuchi,787,Spain,Male,39,10,108935.39,1
15629390,Liao,653,France,Male,37,7,135847.47,1
15792668,Hamilton,661,Germany,Male,37,7,109908.06,2
15583863,Chimaobim,681,Germany,Male,49,8,142946.18,1
15681878,Fan,436,Germany,Male,45,3,104339.11,2
15782875,Cayley,663,France,Male,33,5,157274.36,2
15732235,Kuykendall,662,France,Male,64,0,98848.19,1
15735909,McDonald,607,Germany,Female,39,8,105103.33,1
15653448,Duncan,754,France,Male,34,7,0.0,2
15587647,Browne,850,Germany,Female,66,0,127120.62,1
15701037,Barton,578,France,Male,39,2,0.0,2
15727499,Boyle,666,Germany,Female,36,3,129118.5,2
15724838,Moretti,599,France,Female,43,4,0.0,1
15666711,Ukaegbulam,586,France,Female,46,0,0.0,3
15588933,Nwankwo,825,France,Female,36,3,146053.66,1
15763111,Niu,808,Spain,Female,67,10,124577.15,1
15805676,Hsu,515,Spain,Male,29,4,151012.55,2
15586674,Shaw,663,Spain,Female,58,5,216109.88,1
15744553,Ho,444,France,Male,34,2,144318.97,1
15776629,Christie,650,France,Female,39,4,0.0,2
15647207,Onwuemelie,609,France,Male,26,7,0.0,2
15715638,Ch'ang,824,Germany,Male,77,3,27517.15,2
15750602,Clendinnen,662,France,Male,29,5,147092.65,1
15766810,Onyemauchechi,699,Germany,Female,51,2,92246.14,2
15756625,Crawford,752,France,Female,41,8,0.0,2
15639552,Mellor,603,Germany,Female,40,8,148897.02,1
15633213,Rizzo,628,Spain,Male,50,8,0.0,1
15610416,Christie,745,France,Female,36,9,0.0,1
15715208,Watkins,804,Germany,Female,33,10,138335.96,1
15619608,Ojiofor,454,Germany,Female,50,10,92895.56,1
15628697,Tung,631,Spain,Male,46,9,160736.63,1
15643826,McKay,503,France,Male,32,4,0.0,2
15718588,Meng,548,France,Female,37,9,0.0,2
15709741,Hussain,668,France,Male,28,4,107141.27,1
15723318,Mactier,619,France,Female,55,0,0.0,3
15717328,Hsueh,842,France,Female,37,4,132446.08,2
15771299,Nnachetam,707,France,Female,57,1,92053.0,1
15706223,Barnes,715,Spain,Male,38,2,96798.79,2
15612358,Christie,573,Germany,Male,35,9,134498.54,2
15769191,Lipton,509,France,Male,55,8,132387.91,2
15618816,Yu,670,Germany,Female,40,2,147171.2,1
15730810,Storey,613,Spain,Male,44,9,100524.69,1
15783463,Read,678,France,Female,26,1,0.0,2
15616213,Levy,555,Germany,Female,51,9,138214.5,1
15611287,Chiu,777,France,Female,30,4,0.0,2
15786454,Moore,552,Spain,Male,55,3,0.0,1
15768682,Amies,640,Spain,Male,39,3,0.0,1
15766172,Tsao,541,France,Male,34,3,128743.55,1
15637646,Rowley,756,France,Male,31,10,122647.32,1
15653404,Aliyev,684,Spain,Female,24,9,79263.9,1
15690546,Riley,618,France,Female,42,2,0.0,4
15735636,Toscano,604,France,Female,53,2,121389.78,1
15605424,Oluchukwu,624,Spain,Male,38,7,123906.55,1
15568449,Fu,661,Spain,Male,38,7,143006.7,1
15688085,Warner,627,Spain,Female,28,3,157597.61,1
15683483,Fleming,812,Spain,Male,38,3,127117.8,2
15659567,Ch'iu,473,France,Female,39,9,117103.26,2
15766667,Langler,717,Spain,Male,36,2,102989.83,2
15624975,Angelo,693,Spain,Male,28,1,145118.83,1
15660878,T'ien,705,France,Male,92,1,126076.24,2
15586557,Milani,661,France,Male,41,5,0.0,1
15746183,Pye,573,France,Female,27,4,0.0,2
15631457,Asher,639,France,Male,37,5,98186.7,1
15754053,Chung,718,France,Female,67,7,0.0,3
15645839,Yudin,570,France,Male,37,6,0.0,1
15689955,Arcuri,461,France,Female,40,7,0.0,2
15593510,Capon,638,Germany,Female,33,5,129335.65,1
15654964,Piccio,608,Spain,Male,48,7,75801.74,1
15594039,Lung,599,Spain,Male,42,6,0.0,2
15625929,Trevisan,762,France,Female,44,7,159316.64,1
15815295,John,662,France,Female,38,2,96479.81,1
15621818,Anayolisa,747,Germany,Male,29,7,117726.33,1
15652700,Ritchie,539,France,Male,39,6,0.0,2
15636860,Ch'eng,625,France,Male,43,4,122351.29,1
15569432,Macleod,656,France,Female,48,9,0.0,2
15751455,Boyle,469,France,Female,48,5,0.0,1
15800583,Chukwuemeka,621,Spain,Female,43,8,0.0,1
15770214,Bryant,754,France,Female,27,7,0.0,2
15613463,Hackett,679,Germany,Female,50,6,132598.38,2
15587066,Kovaleva,535,France,Male,38,2,119272.29,1
15693752,Reed,487,France,Male,37,2,0.0,2
15714874,Major,850,France,Female,42,3,0.0,2
15657809,Lo,585,France,Male,55,10,106415.57,3
15651955,Hanson,603,France,Male,31,4,0.0,2
15570912,Ogbonnaya,728,Germany,Female,32,9,127772.1,2
15640266,Windsor,621,Spain,Male,41,5,104631.67,1
15652069,Calabrese,833,France,Male,30,1,0.0,2
15596074,Keating,502,France,Male,37,10,0.0,1
15800268,Costa,825,Germany,Male,37,6,118050.79,1
15809847,Tan,668,France,Male,46,0,0.0,2
15599074,Ma,487,Spain,Female,40,6,136093.74,1
15599591,Martin,600,Germany,Female,39,7,88477.36,2
15776096,Halpern,606,Spain,Male,34,3,161572.24,1
15611669,Nyhan,623,Germany,Male,50,7,126608.37,1
15694098,Jackson,575,France,Female,54,9,68332.96,1
15713347,Reynolds,577,Spain,Male,48,6,179852.26,1
15713094,Tai,651,France,Female,25,8,0.0,2
15811978,Trevisani,693,Germany,Male,46,2,104763.41,1
15799925,Uwakwe,800,France,Male,60,6,88541.57,2
15692575,Kerr,760,France,Male,38,6,162888.73,1
15743149,Findlay,711,France,Female,35,8,0.0,1
15776947,Ugorji,637,Spain,Male,43,8,0.0,1
15700656,Balashova,662,France,Male,32,9,0.0,2
15594515,Cheng,568,France,Female,44,7,0.0,2
15787884,Martin,692,France,Female,30,7,0.0,2
15577988,Skinner,614,France,Female,35,1,0.0,2
15795586,McDonald,478,France,Male,35,1,92474.05,1
15677739,Dellucci,562,France,Male,36,6,0.0,2
15720134,Reynolds,709,Germany,Male,30,9,115479.48,2
15688868,Birdsall,684,France,Female,26,5,87098.91,1
15642996,Tsai,546,Germany,Female,42,9,86351.85,2
15771222,Oguejiofor,779,France,Female,42,5,0.0,2
15605059,Mackie,576,Germany,Male,63,3,148843.56,1
15568088,Jamieson,481,Germany,Male,44,3,163714.52,1
15665943,Mai,445,France,Male,25,6,0.0,2
15795571,Patterson,606,Spain,Male,36,0,94153.56,1
15662243,Taylor,559,France,Male,50,5,162702.35,1
15593128,Vinogradoff,608,France,Female,56,10,129255.2,2
15589739,North,698,France,Male,41,3,90605.29,1
15787602,Carter,568,Spain,Male,39,5,0.0,2
15685019,Graham,528,France,Male,29,3,102787.42,1
15704209,Noble,802,France,Female,39,7,120145.96,2
15605264,Walker,669,Germany,Male,47,0,63723.78,2
15708265,Chibugo,581,Spain,Female,24,10,159203.71,1
15740264,Yobachi,640,France,Male,38,9,0.0,2
15615477,Ignatyeva,529,Spain,Female,44,1,0.0,2
15727361,Chiemela,547,France,Female,51,1,0.0,2
15760216,Pokrovskaya,718,France,Female,49,10,0.0,1
15806134,Storey,707,Germany,Male,34,9,162691.16,2
15601351,Moroney,735,France,Male,43,9,127806.91,1
15669262,Maslov,765,France,Male,43,9,157960.49,2
15696989,Chukwueloka,469,Germany,Female,52,8,139493.25,3
15688498,Chu,594,Germany,Female,21,2,87096.82,2
15686964,Spence,675,France,Female,34,10,84944.58,1
15625035,Mills,703,France,Male,50,8,160139.59,2
15618391,Doyle,810,France,Male,33,6,0.0,2
15591344,Donnelly,715,Spain,Male,42,6,0.0,2
15605455,Tai,664,France,Male,40,9,0.0,2
15680804,Abbott,850,France,Male,29,6,0.0,2
15768282,Perez,724,Germany,Male,36,6,94615.11,2
15685826,Hsiung,563,France,Male,30,7,90727.79,1
15793491,Cherkasova,714,Germany,Male,26,3,119545.48,2
15797787,Denisov,614,France,Male,36,1,118311.76,1
15611171,Fowler,740,France,Male,33,1,129574.98,1
15601627,Siciliano,587,France,Male,33,8,148163.57,1
15734085,Crocker,465,Germany,Male,24,5,117154.9,1
15809309,Longo,689,Spain,Female,40,5,154251.67,1
15809462,Polyakova,656,France,Male,30,3,0.0,2
15634628,Brown,579,France,Female,33,1,65667.79,2
15775678,Uspensky,716,France,Female,44,1,0.0,1
15579526,O'Meara,551,France,Male,42,1,50194.59,1
15779103,Cantamessa,527,Germany,Female,39,9,96748.89,2
15738715,Alexander,600,France,Female,37,4,0.0,3
15593943,Chinagorom,685,France,Female,43,1,132667.17,1
15754574,Tomlinson,738,Spain,Male,36,5,0.0,2
15737814,Lo,622,France,Male,41,2,127087.06,1
15670889,Nwachukwu,528,France,Male,34,1,125566.9,1
15629299,Yang,546,Germany,Female,52,1,106074.89,1
15771569,Bage,576,Germany,Male,46,4,137367.94,1
15811927,Marcelo,733,France,Female,38,3,157658.36,1
15785654,Ofodile,727,Germany,Male,45,6,114422.85,2
15665524,Savage,605,Spain,Male,41,5,103154.66,1
15736287,Piccio,586,France,Male,33,9,0.0,1
15765732,Simmons,564,Spain,Female,24,6,149592.14,1
15797381,DeRose,593,Germany,Female,48,3,133903.12,2
15598536,Onuchukwu,736,Germany,Female,26,0,84587.9,1
15664506,Goodwin,675,Spain,Male,32,8,197436.82,1
15575619,Teakle,656,Spain,Female,32,1,104254.27,1
15587394,Thomson,462,France,Male,39,4,140133.08,2
15654457,Cross,685,Spain,Female,30,2,0.0,3
15762793,Jones,850,Germany,Female,36,0,136980.23,2
15658067,Walker,636,Germany,Female,48,3,120568.41,1
15642816,De Salis,850,France,Female,27,7,43658.33,2
15693088,Oliver,628,France,Female,37,9,0.0,2
15793883,Lo Duca,798,France,Male,28,3,0.0,2
15665283,Brookes,610,France,Female,57,7,72092.95,4
15680421,Challis,591,France,Female,42,10,0.0,2
15695148,Ibeabuchi,614,Spain,Female,37,9,0.0,2
15636592,Iroawuchi,651,France,Male,35,0,181821.96,2
15772618,Tyler,665,France,Male,25,7,90920.75,1
15724453,Fan,570,France,Male,23,2,0.0,1
15565878,Bates,631,Spain,Male,29,3,0.0,2
15609160,Marsden,586,France,Male,32,1,0.0,2
15678460,Dodgshun,691,France,Male,30,9,0.0,1
15662571,Maclean,639,France,Male,35,8,0.0,2
15606849,Blackall,698,France,Female,27,1,94920.71,1
15670738,Mazzanti,733,Germany,Male,45,2,113939.36,2
15662641,Amadi,850,France,Male,19,8,0.0,1
15727539,Schoenheimer,618,France,Female,31,4,0.0,2
15651020,Fiorentino,473,France,Female,25,6,110666.42,2
15673877,Murray,490,France,Male,39,1,0.0,3
15760865,Fan,754,Germany,Female,48,7,141819.02,1
15705009,Cartwright,649,France,Female,56,8,156974.26,1
15657540,Cremonesi,578,France,Male,50,5,151215.34,2
15707441,White,690,Spain,Male,26,8,116318.23,1
15694765,Sabbatini,610,Germany,Male,49,6,113882.33,1
15649086,Patterson,596,France,Male,42,7,0.0,2
15650488,Bromley,492,France,Female,48,6,127253.98,1
15760924,Doherty,575,Spain,Male,41,2,100062.39,1
15700263,Ifeatu,569,France,Male,66,2,0.0,1
15806922,Bergamaschi,674,Spain,Female,41,4,126605.14,1
15637522,Shubina,507,France,Female,31,0,106942.08,1
15636548,Lung,457,Spain,Male,44,7,0.0,2
15566891,Kinder,584,Germany,Female,41,3,88594.93,1
15627185,Terry,744,Germany,Male,29,6,123737.04,2
15754012,Shepherdson,687,France,Female,35,1,110752.15,2
15627514,Short,688,Spain,Female,46,3,0.0,2
15661433,Zetticci,519,France,Male,34,5,0.0,1
15610653,Belov,733,Spain,Female,38,5,0.0,2
15667002,Knight,666,Spain,Male,43,5,0.0,2
15709199,Burson,511,Spain,Female,40,1,0.0,1
15710087,Nicholls,705,Germany,Female,54,3,125889.3,3
15679884,Hs?eh,544,France,Male,48,10,78314.63,3
15784180,Ku,564,France,Female,36,7,206329.65,1
15808849,T'ien,702,France,Male,40,7,145536.9,1
15751549,Unknown,658,Germany,Male,31,2,77082.65,2
15588235,Vasilieva,654,France,Female,24,8,145081.73,1
15640418,Omeokachie,649,Germany,Female,41,4,115897.73,1
15721116,Napolitano,597,Spain,Male,24,0,108058.07,2
15599084,Hopwood,782,France,Male,33,7,191523.09,1
15773394,Bergamaschi,644,France,Male,38,3,0.0,2
15625713,Lindeman,679,Spain,Female,39,7,91187.9,1
15766417,McKinley,678,France,Female,60,2,0.0,2
15622578,Sergeyev,806,France,Male,34,5,113958.55,1
15799924,Sanchez,668,Spain,Male,43,1,147167.25,1
15618363,Muomelu,659,Germany,Male,29,9,82916.48,1
15637138,Murray,660,France,Male,34,1,0.0,2
15781665,Ibekwe,601,France,Female,37,5,0.0,1
15804853,McVey,781,France,Female,48,0,57098.96,1
15651627,White,628,Germany,Male,39,1,115341.19,1
15680685,Patterson,751,France,Male,30,3,165257.2,1
15808930,Mai,531,France,Female,37,1,0.0,1
15570970,Han,647,France,Female,42,9,0.0,2
15679961,Davidson,708,Spain,Male,46,7,68799.72,1
15705458,Parkin,550,Spain,Male,39,2,116120.19,2
15750396,McKissick,670,France,Male,33,1,0.0,2
15679928,Horsfall,592,France,Female,31,2,84102.11,2
15711181,Clapp,589,France,Female,50,4,0.0,2
15698324,Azikiwe,725,France,Female,33,4,0.0,1
15807433,Zubarev,570,France,Female,43,9,0.0,2
15636590,Pisano,575,France,Male,46,1,0.0,2
15628950,Coates,501,Germany,Male,25,6,104013.79,1
15617206,Trentino,431,Germany,Male,42,8,120822.86,2
15603741,MacDonnell,719,Spain,Male,40,4,128389.12,1
15742607,Ermakov,850,Germany,Male,36,7,102800.72,1
15747821,K?,554,Germany,Female,31,6,135470.9,1
15612043,Hammonds,418,France,Male,36,7,90145.04,1
15809558,Peppin,715,Spain,Male,31,7,0.0,1
15803750,Ball,750,Spain,Female,33,3,161801.47,1
15704681,Yeh,766,Germany,Male,37,2,99660.13,2
15667392,L?,652,Spain,Female,38,6,123081.84,2
15738889,Shih,658,France,Male,42,8,102870.93,1
15598838,Greco,659,France,Female,37,1,151105.68,1
15579109,Napolitano,574,Germany,Male,35,5,163856.76,1
15799042,Zaytseva,611,France,Male,38,7,0.0,1
15697042,Genovesi,738,Spain,Male,35,8,127290.61,1
15696605,Angelo,571,France,Male,49,4,180614.04,1
15802274,Waters,686,France,Female,44,7,55053.62,1
15596808,Maclean,679,Spain,Male,33,4,96110.22,1
15705403,Seleznyova,617,Spain,Female,46,3,106521.49,1
15732903,Fontenot,673,France,Male,39,7,82255.51,2
15581968,Reid,745,France,Female,33,1,0.0,2
15683892,Fraser,677,Germany,Female,26,3,102395.79,1
15595447,Tuan,613,Spain,Male,39,8,118201.41,1
15569249,Howarth,576,France,Female,55,6,44582.07,3
15656188,Davis,584,Spain,Female,30,5,0.0,2
15689661,Gorbunov,663,France,Male,22,6,0.0,2
15644934,Gentry,466,France,Male,26,9,105522.06,1
15721793,Chiu,510,Germany,Female,50,7,123936.54,1
15687413,Sunderland,619,Spain,Female,38,6,0.0,2
15761286,Fan,696,Germany,Female,66,7,119499.42,2
15658240,Parry,554,France,Female,44,9,135814.7,2
15706232,Niu,595,France,Male,52,9,0.0,1
15583394,Zuyev,659,Germany,Male,39,8,106259.63,2
15715643,Ijendu,662,France,Male,44,8,0.0,2
15644856,Bird,556,Spain,Male,38,2,115463.16,1
15785488,Palmer,701,Spain,Female,39,9,0.0,2
15711571,Y?,587,Spain,Male,42,5,120233.83,1
15778604,Nicholson,571,France,Female,47,7,0.0,2
15751180,Adams,539,France,Female,40,7,81132.21,1
15748360,Cocci,644,Germany,Female,34,10,122196.99,2
15770039,Kuo,572,Germany,Male,39,4,112290.22,1
15685096,Trevisani,753,France,Female,50,4,0.0,2
15669501,Kuo,706,France,Male,35,5,0.0,2
15622631,Unknown,588,France,Male,44,8,154409.74,1
15586699,Thomson,825,France,Male,32,9,0.0,2
15702377,Knorr,627,Spain,Male,48,1,132759.8,1
15577170,Manfrin,532,France,Male,60,5,76705.87,2
15769451,Hayes,764,France,Female,44,1,0.0,2
15811877,Shao,700,France,Female,36,4,0.0,2
15648725,Sinclair,660,France,Male,41,3,0.0,2
15752801,Bradshaw,518,Germany,Male,29,9,125961.74,2
15808175,Castiglione,557,France,Female,39,7,49572.73,1
15681342,Hurst,639,France,Female,35,1,103015.12,2
15589210,Adamson,557,France,Female,24,4,0.0,1
15696826,James,633,France,Female,32,1,104001.38,1
15614962,Pavlova,623,Spain,Female,50,2,87116.71,1
15689061,Davey,611,France,Male,68,5,82547.11,2
15640074,Barrett,666,Spain,Female,47,5,0.0,1
15776156,Dolgorukova,521,France,Male,27,4,121325.84,1
15739548,Johnson,775,France,Male,28,9,111167.7,1
15662854,Manna,681,Germany,Male,48,5,139714.4,2
15687688,Hou,564,Germany,Female,32,10,139875.2,2
15715750,Okeke,646,Germany,Female,44,2,113063.83,1
15571121,Kodilinyechukwu,670,France,Female,50,8,138340.06,1
15726466,Esposito,751,France,Male,43,1,114974.24,1
15660390,Boyle,544,France,Female,33,6,0.0,2
15663942,Hsiung,639,France,Female,38,5,0.0,2
15638610,Kennedy,635,Germany,Female,65,5,117325.54,1
15644446,Norton,672,France,Female,28,6,0.0,1
15585892,Zakharov,639,France,Female,35,8,0.0,1
15609356,Chimaraoke,697,France,Female,25,1,0.0,2
15803378,Small,850,Spain,Male,44,8,0.0,2
15599440,McGregor,748,France,Female,34,8,0.0,2
15692408,Brown,463,Spain,Female,35,2,0.0,2
15683168,Frederickson,572,France,Female,30,6,0.0,1
15790254,Wood,741,Spain,Male,50,1,78737.61,1
15767729,Smith,646,Spain,Male,25,5,182876.88,2
15768600,Harris,805,Germany,Male,50,9,130023.38,1
15699839,Hall,637,France,Male,36,2,152606.82,1
15786237,Pickworth,651,France,Male,28,7,0.0,2
15694530,Porter,672,France,Male,28,4,167268.98,1
15796813,Storey,493,France,Male,54,3,167831.88,2
15605791,Li,524,Germany,Male,29,9,144287.6,2
15714087,McGill,624,Germany,Female,45,5,151855.33,1
15711446,Sinclair,569,Spain,Female,51,3,0.0,3
15588123,Horton,677,France,Female,27,2,0.0,2
15748552,Sal,464,Germany,Male,37,4,155994.15,1
15618410,Murray,718,Germany,Male,26,7,147527.03,1
15672432,Giles,594,France,Female,53,4,0.0,1
15610042,Brown,574,France,Male,33,8,100267.03,1
15580914,Okechukwu,478,Spain,Male,48,0,83287.05,2
15583680,White,615,Spain,Male,41,4,0.0,1
15813718,Kirillova,651,Spain,Male,45,4,0.0,2
15767264,Lawson,465,Germany,Male,53,1,117438.17,1
15686461,Sarratt,558,France,Female,56,7,121235.05,2
15678882,Hay,540,Germany,Male,37,3,129965.18,1
15789611,Lin,568,Germany,Male,46,8,150836.92,1
15668679,Ozerova,630,France,Male,31,0,0.0,2
15631685,Lambert,523,Germany,Male,60,1,163894.35,1
15655658,Bulgakov,678,France,Female,48,2,0.0,2
15753591,He,438,France,Male,38,2,0.0,2
15617348,Uchechukwu,544,France,Male,44,1,0.0,2
15704581,Robertson,595,Germany,Male,34,2,87967.42,2
15738487,Leworthy,678,France,Male,26,3,0.0,2
15648069,Onyemachukwu,850,France,Female,36,6,0.0,2
15737627,Rivero,589,Germany,Female,20,2,121093.29,2
15731586,Lai,785,Spain,Female,31,2,121691.54,2
15757467,Feng,563,Spain,Male,57,6,0.0,2
15597709,Hornung,602,France,Female,39,6,154121.32,2
15720529,Schiavone,591,France,Male,29,6,0.0,2
15596797,Barnet,643,Spain,Male,43,1,0.0,2
15681755,Dennys,605,France,Female,32,5,0.0,2
15815271,Ritchie,755,Germany,Male,43,6,165048.5,3
15682860,Lo,769,Spain,Male,38,6,0.0,2
15621546,Yuriev,620,France,Female,33,9,127638.35,1
15705918,Howarth,725,France,Male,31,8,0.0,2
15684512,Gibson,818,Germany,Female,72,8,135290.42,2
15671769,Zikoranachidimma,624,France,Female,71,4,170252.05,3
15642934,Mason,669,Germany,Female,35,4,108269.2,2
15594305,Rizzo,712,France,Female,32,1,0.0,2
15789201,Thomson,603,Germany,Female,35,9,145623.36,1
15706762,Ignatyev,597,France,Female,41,4,145809.53,2
15766183,Ferguson,580,Germany,Male,76,2,130334.84,2
15777994,Woods,718,France,Female,39,3,0.0,2
15568162,Sung,527,Spain,Male,53,8,0.0,1
15680643,Lo,729,Spain,Female,42,1,0.0,2
15761854,Burn,746,France,Female,24,4,0.0,1
15730793,Russell,699,Germany,Female,54,3,111009.32,1
15692137,Jen,759,France,Female,46,2,0.0,1
15608595,Lo Duca,748,France,Female,39,3,157371.54,1
15709459,Oluchi,698,Spain,Female,63,5,0.0,1
15775750,Yao,686,France,Male,37,9,134560.62,1
15585855,Gould,679,France,Male,40,1,0.0,1
15752139,Salter,682,Germany,Male,36,5,72373.62,2
15768295,Warner,778,France,Female,34,7,109564.1,1
15766906,Salier,742,France,Female,25,4,132116.13,2
15725776,Lazar,649,Germany,Male,24,7,101195.23,1
15682576,Onyenachiya,763,France,Male,67,1,149436.73,2
15704081,Findlay,595,Germany,Male,30,9,130682.11,2
15719940,Gibbons,628,Germany,Female,51,10,115280.49,2
15672894,McCawley,625,France,Female,36,8,129944.39,2
15667451,Taylor,733,France,Male,36,5,0.0,2
15636767,Yang,665,Spain,Female,32,10,0.0,1
15571415,Okwudiliolisa,805,Germany,Male,56,6,151802.29,1
15575605,Napolitano,725,France,Male,38,6,0.0,2
15649160,Vavilov,554,France,Female,38,3,138731.95,1
15615832,Teague,675,Spain,Female,35,8,155621.08,1
15600975,Chiemenam,556,France,Female,54,4,150005.38,1
15690772,Hughes,635,Spain,Female,48,2,0.0,2
15565714,Cattaneo,601,France,Male,47,1,64430.06,2
15763108,Davis,600,Germany,Male,53,7,106261.63,1
15723884,Nekrasova,758,Spain,Male,40,3,0.0,2
15644453,Loggia,606,Germany,Female,41,4,132670.53,1
15655464,Combes,640,France,Female,67,3,0.0,1
15783883,Onwuka,753,Germany,Female,38,1,117314.92,1
15787693,Kharlamov,559,Spain,Male,38,3,145874.35,1
15664793,Scott,754,Spain,Female,50,7,146777.44,2
15642391,Lettiere,621,Germany,Male,51,4,109978.83,1
15756538,Osonduagwuike,654,France,Female,37,5,0.0,1
15668830,Wan,650,Spain,Male,24,8,108881.73,1
15796569,Donaldson,831,Spain,Female,44,10,0.0,1
15677112,Chukwufumnanya,519,France,Male,39,2,112957.26,2
15815040,Ma,552,Germany,Female,42,8,103362.14,1
15590434,Alexander,577,Spain,Male,41,4,89015.61,1
15597536,Nkemjika,576,Spain,Male,45,5,133618.01,1
15723989,Carroll,646,France,Male,40,5,93680.43,2
15767358,Obioma,711,Germany,Female,45,1,97486.15,2
15594812,Campbell,806,Spain,Female,37,2,137794.18,2
15688210,Sims,670,France,Female,39,8,101928.51,1
15681509,McKay,679,Spain,Female,28,9,0.0,2
15572390,Huang,850,Spain,Female,39,6,0.0,2
15801441,Campbell,670,Germany,Female,35,2,79585.96,1
15783859,Boni,733,France,Female,24,3,161884.99,1
15575243,Gorbunova,764,France,Female,39,1,129068.54,2
15773421,Genovese,673,France,Female,42,4,0.0,2
15788776,Landor,588,Germany,Male,49,6,132623.76,3
15765257,Meng,564,Spain,Male,31,5,121461.87,1
15661412,Wardell,715,France,Male,32,8,175307.32,1
15636478,Williams,621,France,Male,31,7,136658.61,1
15603683,Ofodile,796,Spain,Female,23,3,146584.19,2
15651868,Clark,672,France,Male,34,6,0.0,1
15815443,Lo,527,Spain,Female,46,10,131414.76,1
15682686,Chukwuemeka,722,France,Female,38,3,0.0,2
15697460,Lai,596,Germany,Male,34,4,99441.21,2
15748432,Arcuri,746,France,Female,32,4,0.0,2
15698271,Graham,523,France,Female,26,4,0.0,2
15808662,Krylov,624,France,Male,44,3,0.0,2
15690372,Henry,553,Spain,Male,38,1,181110.13,2
15781875,Jamieson,850,Spain,Male,33,3,100476.46,2
15801473,Moore,599,Germany,Male,33,2,51949.95,2
15704509,Tan,492,France,Male,35,8,121063.49,1
15694666,Thornton,707,Spain,Male,48,8,88441.64,1
15731166,Macleod,743,France,Female,30,1,127023.39,1
15728523,Rizzo,522,France,Male,41,5,144147.68,1
15788442,Chukwukadibia,681,Spain,Female,57,2,173306.13,1
15689781,Ts'ai,826,France,Female,49,0,0.0,1
15764226,Lu,630,Germany,Female,28,8,106425.75,1
15809837,Kent,430,Germany,Female,66,6,135392.31,2
15805212,Black,806,France,Female,67,1,0.0,2
15716082,Chukwubuikem,703,Spain,Male,39,6,152685.4,1
15643056,McMillan,755,Germany,Female,38,1,82083.52,1
15654859,Ngozichukwuka,612,Spain,Female,63,2,131629.17,2
15761158,Y?an,719,France,Female,54,7,0.0,2
15577515,Sung,554,Germany,Female,55,0,108477.27,1
15723827,Macartney,683,France,Male,30,4,114779.35,1
15646594,Ali,749,France,Male,41,5,57568.94,1
15712877,Morley,724,Spain,Male,36,1,0.0,2
15598802,Martin,770,Spain,Male,30,8,0.0,2
15699340,Okorie,680,France,Male,37,4,0.0,2
15691150,Ku,699,France,Female,32,4,110559.46,1
15608688,Andreyeva,442,France,Male,34,4,0.0,2
15737998,Cheng,529,France,Male,46,8,0.0,1
15735837,Hsia,574,Spain,Male,36,3,0.0,2
15659100,Lane,605,France,Male,33,9,128152.82,1
15609070,Findlay,515,Germany,Male,45,7,120961.5,3
15650313,Okonkwo,632,Germany,Male,65,6,129472.33,1
15627699,Pirogova,558,France,Male,32,10,105000.23,1
15591010,McDonald,434,Germany,Male,55,8,109339.17,2
15798895,Okonkwo,525,France,Female,59,6,55328.4,1
15745375,Nnanna,640,Germany,Male,23,3,72012.76,1
15775235,Ku,690,France,Female,36,6,110480.48,1
15780088,Porter,607,Spain,Male,34,9,132439.99,1
15649379,Somayina,850,France,Female,46,3,0.0,2
15713983,Mao,780,Germany,Male,34,5,94108.54,2
15709252,Fuller,616,Germany,Female,28,10,105173.99,1
15699238,Craig,618,Spain,Female,40,8,0.0,2
15732884,Trevisano,676,France,Male,29,7,131959.86,1
15587297,Ruiz,507,France,Male,33,7,0.0,2
15684722,Fraser,490,France,Male,34,5,122952.9,2
15621244,Gallo,678,France,Male,36,0,107379.68,1
15744273,Waterhouse,637,Germany,Male,30,6,122641.56,2
15682540,Cremonesi,602,France,Female,33,8,0.0,2
15636521,Feng,744,Spain,Female,30,1,124037.28,1
15785339,Unknown,640,France,Female,50,9,117565.03,2
15638983,Jara,684,France,Female,38,5,133189.4,1
15654625,Wilson,495,Germany,Male,39,8,120252.02,2
15697310,O'Callaghan,559,Germany,Female,28,3,152264.81,1
15678210,Robson,684,France,Male,38,5,105069.98,2
15575438,Pease,613,France,Male,42,7,115076.06,1
15632789,Maclean,794,France,Male,30,8,0.0,2
15621423,Lavrentyev,736,France,Female,42,7,117280.23,3
15573520,Rhodes,692,Germany,Male,49,6,110540.43,2
15740458,Murphy,703,Spain,Male,36,7,135095.47,1
15762799,Alexander,720,Germany,Male,23,0,187861.18,2
15686885,Nekrasov,777,Germany,Male,44,3,124655.59,2
15565996,Arnold,653,France,Male,44,8,0.0,2
15662152,Trevisan,552,France,Female,38,9,134105.01,1
15711742,Mason,708,France,Female,34,4,0.0,1
15701885,Tucker,647,France,Female,40,9,0.0,2
15774262,Hobson,597,Germany,Male,52,8,83693.34,2
15567839,Gordon,501,France,Male,42,9,114631.23,1
15644400,Anderson,709,France,Male,44,9,128601.98,1
15797246,Terry,621,Germany,Female,34,2,91258.52,2
15778290,Lappin,799,France,Male,70,8,70416.75,1
15708714,Santiago,675,France,Female,33,6,0.0,2
15586183,Wallace,561,France,Female,35,5,0.0,2
15761733,King,707,France,Female,42,10,0.0,2
15773934,Fang,670,France,Male,33,6,88294.6,1
15705343,May,649,Spain,Female,32,7,0.0,1
15593959,Travis,524,France,Male,28,1,93577.3,1
15664615,Nnachetam,689,Germany,Female,30,5,136650.89,1
15671014,Zhdanova,573,Spain,Female,72,8,98765.84,1
15657778,Jefferson,657,France,Male,33,1,84309.57,2
15585192,Cremonesi,686,Spain,Male,39,10,136258.06,1
15592914,Fang,683,France,Female,29,9,0.0,2
15770995,Sinclair,753,Germany,Female,47,1,131160.85,1
15570990,Begley,520,Spain,Female,30,4,145222.99,2
15596165,Degtyarev,547,Germany,Male,25,4,98141.57,2
15788131,Atkins,653,France,Male,47,6,0.0,1
15800773,Ikenna,648,Spain,Female,28,9,102282.61,1
15690153,Sun,639,France,Female,37,4,116121.84,2
15638989,Lettiere,711,France,Female,25,5,190066.54,1
15623210,Smith,484,Germany,Female,55,8,149349.58,3
15652658,Finch,721,France,Male,36,1,155176.83,2
15684440,Monaldo,548,Germany,Male,32,2,98986.28,1
15730287,Ugonna,679,France,Male,41,8,147726.98,3
15720353,Chiang,553,France,Male,41,1,0.0,2
15767231,Sun,757,France,Male,36,7,144852.06,1
15761554,Blackburn,581,France,Male,54,4,89299.81,1
15706637,Chang,718,Spain,Male,40,9,0.0,2
15690492,Palermo,625,France,Male,41,6,97663.16,2
15694237,McEwan,744,Spain,Male,39,4,95161.75,1
15729771,Davide,799,Germany,Male,31,9,154586.92,1
15609823,Chieloka,751,Spain,Female,34,8,127095.14,2
15793366,Humphreys,781,Germany,Male,35,7,92526.15,2
15614813,Cocci,777,Germany,Female,46,0,107362.8,1
15566495,Hanson,704,Spain,Female,24,2,0.0,1
15707602,Macleod,539,France,Female,47,2,127286.04,2
15635244,Ritchie,716,France,Female,29,6,0.0,2
15805627,Nebechukwu,670,France,Male,37,2,0.0,2
15607986,Nnamutaezinwa,555,France,Male,40,10,139930.18,1
15799785,Ikemefuna,679,Germany,Female,30,4,77949.69,1
15699963,Scott,571,France,Male,38,1,121405.04,1
15624595,Chiang,512,Spain,Female,35,5,124580.69,1
15629750,Artyomova,697,France,Male,35,5,133087.76,1
15651460,Hsieh,424,Spain,Male,34,7,0.0,1
15753550,Levien,684,France,Female,43,7,0.0,2
15594133,Erskine,697,Spain,Male,62,7,0.0,1
15772329,Fiorentino,580,Germany,Male,45,8,103741.14,1
15591552,Okonkwo,600,France,Female,32,7,98877.95,1
15750921,Monds,521,France,Male,37,5,105843.26,2
15701687,Campbell,664,Spain,Male,44,7,77526.66,3
15728906,Ibekwe,634,France,Male,77,5,0.0,2
15670029,Marcelo,445,France,Female,33,7,0.0,2
15763579,Castro,702,Germany,Female,36,2,105264.88,2
15728010,Capon,485,France,Male,37,5,0.0,2
15663194,Voronova,582,Germany,Female,40,3,110150.43,1
15736510,Loggia,605,Spain,Female,57,2,0.0,3
15745804,Law,628,France,Male,25,7,0.0,2
15631451,Grant,604,Spain,Female,28,6,0.0,2
15746995,Greco,724,Germany,Male,31,9,138166.3,1
15730673,Dietz,567,Germany,Male,40,7,122265.24,1
15734649,Martel,779,Spain,Female,55,0,133295.98,1
15701081,Jarvis,785,France,Male,36,2,0.0,1
15632503,Meng,563,France,Female,32,0,148326.09,1
15585928,Hay,821,Germany,Female,31,2,68927.57,1
15648681,Voronoff,747,France,Female,47,5,139914.6,4
15747757,Trevascus,600,Germany,Female,58,8,118723.11,1
15718921,Ho,625,Spain,Male,32,7,106957.28,1
15571081,Hansen,773,France,Female,41,7,190238.93,1
15734578,Craig,726,France,Female,53,1,113537.73,1
15579583,Hall,641,Spain,Female,40,4,101090.27,1
15622729,Sun,649,France,Female,46,2,0.0,2
15662189,Durant,434,Spain,Male,33,3,0.0,1
15692718,Jackson,738,France,Female,38,7,0.0,2
15762716,Chigozie,762,Spain,Female,60,10,168920.75,1
15724851,Farmer,507,Germany,Male,31,9,111589.67,1
15587266,Douglas,606,Germany,Female,27,6,172310.33,1
15675926,Ardis,655,Germany,Male,34,7,118028.35,1
15706268,Smith,697,Germany,Male,51,1,147910.3,1
15581871,Butler,504,Germany,Male,42,7,131287.36,2
15666166,Pettry,653,France,Female,74,0,121276.32,1
15671582,John,660,Spain,Male,38,6,109869.32,1
15680901,Potter,652,France,Female,34,6,97435.85,2
15642336,Shaw,669,France,Female,42,9,0.0,2
15653147,Boyle,594,France,Male,35,2,133853.27,1
15571284,Elmore,756,Germany,Male,32,0,109528.16,2
15591360,Udinesi,642,France,Female,33,4,84607.34,2
15810485,Sun,486,Germany,Male,37,1,101438.0,1
15611973,Tuan,804,France,Male,55,7,0.0,2
15735572,Lawrence,629,France,Male,59,9,113657.83,1
15567860,Burrows,581,Spain,Female,44,7,189318.16,2
15795690,Shao,667,France,Male,31,3,99513.91,1
15706464,White,667,Spain,Male,35,4,97585.32,2
15725028,Chialuka,679,France,Male,29,3,0.0,2
15751167,Toscano,680,France,Female,43,4,0.0,2
15633944,McKay,644,Spain,Male,32,3,136659.74,1
15672637,Voronkov,571,France,Female,30,4,85755.86,1
15680895,Sal,627,Spain,Female,35,7,0.0,1
15793825,Ikechukwu,536,France,Male,39,4,0.0,2
15611318,Kruglova,599,Spain,Male,33,4,51690.89,1
15768474,Clements,744,Spain,Male,34,3,0.0,2
15716276,Kennedy,709,France,Female,34,2,111669.68,1
15623668,Johnson,653,Germany,Male,31,2,154741.45,2
15696361,Chung,648,Germany,Male,31,7,125681.51,1
15607988,Garland,663,Germany,Female,37,8,155303.71,1
15637891,Docherty,613,Germany,Female,43,4,140681.68,1
15789865,Nnaife,620,France,Male,28,9,71902.52,1
15627190,Lettiere,661,France,Male,51,6,146606.6,1
15788224,Sanderson,669,Germany,Male,45,1,123949.75,1
15702149,Fomin,767,Germany,Female,33,1,144753.21,1
15708236,Wright,491,France,Female,72,6,91285.22,1
15568469,Buckley,653,France,Male,43,0,0.0,2
15764444,Pan,679,Germany,Male,58,8,125850.53,2
15794204,Manna,687,France,Male,28,7,108116.66,1
15807546,Chinwendu,837,France,Female,38,2,0.0,2
15782159,Ndubuagha,850,France,Male,28,8,67639.56,2
15618703,White,663,Spain,Female,53,6,150200.23,1
15793317,Hale,547,Spain,Female,22,7,141287.15,1
15740487,Ross,627,France,Female,41,6,0.0,3
15722479,Ikenna,707,France,Male,37,1,0.0,2
15688264,Nkemdilim,629,France,Female,43,0,0.0,2
15583067,McMillan,687,France,Female,36,4,97157.96,1
15686670,Duke,588,France,Female,36,2,0.0,2
15593345,Bradbury,502,Germany,Female,33,6,125241.17,2
15811690,Bayley,793,Germany,Male,54,2,128966.13,1
15734008,Bartlett,727,Germany,Male,59,5,152581.06,1
15771856,Cremin,632,Spain,Female,32,1,0.0,2
15762045,Gilchrist,474,Germany,Female,37,5,142688.57,2
15778142,Shih,850,Germany,Female,31,1,130089.56,2
15689268,Fitzpatrick,584,France,Male,36,9,0.0,1
15721507,Pagan,713,France,Female,32,1,117094.02,1
15750476,Hendrick,742,Spain,Male,24,8,0.0,2
15810723,Sanderson,607,France,Female,39,10,0.0,3
15787229,Samsonova,761,Spain,Female,34,2,0.0,2
15570508,Azubuike,600,France,Male,49,7,90218.9,1
15617065,Pan,650,Spain,Male,42,4,194532.66,1
15689786,Massie,850,Germany,Male,56,1,169743.83,1
15648876,Sandover,501,France,Female,34,5,0.0,1
15802106,Craig,418,France,Male,34,8,155973.88,1
15773869,Onwudiwe,797,Spain,Male,59,4,129321.44,1
15711635,Chu,788,Germany,Female,42,6,138650.49,2
15795527,Zetticci,699,Spain,Male,43,2,136487.86,2
15759133,Vaguine,616,France,Male,18,6,0.0,2
15679394,Owen,651,France,Female,41,4,38617.2,1
15801072,Hurst,654,France,Female,28,7,0.0,2
15646082,Harding,676,France,Female,34,8,82909.14,1
15796111,Smith,708,Germany,Female,54,8,145151.4,1
15670646,Moore,499,Spain,Female,42,0,147187.84,1
15578722,Bradley,689,France,Male,39,4,0.0,2
15815095,Burfitt,850,Spain,Male,54,7,108185.81,2
15730360,Mackenzie,502,France,Male,30,4,0.0,2
15763194,Milanesi,643,France,Male,34,7,0.0,2
15720725,Shubin,762,France,Male,28,2,0.0,2
15567834,Nieves,719,France,Male,49,5,105918.1,1
15720644,Martin,789,France,Male,27,6,0.0,2
15811742,Jen,553,Spain,Male,42,7,0.0,2
15813363,Woods,448,Spain,Male,25,2,0.0,2
15717629,Docherty,632,Germany,Male,42,6,59972.26,2
15713160,Lin,669,Spain,Male,25,7,157228.61,2
15568878,Cheng,654,Spain,Male,34,5,0.0,2
15809800,Korovina,726,France,Female,38,4,0.0,2
15736420,Macdonald,596,France,Male,21,4,210433.08,2
15757933,Hardy,733,Germany,Female,30,1,102452.71,1
15623072,Shaw,529,Spain,Female,35,5,0.0,2
15683993,Knight,493,France,Female,37,8,142987.46,2
15570947,Bruny,615,Spain,Female,29,7,143330.56,2
15797767,Ikedinachukwu,600,France,Female,49,6,0.0,1
15731989,Moran,666,France,Male,36,4,120165.4,2
15591035,Macleod,644,Spain,Male,54,6,0.0,1
15586479,Yin,692,France,Female,36,4,0.0,1
15605872,Felix,707,France,Male,73,6,66573.17,1
15666012,Rippey,603,France,Male,40,4,102833.46,2
15641733,Mishina,671,France,Female,34,5,164757.56,1
15593178,Graham,568,Spain,Female,36,10,153610.61,1
15649183,Johnston,598,Spain,Female,35,8,0.0,3
15736399,Korovin,606,Spain,Male,42,10,0.0,2
15751137,Lei,850,Germany,Female,36,3,169025.83,1
15757188,Chimaijem,644,Spain,Female,26,4,153455.72,2
15726167,Scott,655,France,Male,37,4,0.0,2
15624850,Grant,850,France,Male,30,10,153972.89,2
15717700,McIntyre,683,Spain,Male,34,9,114609.55,2
15716347,Griffin,663,Germany,Male,37,7,143625.83,2
15696287,Converse,682,Germany,Female,38,1,116520.28,1
15638871,Ch'ang,639,France,Male,77,6,80926.02,2
15765093,Coates,704,France,Male,23,6,166594.78,1
15592999,Reid,691,France,Female,40,0,115465.98,1
15641715,Ts'ui,599,France,Male,34,8,0.0,2
15607746,Belstead,573,France,Female,36,1,0.0,1
15625311,Dickinson,589,Germany,Female,41,7,92618.62,1
15573077,Nwora,620,Germany,Female,25,8,141825.88,1
15735106,Bishop,647,Spain,Male,28,6,149594.02,2
15672912,Loggia,737,Spain,Female,39,7,130051.66,2
15589881,Rowe,634,France,Female,41,7,0.0,2
15660144,Balashov,660,France,Male,38,4,0.0,2
15664083,Ulyanova,666,Germany,Female,37,2,158468.76,1
15690898,Bogolyubova,696,France,Male,44,8,161889.79,1
15808023,Remington,836,France,Female,29,9,133681.78,1
15676909,Mishin,667,Spain,Female,34,5,0.0,2
15764922,Tu,596,Spain,Male,20,3,187294.46,1
15766734,Castiglione,430,France,Male,31,5,0.0,1
15795079,Nnaife,596,Spain,Male,67,6,0.0,2
15757434,Yang,599,France,Male,28,7,119706.22,1
15673747,Ayers,519,France,Female,22,8,0.0,1
15808386,Cocci,721,Germany,Female,45,7,138523.2,1
15603565,Mackenzie,603,Spain,Female,56,5,90778.76,2
15744044,Fiorentini,572,Germany,Male,47,4,99353.42,1
15577771,Akabueze,453,Germany,Female,40,1,111524.49,1
15769548,Hyde,668,France,Female,37,7,128645.67,1
15802071,Levi,762,Germany,Male,35,1,117458.51,1
15677395,Nwabugwu,633,France,Female,39,9,129189.15,2
15632010,Chia,647,Spain,Male,33,7,121260.19,2
15779492,Trevisano,796,Spain,Male,56,6,94231.13,1
15694677,Bennetts,733,France,Male,39,1,0.0,2
15704315,Teng,556,France,Male,34,8,163757.06,1
15742009,Hsueh,489,Spain,Male,58,4,0.0,2
15766663,Mahmood,639,France,Male,22,4,0.0,2
15742297,Sinclair,715,France,Male,35,2,141005.47,1
15688059,Chin,807,Germany,Female,42,9,105356.09,2
15752344,She,714,Spain,Male,34,5,0.0,2
15698749,He,626,Germany,Female,23,6,85897.95,1
15631693,Hill,697,France,Male,36,7,0.0,2
15604536,Vachon,850,Germany,Female,31,4,164672.66,1
15802869,Ball,737,Germany,Female,45,2,99169.67,2
15635598,Hsieh,812,France,Male,29,6,0.0,2
15592326,Baker,583,France,Male,36,8,0.0,2
15736533,Monaldo,730,Germany,Female,37,5,124053.03,1
15647191,Lucchesi,677,France,Male,36,4,0.0,2
15622507,Hamilton,748,Germany,Female,40,3,103499.09,2
15765487,Kuo,753,Germany,Female,38,9,151766.71,1
15646521,Fan,634,Spain,Female,36,1,0.0,1
15746258,Wright,622,France,Male,29,7,101486.96,1
15692430,Milano,699,Germany,Male,36,2,123601.56,2
15625501,Wall,570,Germany,Male,38,1,127201.58,1
15640521,Chidumaga,552,Germany,Male,33,3,144962.74,1
15790630,Olisaemeka,619,France,Female,48,4,0.0,1
15664720,Kovalyova,714,Spain,Male,33,8,122017.19,1
15750055,Onio,503,Spain,Male,32,9,100262.88,2
15644878,Hill,685,Spain,Female,43,6,117302.62,1
15754578,Okeke,606,France,Female,35,0,135984.15,2
15705379,Upjohn,678,France,Male,38,3,0.0,2
15761047,Unknown,724,Germany,Male,31,2,160997.54,2
15671293,Marcus,779,Germany,Female,37,2,128389.63,1
15687527,Yobachukwu,638,Spain,Male,35,1,0.0,2
15647898,Russell,610,Spain,Female,50,5,130554.51,3
15671534,Hovell,646,Germany,Female,57,6,90212.0,1
15591248,Chukwumaobim,628,France,Female,29,9,71996.29,1
15676156,Boyle,528,France,Female,32,4,85615.66,2
15812918,Scott,432,France,Female,27,6,62339.81,2
15604130,Johnstone,622,Spain,Female,47,6,142319.03,1
15700549,Alvares,721,France,Male,54,5,0.0,2
15715519,McDavid,614,Spain,Male,36,5,0.0,2
15707042,Dellucci,634,France,Female,24,2,87413.19,1
15605276,Brothers,742,France,Female,29,4,0.0,2
15630592,Sanders,516,France,Female,45,4,0.0,1
15636626,Morrison,718,France,Male,35,3,97560.16,1
15740411,Molle,636,Germany,Male,30,8,141787.31,2
15593834,Genovese,691,Spain,Male,36,7,129934.64,1
15804235,Zetticci,698,France,Female,37,2,166178.02,2
15679801,Hsueh,712,Spain,Female,39,5,163097.55,2
15673907,Alexander,659,France,Male,20,8,0.0,2
15636562,Muravyova,573,Spain,Male,44,8,0.0,2
15702571,Wright,778,Germany,Female,35,1,151958.19,3
15627365,Calabresi,732,France,Male,46,0,0.0,2
15748499,Johnson,550,Germany,Male,33,4,118400.91,1
15598614,Lucchesi,790,Spain,Male,20,8,0.0,2
15668889,Galgano,665,Germany,Female,43,2,116322.27,4
15800049,Grigoryeva,728,Spain,Female,43,5,0.0,1
15583724,Raymond,645,Spain,Female,29,4,0.0,2
15622083,Paterson,647,Germany,Male,30,6,143138.91,2
15645571,Genovese,596,Spain,Male,32,4,0.0,2
15598266,Martin,610,France,Male,40,9,0.0,1
15667934,Moretti,512,France,Male,36,0,129804.17,1
15569682,Leckie,768,Germany,Male,37,9,108308.11,1
15772941,Lane,666,Germany,Male,30,3,110153.27,1
15586174,Brodney,700,Germany,Female,30,4,116377.48,1
15803682,Angelo,651,Germany,Female,37,10,117791.06,2
15627328,Millar,542,Spain,Female,26,2,0.0,2
15717065,Balashov,686,France,Female,35,8,105419.73,1
15602456,Afanasyev,850,Germany,Female,47,4,99219.47,2
15721569,Chialuka,658,Germany,Female,55,8,119327.93,1
15573798,Yermolayev,448,France,Female,36,6,83947.12,2
15638272,Tien,609,Spain,Male,32,4,99883.16,1
15799859,Lucchesi,704,France,Male,50,4,165438.26,1
15599152,Lai,698,France,Male,31,1,156111.24,1
15737909,Bates,759,France,Male,44,2,111095.58,2
15646190,Saunders,677,France,Female,56,0,119963.45,1
15711249,Chukwuemeka,544,Spain,Male,22,4,0.0,2
15671987,Meagher,567,Spain,Male,35,8,153137.74,1
15812766,Golubeva,490,Spain,Male,40,6,156111.08,1
15778589,Collier,626,France,Male,34,7,113014.7,2
15750104,Chan,718,Germany,Male,43,5,132615.73,2
15784526,Chen,616,France,Male,44,5,102016.38,1
15646563,Wright,772,France,Female,35,9,0.0,1
15744423,Cocci,561,France,Male,32,5,0.0,2
15593694,Williams,814,France,Male,49,8,0.0,2
15785367,McGuffog,651,France,Female,56,4,0.0,1
15687765,Chukwujamuike,538,Germany,Female,42,4,80380.24,1
15789014,Scott,600,France,Female,26,6,108909.12,1
15703177,Bell,654,France,Female,35,2,90865.8,1
15660263,Olisaemeka,622,France,Male,40,4,99799.76,2
15776545,Napolitani,682,France,Male,28,10,200724.96,1
15683276,Sargood,610,Spain,Female,37,10,140363.95,2
15599272,Harrington,795,France,Female,36,1,151844.64,1
15589541,Sutherland,557,France,Female,27,2,0.0,2
15608804,Allan,824,Germany,Male,49,8,133231.48,1
15645820,Folliero,698,France,Male,27,7,0.0,2
15659031,Mordvinova,630,France,Female,36,8,126598.99,2
15790113,Schofield,609,Germany,Female,71,6,113317.1,1
15652289,Williams,694,France,Male,47,4,0.0,2
15605341,Baird,681,France,Female,58,8,93173.88,1
15697844,Whitehouse,721,Spain,Female,32,10,0.0,1
15652048,Thompson,563,Germany,Male,44,7,105007.31,2
15587038,Ogochukwu,654,Spain,Female,32,2,0.0,1
15660528,Niu,659,Spain,Male,27,4,0.0,2
15700300,Okoli,674,Germany,Female,44,4,131593.85,1
15642001,Lorenzen,576,Germany,Male,44,9,119530.52,1
15580366,Okechukwu,566,Germany,Male,54,4,118614.6,2
15657228,Anderson,545,Germany,Male,37,9,95829.13,2
15729377,Ku,798,France,Male,36,1,0.0,2
15686913,Kung,757,France,Male,38,0,0.0,1
15631267,Lu,641,France,Male,50,6,153590.73,2
15632275,Trevisano,718,France,Male,29,2,0.0,1
15715907,Onwubiko,699,France,Male,64,9,113109.52,1
15764841,Vidler,623,France,Female,35,0,130557.24,1
15748649,Shen,644,France,Male,40,8,93183.19,1
15771409,McGregor,586,France,Male,58,7,151933.63,1
15779207,Nnamdi,500,Germany,Male,30,2,125495.64,2
15814116,Castiglione,583,France,Female,42,7,0.0,2
15665087,Bergamaschi,595,Germany,Female,26,8,118547.72,1
15611189,Allingham,670,Spain,Male,43,1,97792.21,1
15729718,Stelzer,610,France,Male,41,6,0.0,3
15733602,Rubin,814,Spain,Female,72,2,0.0,2
15620103,Ho,660,France,Female,40,8,167181.01,1
15770406,Watson,580,Germany,Male,35,9,121355.19,1
15800554,Perry,850,France,Female,81,1,0.0,2
15611409,Sun,676,Spain,Male,35,0,0.0,2
15646535,Harrell,578,France,Male,46,5,113226.47,1
15575430,Robson,579,France,Female,33,1,118392.75,1
15711299,Wilson,711,Germany,Female,52,8,145262.54,1
15642063,Kelechi,692,France,Male,40,6,163505.16,1
15706602,Bates,760,Spain,Female,33,1,118114.28,2
15592773,Eberegbulam,630,Germany,Female,51,0,108449.23,3
15786539,Olisaemeka,808,France,Male,32,1,0.0,2
15737542,Davey,611,Germany,Female,36,10,103294.56,1
15590234,De Luca,697,France,Female,42,1,0.0,1
15773776,Ho,655,France,Female,38,6,0.0,1
15728082,Vasiliev,601,Spain,Male,28,6,0.0,2
15609987,Smith,755,France,Male,42,2,119919.12,1
15735330,Sung,553,France,Male,37,1,0.0,1
15649430,White,723,France,Male,28,4,0.0,2
15768777,Wang,507,Spain,Female,34,4,0.0,2
15777893,Davide,777,France,Male,43,1,0.0,2
15791326,Nnamdi,566,France,Male,34,3,0.0,1
15615176,Welsh,732,France,Male,26,7,0.0,2
15735221,Sousa,697,France,Female,42,10,0.0,2
15617991,Andrews,555,France,Male,29,4,128744.04,1
15658504,Chiawuotu,584,Germany,Female,62,9,137727.34,2
15785705,Thomson,705,Germany,Female,44,10,106731.58,1
15801817,Carpenter,688,France,Female,38,7,123544.21,1
15752578,Yefimova,626,France,Female,37,2,133968.96,2
15781574,Ma,636,Spain,Male,76,9,126534.6,1
15792107,Black,719,Spain,Female,35,8,0.0,1
15569917,Obijiaku,706,Spain,Male,30,6,87609.68,2
15721504,King,731,Spain,Male,41,3,0.0,2
15757306,Miller,738,Spain,Male,49,3,0.0,3
15647295,Chin,426,France,Male,34,9,0.0,2
15642098,Cox,622,Spain,Female,36,0,108960.0,2
15696120,Wallace,701,Spain,Female,30,2,0.0,2
15675176,Price,512,France,Male,51,6,144953.31,1
15700046,Yuan,635,France,Male,41,4,103544.88,2
15782089,Mullen,685,France,Male,33,6,0.0,1
15706394,Howell,609,France,Male,53,7,0.0,2
15759387,McIntosh,598,Germany,Male,38,1,101487.18,1
15623369,Clifton,708,France,Male,52,10,105355.81,1
15732943,Okwuoma,574,Spain,Male,36,4,77967.5,1
15750545,Chidiebere,629,France,Male,44,5,0.0,4
15809909,Fan,422,Spain,Female,54,4,0.0,2
15642448,Onyemauchechukwu,656,Spain,Male,28,8,120047.77,1
15791944,Harker,697,France,Male,32,7,175464.85,3
15768342,Bolton,718,France,Male,52,8,79475.3,3
15567919,Lazarev,586,Germany,Male,37,8,167735.69,2
15674750,Alexeyeva,481,Spain,Female,37,8,0.0,2
15778345,Stevens,749,France,Female,33,1,74385.98,1
15687634,Glover,561,Germany,Male,49,5,94754.0,1
15666096,Ibekwe,676,Spain,Male,27,4,0.0,1
15581700,Paterson,615,Germany,Male,43,3,86920.86,1
15656417,Marsh,582,France,Female,39,1,132077.48,2
15649101,Reeves,601,France,Male,40,10,127847.86,1
15781975,Rees,708,France,Male,34,3,0.0,1
15700511,Hanson,708,Germany,Male,42,9,176702.36,2
15770255,Onwughara,797,Germany,Female,33,10,83555.58,1
15643574,Odinakachukwu,682,France,Male,26,8,0.0,2
15595010,Huang,694,Spain,Female,39,9,0.0,2
15580579,Trevisani,490,France,Female,40,1,0.0,1
15748532,Dale,828,Spain,Male,42,10,0.0,1
15773789,Pavlova,594,Spain,Female,38,7,96858.35,1
15600027,Meng,579,Spain,Male,33,1,0.0,2
15620832,Dean,723,France,Female,35,0,0.0,2
15568819,Chiganu,619,Germany,Female,42,8,132796.04,3
15748691,Lung,794,Spain,Female,30,1,154970.54,1
15583552,Donaldson,674,Germany,Male,44,3,88902.21,1
15588019,Li Fonti,418,France,Male,28,7,98738.92,1
15713250,Izmailova,502,France,Male,33,8,0.0,2
15569595,Walker,678,France,Female,50,6,0.0,1
15794868,Nnonso,599,Germany,Male,40,10,137456.28,2
15576680,Stevenson,736,France,Male,29,4,0.0,2
15613699,Schnaars,430,France,Female,60,7,73937.02,1
15609758,Geoghegan,537,France,Female,45,7,158621.04,1
15762392,Ilyina,683,Spain,Male,30,1,113257.2,1
15693382,Muir,828,France,Male,31,9,0.0,1
15791769,Gardener,691,France,Female,29,9,116536.43,1
15712483,Chidi,608,Spain,Female,28,4,0.0,2
15636454,Fu,691,France,Female,60,6,101070.69,1
15710138,Sun,718,Spain,Male,39,6,0.0,2
15571571,Ting,680,Germany,Female,31,3,127331.46,3
15638751,Ashton,838,Spain,Female,41,5,0.0,2
15598574,Uwakwe,695,Spain,Female,31,5,0.0,2
15796787,Vassiliev,681,France,Male,46,0,105969.42,1
15615670,Kazakova,762,France,Male,36,5,119547.46,1
15705506,Perry,751,Spain,Male,38,7,0.0,2
15599535,Howell,678,Spain,Male,28,5,138668.18,1
15768449,Ricci,634,France,Female,37,7,51582.5,2
15725002,Smith,749,France,Male,37,7,0.0,2
15611682,Rossi,590,Spain,Male,37,6,169902.92,1
15749964,Jones,610,France,Female,27,4,87262.4,2
15678779,Quezada,502,France,Male,33,7,0.0,2
15752601,McCulloch,578,France,Female,40,7,0.0,2
15758477,Tobeolisa,547,France,Female,32,2,0.0,2
15629133,Black,579,France,Female,27,9,0.0,2
15604963,Fraser,661,France,Male,39,5,0.0,2
15796413,Green,794,France,Male,46,6,0.0,2
15812470,Allan,719,France,Male,61,5,0.0,2
15587443,Akudinobi,728,France,Female,69,1,0.0,2
15689692,Walker,598,Germany,Male,19,3,150348.37,1
15779586,Olisaemeka,822,Germany,Female,46,3,115074.02,2
15667588,Arcuri,670,Spain,Female,40,3,0.0,1
15624423,Liu,850,France,Male,28,8,99986.98,1
15591107,Flemming,723,Germany,Female,68,3,110357.0,1
15748986,Bischof,705,Germany,Male,42,8,166685.92,2
15793896,John,677,Spain,Male,40,7,95312.8,1
15620570,Sinnett,736,France,Male,43,4,202443.47,1
15727811,Ts'ui,661,Germany,Female,47,0,109493.62,1
15707681,Pokrovsky,501,Germany,Male,38,9,88977.39,2
15702030,Azarov,516,France,Female,29,2,104982.57,1
15673238,McCarthy,517,Germany,Female,59,8,154110.99,2
15604196,Simpson,766,France,Male,32,6,185714.28,1
15769356,Stevenson,520,Germany,Female,23,3,116022.53,2
15665590,Moore,541,France,Male,46,6,0.0,2
15572361,Chill,790,Germany,Female,34,2,164011.48,1
15667460,Moore,797,France,Male,31,9,0.0,2
15654760,Su,811,France,Male,40,1,101514.89,1
15632669,Rees,722,Spain,Female,32,4,0.0,2
15613673,Lung,675,France,Male,28,9,0.0,1
15698522,Thomas,660,Germany,Male,39,9,134599.33,2
15741633,Fuller,566,Spain,Male,32,10,147511.26,1
15674583,Trevisani,768,France,Male,25,0,78396.08,1
15665374,Dumolo,610,Spain,Female,31,5,0.0,2
15588854,Wu,715,France,Female,31,3,110581.29,1
15810716,Kerr,750,Germany,Male,42,8,151836.36,2
15776921,Geoghegan,431,Germany,Male,45,5,83624.55,2
15569394,Bailey,704,France,Male,24,2,148197.15,2
15788215,Hsia,535,Spain,Female,30,5,122924.75,1
15641007,Holden,614,France,Female,38,4,72594.0,1
15594651,Milani,748,France,Male,38,4,115221.36,1
15575146,Jamieson,492,Germany,Male,51,8,117808.74,2
15608916,Ndubueze,573,France,Male,40,7,147754.68,1
15666297,Abramova,706,Spain,Female,53,3,0.0,3
15598586,Wetherspoon,680,France,Male,31,10,113292.17,1
15665014,Middleton,458,Spain,Male,36,5,0.0,2
15701738,Arcuri,612,Germany,Male,44,2,115163.38,1
15650591,Calabrese,809,Germany,Male,50,10,118098.62,1
15652667,Hampton,590,France,Male,39,9,0.0,2
15679622,Clayton,602,France,Male,35,8,0.0,1
15730150,Otutodilichukwu,540,Spain,Male,37,0,120825.7,1
15813192,Chukwuemeka,494,France,Male,25,6,0.0,2
15606554,Douglas,797,France,Male,29,1,0.0,1
15611794,Galloway,526,Germany,Male,61,6,133845.28,2
15672357,Sochima,631,Spain,Male,38,7,0.0,2
15711759,Wilkins,576,France,Female,29,5,108541.04,1
15615296,Rice,405,France,Male,39,10,0.0,1
15699294,Pope,555,France,Male,30,1,0.0,2
15788634,Romani,750,Spain,Female,37,2,113817.06,1
15660871,Ch'ang,665,France,Male,28,8,137300.23,1
15618258,Chizuoke,640,Spain,Male,37,5,158024.38,1
15722535,Ireland,457,France,Female,33,7,127837.54,1
15711977,Finch,695,France,Male,36,4,161533.0,1
15690169,Meng,645,France,Male,31,7,161171.7,2
15790689,Hibbins,647,Spain,Male,32,9,80958.36,1
15665181,Chung,808,Spain,Male,25,7,0.0,2
15633608,Black,641,France,Male,33,2,146193.6,2
15805261,Balashov,700,Spain,Male,29,8,0.0,2
15740356,Palmer,660,Germany,Male,26,4,115021.76,1
15808223,Lea,615,Spain,Male,41,1,126773.43,1
15769980,Singleton,705,Germany,Female,40,3,92889.91,1
15675450,Burt,718,France,Male,48,9,0.0,2
15776494,Siciliano,754,France,Male,61,5,146622.35,1
15592412,Sun,713,Germany,Male,45,4,131038.14,1
15777452,Sauve,587,France,Female,46,6,88820.29,1
15692258,Thompson,569,Spain,Male,31,1,115406.97,1
15791045,Boni,568,France,Female,38,3,132951.92,1
15807889,Wood,634,Germany,Male,74,5,108891.7,1
15602043,Buccho,770,Germany,Female,46,5,141788.63,2
15807335,Spencer,676,Spain,Female,64,4,116954.32,1
15629985,Eidson,723,Germany,Female,47,10,90450.0,2
15679453,Hung,614,Germany,Female,39,8,125997.22,1
15637315,Melvin,601,Spain,Female,41,3,0.0,2
15691513,Dawkins,592,France,Male,60,9,0.0,4
15622289,Rizzo,605,Spain,Female,36,9,0.0,2
15715184,Capon,752,Spain,Female,31,4,144637.86,2
15702801,Ts'ao,677,France,Female,29,3,86616.35,1
15719931,Johnstone,850,France,Male,31,8,0.0,2
15806081,Fleming,608,Germany,Female,48,2,127924.25,2
15796336,Chang,786,Spain,Female,34,9,0.0,2
15647306,Gibbs,777,France,Female,29,9,131240.61,1
15742369,Rita,667,Spain,Male,31,5,0.0,2
15655859,Munro,848,Spain,Male,35,5,120046.74,2
15675650,Duncan,486,France,Female,39,8,97819.36,1
15574119,Okwuadigbo,598,Spain,Female,64,1,62979.93,1
15754168,McIntosh,506,France,Female,40,3,0.0,1
15763029,Ch'iu,612,Germany,Male,46,9,161450.03,1
15765048,Watt,545,France,Male,30,3,0.0,2
15786215,Udinese,793,France,Male,56,8,119496.25,2
15707559,Clark,682,France,Female,30,9,0.0,2
15582129,Hsia,517,France,Male,62,1,43772.66,3
15687540,Obiuto,684,France,Male,32,9,100249.41,2
15787196,T'ien,692,Spain,Male,46,2,0.0,2
15670898,McKenzie,740,France,Female,60,5,108028.08,2
15775433,Tang,666,Germany,Male,71,1,53013.29,2
15700693,Tu,693,France,Male,68,2,0.0,2
15677955,Tsui,757,Germany,Male,33,1,122088.67,1
15570086,Lynch,684,Germany,Male,18,9,90544.0,1
15794875,Hung,691,Spain,Male,35,6,0.0,2
15673591,Oluchukwu,842,France,Male,44,3,141252.18,4
15631756,Tuan,482,France,Female,35,5,147813.05,2
15757617,Lewis,735,France,Male,55,6,134140.68,1
15612729,Chidiebere,681,France,Female,63,7,0.0,2
15637857,Woolacott,616,France,Female,31,8,0.0,1
15681007,Yen,850,France,Female,35,2,128548.49,4
15593622,Service,635,France,Male,43,10,122198.21,2
15629273,Lin,638,Germany,Male,42,8,145177.84,1
15765846,Chuang,820,Spain,Female,31,2,94222.53,1
15596013,Akhtar,694,Germany,Female,58,1,143212.22,1
15722473,Faulkner,713,France,Male,41,3,0.0,2
15774936,Liang,543,Germany,Male,41,6,143350.41,1
15685640,Dancy,649,France,Female,41,3,130931.83,1
15566563,Duigan,777,France,Female,30,4,137851.31,1
15768746,McLean,561,France,Male,33,6,0.0,2
15689952,Zuyeva,724,Spain,Male,41,5,0.0,1
15725906,Hankinson,665,Spain,Female,51,8,0.0,1
15634501,Wei,441,France,Male,60,1,140614.15,1
15571940,Afamefula,579,Spain,Male,22,3,118680.57,1
15741643,Chiang,777,Germany,Male,35,7,122917.69,1
15806822,Myers,739,France,Female,36,0,0.0,2
15701166,Chinedum,660,France,Male,40,5,131754.11,2
15718531,Ukaegbunam,554,France,Female,35,8,0.0,2
15628308,Akubundu,850,France,Female,24,6,0.0,2
15585287,Sal,842,Germany,Female,35,9,119948.09,1
15781619,Stevenson,785,France,Female,38,1,0.0,1
15805162,Sutherland,550,France,Male,25,0,0.0,2
15588535,Ts'ao,750,Spain,Female,39,6,0.0,2
15775307,Sung,490,Spain,Female,38,3,97266.1,1
15777616,Pisani,605,Germany,Male,28,10,113690.83,1
15692291,Hs?eh,563,Spain,Female,42,6,99056.22,2
15680843,Sherrod,675,France,Male,34,8,0.0,2
15606232,Holloway,621,Spain,Female,36,7,116338.68,1
15641585,Newton,850,France,Male,40,6,97339.99,1
15684358,Kang,711,France,Male,41,3,0.0,2
15806389,Walton,549,Germany,Female,55,1,137592.31,2
15641860,Bradley,764,Germany,Male,34,6,108760.27,2
15814237,Watkins,627,Germany,Male,30,3,128770.88,2
15808780,Tien,850,France,Female,34,2,0.0,2
15767064,Davide,614,Spain,Female,36,1,44054.84,1
15751177,Milne,685,Germany,Female,44,2,119657.53,1
15613427,Barling,683,Germany,Female,49,7,108797.63,2
15647259,Barnett,643,Spain,Male,35,2,0.0,2
15748660,Ellis,561,Germany,Female,49,1,102025.32,1
15726695,Hsia,601,Spain,Female,20,9,122446.61,2
15757473,Chukwujamuike,766,France,Female,27,7,158786.67,2
15809509,Venables,699,France,Male,29,3,125689.29,1
15715512,Hsia,850,Germany,Male,29,1,154640.41,1
15614168,Alexander,792,Germany,Female,50,4,146710.76,1
15679818,Yuan,636,Germany,Male,67,7,136709.35,1
15609928,Johnston,850,Germany,Male,43,5,129305.09,2
15731246,Hobler,628,Spain,Male,40,10,0.0,2
15685243,Jamieson,736,France,Female,63,10,0.0,2
15638730,Macleod,711,France,Female,21,0,82844.33,2
15697034,Norris,583,Spain,Female,22,2,0.0,2
15699225,Pirozzi,757,France,Male,46,0,0.0,2
15677387,Folliero,749,Germany,Female,33,10,76692.22,1
15759184,Russell,705,France,Male,34,7,117715.84,1
15595991,Hsiung,585,France,Male,54,8,87105.32,1
15681332,Tate,437,France,Female,43,6,0.0,1
15756299,Davis,741,France,Female,64,2,69311.16,1
15750547,Bair,738,France,Male,26,9,0.0,2
15566380,Drury,586,Spain,Female,33,10,66948.67,2
15675963,Padovano,627,France,Female,57,9,0.0,2
15674671,Conway,551,Spain,Male,76,2,128410.71,2
15621466,Waters,606,Germany,Male,38,3,99897.53,1
15607176,Kang,674,France,Male,22,3,0.0,1
15570299,Martin,584,Germany,Female,31,6,152622.34,1
15613197,Ugochukwutubelum,590,France,Male,40,8,0.0,2
15798885,Burns,585,France,Male,56,4,138227.19,2
15714883,Genovese,508,France,Female,25,2,111395.53,1
15604497,Beale,458,Germany,Male,44,7,84386.57,1
15773949,Cherkasova,692,France,Female,36,3,0.0,2
15774164,Coles,502,Germany,Male,33,5,174673.65,2
15774127,Potter,518,France,Male,46,3,0.0,2
15619016,McMinn,660,Germany,Male,46,5,109019.65,2
15795759,Bergamaschi,698,Germany,Female,52,1,107906.75,1
15798844,Chijindum,678,France,Male,54,7,128914.97,1
15717962,Ch'iu,773,Spain,Male,63,9,111179.83,1
15691504,Yusupova,619,Germany,Female,52,8,124099.13,1
15693893,Davis,684,Germany,Male,59,9,122471.09,1
15672499,Iadanza,635,France,Male,34,3,134692.4,2
15750410,Jordan,680,France,Female,25,4,123816.5,1
15568904,Kruglova,608,Germany,Male,34,3,106288.54,1
15649033,Echezonachukwu,603,Germany,Female,55,7,127723.25,2
15780989,Hajek,579,Spain,Male,43,2,145843.82,1
15771059,Welch,756,Germany,Female,34,2,148200.72,1
15687852,Vinogradoff,611,France,Male,30,2,104145.65,1
15695280,Hung,532,Germany,Male,24,8,142755.25,1
15592751,Okwudiliolisa,684,Germany,Female,63,3,81245.79,1
15598338,Mays,647,Germany,Female,33,3,168560.46,2
15735784,Gardner,583,France,Male,38,8,0.0,1
15629128,Mamelu,774,Germany,Male,42,2,132193.94,2
15642870,Ross,677,France,Male,58,9,0.0,1
15637977,Barese,542,Germany,Male,25,8,139330.1,1
15600792,Swayne,613,Spain,Male,29,0,0.0,2
15576131,Phillips,666,France,Male,40,5,0.0,2
15686588,Manfrin,777,France,Female,28,2,134571.5,1
15761018,Tan,581,Germany,Male,50,2,143829.2,2
15616029,Adams,705,France,Male,32,7,0.0,2
15761149,Teng,673,France,Female,44,8,133444.97,1
15802758,Chinwendu,594,Germany,Female,23,4,104753.84,2
15647838,Davison,648,Germany,Female,51,2,116574.84,1
15735968,Hsing,605,France,Male,41,10,0.0,2
15581286,Castro,734,France,Female,40,9,176914.8,1
15625445,Parkin,572,France,Female,36,8,68348.18,2
15600173,Manna,595,France,Female,33,9,0.0,2
15635143,Fennescey,749,France,Male,42,2,56726.83,2
15664849,Colon,573,Spain,Male,46,3,65269.23,1
15762455,Yeh,624,Spain,Male,33,6,66220.17,1
15797165,Bergamaschi,703,France,Male,56,9,0.0,1
15788189,Matveyeva,665,France,Female,41,8,96147.55,1
15780492,Ignatyeva,648,France,Male,42,4,0.0,2
15678497,Lederer,850,Spain,Male,48,2,0.0,1
15588560,Nwabugwu,569,Germany,Female,32,8,145330.43,1
15606003,Abramowitz,566,France,Female,21,3,0.0,2
15611756,Chapman,537,Germany,Female,47,4,124192.28,2
15789563,Fiorentino,706,Germany,Female,46,7,111288.18,1
15702416,Cecil,734,France,Male,43,7,107805.67,1
15766288,Ikechukwu,586,Germany,Female,36,5,103700.69,1
15667633,Allen,612,France,Female,38,1,0.0,2
15622774,Kao,648,France,Male,34,0,0.0,1
15755416,Hart,557,France,Female,27,3,87739.08,1
15769915,Charlton,643,Spain,Female,20,0,133313.34,1
15643908,Turnbull,433,France,Female,49,10,0.0,1
15627395,Manners,643,Germany,Male,41,7,154902.66,1
15679663,Chiazagomekpere,488,France,Female,36,0,0.0,2
15651581,Lavrentyev,758,Germany,Male,68,6,112595.85,1
15596379,Wallace,743,Germany,Male,39,3,119695.75,1
15746674,Miller,730,France,Female,47,7,0.0,1
15801256,Bazhenov,746,Spain,Male,49,7,0.0,2
15663808,Ifesinachi,666,Germany,Female,59,8,152614.51,2
15598521,Ma,580,Germany,Female,33,7,131647.01,2
15621457,Chu,850,France,Male,27,6,96654.72,2
15764726,Kerr,563,France,Male,22,3,137583.04,1
15646374,Wynne,766,Germany,Female,28,3,62717.84,2
15716501,Moon,659,France,Male,32,9,95377.13,1
15589948,Disher,607,Spain,Male,28,1,135936.1,2
15811343,Cattaneo,644,Germany,Male,35,5,161591.11,3
15659677,Beluchi,746,France,Male,47,8,142382.03,1
15594436,Mazzi,588,Spain,Male,33,2,0.0,2
15748995,Ifeajuna,691,Spain,Male,30,9,0.0,2
15677062,Howe,666,France,Female,38,6,127043.09,1
15697201,Yocum,640,Spain,Female,46,3,0.0,1
15666453,Moore,611,Germany,Female,29,4,78885.88,2
15693771,Y?an,651,Spain,Female,45,8,95922.9,1
15569867,Chinweuba,529,France,Female,29,8,0.0,2
15711602,Lowrie,676,France,Female,36,3,91711.59,1
15717736,Shen,639,Germany,Female,46,10,110031.09,2
15750441,Lavarack,782,France,Male,36,5,81210.72,2
15732791,Davide,641,Germany,Male,32,5,122947.92,1
15775104,Gomes,697,France,Female,38,1,182065.85,1
15757607,Matveyeva,623,France,Male,45,0,0.0,1
15793070,Fiorentino,494,Spain,Female,41,2,69974.66,2
15760456,Eberechukwu,731,France,Female,38,10,123711.73,2
15665385,Gibney,657,France,Male,44,6,76495.04,1
15612418,Virgo,744,France,Female,38,9,0.0,2
15727138,Kulikova,774,Spain,Male,46,9,0.0,2
15732061,Liu,850,Germany,Female,45,1,121874.89,1
15776051,Kao,551,France,Female,45,6,0.0,2
15616530,Foran,638,France,Male,36,6,188455.19,1
15632344,Jones,792,France,Female,42,0,99045.93,2
15744979,Fowler,666,France,Female,36,8,0.0,1
15745433,Conti,716,Germany,Female,30,2,205770.78,2
15683657,Stephenson,594,France,Female,31,0,79340.95,1
15718572,Willis,600,Germany,Male,57,9,138456.03,2
15665783,Ts'ui,565,France,Male,49,7,0.0,2
15652782,Chibuzo,678,Germany,Male,48,2,101099.9,2
15707025,Fang,648,Spain,Female,31,5,0.0,2
15647807,Wyckoff,642,France,Male,40,8,109219.83,1
15718281,Muir,706,Germany,Male,67,1,123276.69,2
15660571,Halpern,668,Spain,Male,43,10,113034.31,1
15727857,Flynn,635,Spain,Male,41,1,0.0,2
15639252,Shao,603,Spain,Male,30,6,129548.5,2
15628144,Soares,635,France,Female,72,4,74812.84,1
15683560,Gallo,642,France,Female,40,7,0.0,2
15653275,Lei,785,Spain,Female,54,1,0.0,2
15622182,Daniels,628,Germany,Female,28,3,153538.13,2
15613962,Kenechi,499,France,Female,38,9,0.0,2
15618437,Singleton,567,Spain,Male,34,10,0.0,2
15783338,Williams,449,Spain,Male,32,0,155619.36,1
15764491,Greece,701,Spain,Male,35,10,159693.9,2
15712960,Olisanugo,613,Spain,Male,37,3,171653.17,1
15688157,Padovano,683,Germany,Female,39,2,47685.47,2
15579287,Rossi,581,France,Male,35,4,0.0,2
15570931,Grant,620,France,Male,61,5,0.0,1
15615177,Ebelegbulam,561,Spain,Male,28,6,123692.0,1
15809906,Mitchell,558,Germany,Male,26,1,148853.29,2
15652169,Buckley,642,France,Male,35,2,133161.95,1
15649450,Repina,805,Germany,Male,24,6,143221.35,2
15777179,Ellis,687,France,Male,35,9,0.0,2
15803538,Douglas,695,Spain,Male,56,1,0.0,3
15610936,Becher,562,France,Male,33,6,0.0,2
15590094,Nwachukwu,613,Germany,Male,38,9,126265.88,2
15572706,Smith,589,France,Male,37,5,0.0,1
15634564,Aksyonov,593,Spain,Male,31,8,112713.34,1
15684296,Artyomova,714,France,Male,34,5,141173.03,1
15702293,Medvedeva,588,Spain,Female,35,7,0.0,2
15642099,Tsui,679,Spain,Male,39,6,0.0,2
15773273,Runyon,730,Spain,Male,38,5,118866.36,1
15613337,Gallo,833,France,Male,47,2,0.0,2
15800482,Bradshaw,586,Spain,Female,33,7,0.0,2
15732644,Evans,567,Spain,Female,54,5,92316.31,2
15713426,Hancock,637,Germany,Male,30,1,122185.53,1
15640789,Butler,711,France,Male,38,4,123345.85,1
15598892,Bradshaw,828,France,Male,30,4,73070.18,2
15606436,Bergamaschi,500,Spain,Male,38,7,0.0,2
15751227,Ebelegbulam,807,France,Male,47,1,95120.59,1
15812365,Greco,850,France,Male,40,8,102800.65,1
15616088,Lucas,782,France,Female,70,7,97072.42,1
15803886,Barber,629,Spain,Male,31,6,132876.55,1
15587311,Dobbs,582,Spain,Male,33,6,0.0,2
15617401,Thomson,468,France,Male,22,2,0.0,2
15775886,Su,670,France,Male,36,3,0.0,1
15807305,Watkins,805,France,Male,39,2,0.0,1
15761717,Ch'ien,720,France,Male,26,10,51962.91,2
15628008,Monds,781,Spain,Female,29,6,98759.89,1
15583755,McClemans,592,Germany,Male,33,2,156570.86,1
15661409,Shen,542,France,Female,42,1,0.0,1
15774250,Gallo,532,France,Male,42,1,159024.71,1
15681476,Foveaux,520,France,Female,39,1,73493.17,1
15654870,Longo,759,France,Female,45,8,0.0,2
15790448,Calabresi,473,France,Female,35,6,69617.36,1
15785326,Randall,639,Spain,Female,35,5,136526.26,2
15592854,Garcia,705,France,Male,25,3,113736.27,1
15617486,Sullivan,530,France,Male,52,1,106723.28,1
15806796,Higgins,516,Germany,Female,33,10,138847.9,1
15644699,Crawford,850,France,Female,40,0,0.0,2
15622305,Martin,746,Germany,Female,33,2,107868.14,2
15608209,Currey,622,Germany,Male,33,3,96926.12,2
15626898,Teng,743,France,Male,30,7,77599.23,1
15644297,Austin,732,Germany,Male,38,5,178787.54,1
15731569,Hudson,850,France,Male,81,5,0.0,2
15582149,Ts'ui,850,Germany,Female,34,3,129668.43,2
15802483,Hancock,686,France,Male,34,6,146178.13,2
15686999,Nicholas,556,France,Female,40,8,0.0,2
15772479,Napolitano,673,France,Male,37,4,0.0,2
15778884,Jamieson,809,France,Female,38,2,154763.21,2
15623630,Foster,634,Germany,Female,56,3,116251.24,1
15774316,Moretti,630,France,Male,37,6,0.0,2
15695097,Chiedozie,564,Germany,Female,30,0,100954.88,2
15645404,Okwukwe,625,France,Female,51,4,124620.01,2
15750574,Lumholtz,677,Spain,Female,34,4,0.0,2
15636812,Rose,583,France,Male,40,9,112701.04,1
15712068,Wan,592,Spain,Male,45,8,84692.5,1
15652030,De Bernales,637,Germany,Male,49,2,108204.52,1
15577398,Ch'eng,850,France,Male,30,6,86449.39,1
15756848,Edmondson,633,Spain,Male,42,10,0.0,1
15806929,Ch'ien,751,Germany,Male,36,5,73194.99,1
15656005,Millar,592,Germany,Male,31,7,124593.23,1
15722632,Dickson,716,Germany,Male,50,2,119655.77,1
15794356,Toscani,641,Germany,Male,42,3,121765.37,2
15659656,Pan,849,France,Male,35,4,110837.73,1
15588341,Chigozie,647,Spain,Male,47,10,99835.17,1
15709142,Sagese,608,Germany,Female,30,2,91057.37,2
15627042,Reilly,555,France,Female,26,7,0.0,2
15627517,Taylor,497,Spain,Male,27,7,149400.27,1
15803032,Yen,599,Germany,Male,38,9,89111.63,1
15665129,Kapustin,545,Germany,Male,33,1,132527.9,2
15628272,Singh,774,France,Female,36,9,114997.42,1
15678206,Yeh,464,France,Male,46,6,161798.53,1
15678427,Genovese,696,Germany,Female,27,2,96129.32,2
15678067,Boyle,667,Spain,Male,45,3,0.0,2
15793331,Blair,812,France,Male,32,5,133050.97,2
15699532,Okagbue,516,France,Male,51,8,120124.35,2
15605827,Khan,645,France,Male,39,8,0.0,2
15643635,Robertson,664,Spain,Male,32,5,133705.74,1
15787710,Tikhonov,427,Spain,Female,39,9,0.0,2
15614137,MacDonald,685,France,Female,40,7,0.0,2
15754494,Ah Mouy,585,France,Female,33,4,152805.05,1
15713440,Barese,519,Germany,Female,21,1,151701.45,3
15803479,Winter-Irving,708,France,Female,67,1,0.0,2
15709639,Wilson,717,France,Female,22,5,112465.06,1
15601719,Fiorentino,465,Germany,Male,24,6,156007.09,1
15772482,Iloerika,829,Germany,Male,28,3,132405.52,3
15591489,Davison,826,France,Male,26,5,142662.68,1
15629002,Hamilton,747,Germany,Male,36,8,102603.3,2
15798053,Nnachetam,707,Spain,Male,32,9,0.0,2
15753895,Blue,590,Spain,Male,37,1,0.0,2
15595426,Madukwe,603,Spain,Male,57,6,105000.85,2
15645815,Mills,615,France,Male,45,5,0.0,2
15632848,Ferrari,634,France,Female,36,1,69518.95,1
15703068,Nixon,716,Germany,Male,41,8,126145.54,2
15791513,Manfrin,647,France,Male,41,4,138937.35,1
15587210,McCartney,591,Germany,Female,44,10,113581.98,1
15793803,Robinson,574,France,Male,34,1,112572.39,1
15787756,Nkemdirim,467,Germany,Male,51,10,114514.71,2
15723437,Sal,701,France,Female,35,2,0.0,2
15702715,Kao,747,France,Female,34,10,0.0,2
15809872,Ikechukwu,650,France,Male,32,2,84906.45,1
15644295,Hargreaves,731,Spain,Female,39,2,126816.18,1
15778694,Sievier,638,Germany,Female,26,1,105249.76,2
15759555,Murphy,569,Spain,Male,41,2,0.0,2
15631406,Munro,459,Germany,Male,50,5,109387.9,1
15616676,Donnelly,632,Germany,Male,23,3,122478.51,1
15771154,North,683,France,Female,73,8,137732.23,2
15669491,Cruz,850,France,Female,46,2,157866.77,1
15697691,Sinclair,512,France,Female,41,6,0.0,1
15665180,Vasiliev,616,France,Female,31,3,136789.14,1
15752588,Vasilyeva,664,France,Male,36,1,0.0,2
15743051,Hamilton,694,France,Male,30,10,144684.03,1
15571873,Sung,655,France,Male,24,9,107065.31,1
15679743,Genovesi,607,France,Female,33,8,91301.72,1
15769412,Atkinson,684,Spain,Male,39,4,207034.96,2
15775124,Watterston,763,Spain,Male,37,8,0.0,2
15732113,Butters,671,Spain,Male,50,8,0.0,1
15578141,Chien,592,Spain,Male,38,3,0.0,1
15595874,Gorbunova,666,Spain,Female,36,6,0.0,2
15755642,Bulgakov,667,France,Male,34,5,0.0,2
15576526,Steele,850,Spain,Male,36,6,0.0,2
15792489,Polyakova,622,Spain,Male,42,9,0.0,2
15733705,Bull,577,France,Female,30,8,92472.1,2
15807221,Weaver,555,Spain,Male,21,1,0.0,2
15573045,Earl,547,France,Male,62,10,127738.75,2
15756824,Giordano,613,Germany,Female,50,5,101242.98,2
15773520,Begg,672,France,Female,43,4,92599.55,2
15627439,Pickering,624,Spain,Female,36,10,0.0,2
15701439,Fanucci,698,Spain,Female,50,1,0.0,4
15785352,Chang,606,France,Male,37,6,82373.94,1
15616525,Sopuluchi,720,Spain,Male,31,4,141356.47,1
15717489,Martin,835,France,Male,23,9,0.0,1
15795737,McNaughtan,771,Spain,Female,47,3,72664.0,2
15693877,Stewart,811,France,Female,47,3,123365.34,2
15576111,Reagan,734,Germany,Male,33,5,121898.58,1
15595713,Heller,548,Spain,Male,33,6,0.0,1
15808868,Nwokeocha,652,France,Female,31,3,103696.97,3
15708193,Liu,707,France,Male,33,2,0.0,2
15697801,Sokolova,605,Germany,Female,56,1,74129.18,2
15770121,Bancroft,623,France,Female,34,9,0.0,1
15800524,Nnanna,686,Germany,Male,29,3,185379.02,1
15686236,Trevisani,525,Germany,Female,47,1,118087.68,1
15659807,Nwachinemelu,657,Spain,Male,41,8,109402.13,1
15736078,Ting,730,Germany,Female,33,7,130367.87,1
15620836,Lo Duca,816,Germany,Female,34,2,108410.87,2
15698184,Marshall,484,France,Female,50,2,90408.16,2
15717643,Band,728,France,Female,34,6,90425.15,2
15776596,Ferri,730,Spain,Female,39,6,140094.59,1
15814757,Carter,477,Spain,Male,31,9,0.0,2
15812607,Wilson,663,Germany,Female,46,6,95439.4,1
15663888,Connor,549,Germany,Male,34,6,204017.4,2
15748882,Reid,714,Spain,Male,29,9,0.0,2
15690829,Sandefur,430,Germany,Male,49,3,137115.16,1
15695819,Bidwill,504,Germany,Male,43,5,134740.19,2
15696834,Cone,530,France,Female,29,5,0.0,2
15797710,Saunders,619,Germany,Male,29,4,98955.87,1
15700654,Liardet,617,Germany,Male,44,9,49157.09,2
15583764,Wilkes,791,Germany,Male,31,1,130240.33,1
15688849,Martin,609,France,Male,48,1,108019.27,3
15661473,Boni,780,Germany,Male,51,4,126725.25,1
15601030,Patel,777,Germany,Female,34,5,96693.66,1
15789557,Howell-Price,817,Germany,Female,27,7,129810.6,1
15745250,Simpson,850,France,Male,58,8,156652.13,1
15590349,Rowland,732,France,Female,36,9,0.0,1
15741693,Barnard,693,France,Male,40,4,130661.96,1
15618446,Nnonso,576,France,Female,50,8,0.0,2
15766552,Rossi,643,France,Male,37,6,0.0,2
15668775,Pendred,757,France,Male,47,3,130747.1,1
15757895,Martin,569,Germany,Male,30,6,106629.49,1
15774551,K?,772,Spain,Male,36,3,112029.83,1
15684011,Miller,576,Germany,Male,29,7,130575.26,1
15736146,Afamefula,608,Germany,Male,28,4,96679.71,1
15656286,Sims,794,France,Male,33,0,0.0,2
15774847,Knight,593,France,Male,50,6,171740.69,1
15619340,Obijiaku,597,Spain,Male,38,1,0.0,2
15815656,Hopkins,541,Germany,Female,39,9,100116.67,1
15623357,Onio,692,Germany,Male,24,2,120596.93,1
15601324,Black,697,France,Female,48,1,0.0,2
15715510,Eluemuno,768,France,Male,29,2,95984.69,2
15663770,Doyle,802,France,Male,38,1,142557.11,1
15779267,Onyemere,584,France,Male,47,5,0.0,2
15597957,Rahman,614,Spain,Male,66,2,0.0,2
15584620,Su,850,Germany,Female,36,6,143644.16,1
15750772,Walker,671,France,Female,38,6,132129.72,1
15706557,Ferguson,626,France,Female,52,0,0.0,2
15594391,Samaniego,770,France,Female,68,2,183555.24,1
15661656,Onwumelu,633,France,Male,38,2,91902.56,2
15631217,Young,663,France,Male,40,6,156218.19,1
15588955,Mazzi,581,Germany,Female,43,5,93259.57,3
15758252,Toscano,561,Germany,Female,45,2,168085.38,2
15740223,Walton,479,Germany,Male,51,1,107714.74,3
15805413,Chiang,769,France,Female,31,6,117852.26,2
15635116,Burgos,659,Spain,Male,60,2,0.0,1
15764892,Spinelli,590,Spain,Female,51,10,84474.62,2
15795936,Lung,560,France,Male,50,3,0.0,2
15655232,Noble,437,Germany,Male,35,6,126803.34,2
15640133,Pai,661,France,Female,34,0,0.0,2
15751524,Chigozie,677,Germany,Female,36,10,68806.84,1
15670552,Peavy,560,France,Female,31,3,115141.18,1
15623966,Yermakov,578,France,Female,35,2,0.0,2
15752193,Burton,421,Spain,Male,34,6,90723.36,1
15607269,Costa,492,Germany,Female,49,2,151249.45,2
15700752,Pugliesi,545,France,Female,32,6,0.0,2
15777901,Lindell,640,Germany,Female,43,9,94752.49,1
15639117,Sorenson,624,Spain,Female,34,6,0.0,1
15720203,Arcuri,577,Spain,Male,28,7,0.0,1
15586236,Banks,704,France,Male,31,5,132084.66,3
15676645,Parry,523,France,Male,45,5,0.0,2
15715988,Cockett,793,France,Male,35,2,0.0,2
15603749,Galkina,564,France,Female,53,2,45472.28,1
15608956,Su,711,France,Male,33,1,0.0,1
15733872,Marino,791,Germany,Female,33,10,130229.71,2
15666982,Spears,629,Germany,Female,38,9,123948.85,1
15602647,Cunningham,729,Germany,Male,39,6,127415.85,1
15623063,Taylor,651,Germany,Male,35,8,110067.71,1
15682928,Chiazagomekpere,695,Spain,Male,39,4,65521.2,1
15729246,Hardacre,847,Spain,Male,31,5,0.0,2
15588928,Maslow,704,France,Male,47,5,0.0,2
15803352,Scott,613,Germany,Male,33,3,155736.42,2
15607485,Wakelin,692,Spain,Female,29,4,0.0,2
15656249,Esposito,720,France,Female,34,3,118307.57,2
15761783,Shah,577,France,Male,41,6,0.0,1
15716605,Chukwufumnanya,710,Germany,Female,24,7,103099.17,2
15757425,Fleming,716,France,Female,38,1,0.0,2
15603096,Lori,410,France,Male,33,6,125789.69,1
15588580,Kennedy,584,Germany,Female,36,4,109646.83,1
15770539,Walters,792,France,Male,30,1,127187.86,1
15572022,Han,605,France,Female,36,6,0.0,1
15571843,Lawrence,486,Spain,Male,24,1,0.0,1
15752502,Cooke,615,France,Male,41,4,130385.82,1
15609058,Wan,676,France,Male,23,1,107787.47,1
15775108,Lo Duca,571,France,Male,34,1,99325.04,2
15708904,Yermakova,850,France,Female,37,9,0.0,1
15600086,Combs,717,France,Male,48,7,123764.95,1
15814675,Chien,642,Germany,Female,39,8,128264.03,1
15572777,Meng,780,Spain,Male,47,7,86006.21,1
15585106,Calabresi,492,Germany,Female,38,8,57068.43,2
15738936,Stevenson,760,Germany,Male,29,5,103607.24,2
15750970,Davidson,500,Spain,Male,40,1,99004.24,1
15725772,Ch'in,654,Spain,Female,36,2,0.0,2
15692106,Rose,606,Spain,Female,25,3,147386.72,3
15791533,Ch'ien,367,Spain,Male,42,6,93608.28,1
15715715,Artyomova,799,Spain,Male,38,2,0.0,2
15785576,Mayrhofer,434,Germany,Male,71,9,119496.87,1
15798834,Yefremov,719,Spain,Female,32,7,0.0,1
15744127,Kosovich,641,France,Female,37,2,0.0,2
15637427,Lu,461,Spain,Female,25,6,0.0,2
15576990,Taplin,790,Germany,Female,25,5,152885.77,1
15615352,Ebelechukwu,588,France,Male,31,4,99607.37,2
15647333,Fleming,621,France,Male,27,4,137003.68,1
15572050,Yefimov,768,Germany,Male,48,3,122831.58,1
15581370,Andreyeva,681,Spain,Male,38,2,99811.44,2
15813503,Pickering,606,Spain,Male,37,8,154712.58,2
15769783,Allan,542,Spain,Male,37,8,0.0,1
15793135,Wang,713,Germany,Female,24,7,147687.24,1
15599182,Reynolds,597,Spain,Female,33,2,0.0,2
15689517,Hales,635,France,Male,27,3,127009.83,1
15641366,Y?an,599,Germany,Male,61,1,124737.96,1
15588859,Rowley,496,Spain,Female,44,0,179356.28,2
15732293,Chia,759,Spain,Male,31,8,0.0,2
15568032,Moore,757,Germany,Male,31,1,127320.36,3
15623525,Copeland,564,Spain,Male,31,0,125175.58,1
15606601,Rishel,561,France,Female,22,6,186788.96,2
15800811,Wan,702,France,Male,40,3,148556.74,1
15610711,Eluemuno,678,Germany,Female,40,8,128644.46,1
15809654,Hsia,707,France,Female,46,7,127476.73,2
15576077,Kelly,610,France,Female,27,9,159561.93,1
15643378,Muir,744,France,Male,42,1,112419.92,1
15566790,McIntyre,598,France,Male,28,8,129991.76,2
15774402,Donaldson,562,Spain,Male,36,5,0.0,1
15694641,Wright,621,Spain,Female,59,2,0.0,2
15605916,Uvarova,659,France,Female,50,3,0.0,1
15812356,Doherty,722,Germany,Female,40,6,89175.06,2
15644179,Allen,606,France,Female,39,3,0.0,2
15771674,Ma,603,Spain,Female,39,5,162390.52,2
15623314,Tucker,506,Germany,Female,59,3,190353.08,1
15613292,Ch'eng,715,France,Male,21,8,0.0,2
15813871,Hs?,690,France,Male,47,2,0.0,2
15759480,Unknown,644,France,Female,40,10,139180.97,1
15587712,Chimaijem,589,France,Male,36,8,114435.47,1
15671165,Esomchi,592,France,Female,66,5,149950.19,1
15620746,Lorenzo,632,France,Male,42,4,126115.6,1
15706537,Pirogov,577,Germany,Female,59,7,111396.97,1
15589312,Larkin,588,France,Male,30,3,115007.08,1
15741180,Eddy,617,France,Male,54,6,102141.9,1
15733888,Sells,668,Spain,Female,36,3,133686.52,1
15798532,Crawford,810,France,Male,32,9,120879.73,2
15577359,Bezrukov,767,Spain,Male,47,5,0.0,1
15614936,Mancini,718,Spain,Female,49,10,82321.88,1
15747647,Iadanza,589,Spain,Female,27,4,0.0,2
15588566,Wilkinson,778,Spain,Male,33,5,116474.28,2
15570141,P'eng,724,France,Female,34,3,132352.69,1
15800793,St Clair,477,Germany,Female,39,4,182491.57,1
15572415,Preston,580,France,Male,34,6,0.0,2
15635125,Findlay,566,Spain,Male,63,2,120787.18,2
15636551,Nixon,711,France,Female,29,3,130181.47,2
15600912,Gorshkov,706,Germany,Male,32,5,88348.43,2
15768476,Chukwubuikem,703,Spain,Male,31,6,0.0,2
15650266,Medvedeva,679,Germany,Male,39,2,146186.28,2
15621004,Chukwuhaenye,603,France,Male,32,7,0.0,1
15748352,Endrizzi,598,Spain,Male,34,0,104488.17,1
15788920,Ch'ang,836,Germany,Female,32,4,109196.67,2
15743236,Piccio,687,France,Female,61,7,80538.56,1
15637717,Lockington,704,Germany,Male,41,4,109026.8,2
15635500,Seleznyov,605,Germany,Male,75,2,61319.63,1
15634792,Weston,516,France,Female,40,9,0.0,2
15607560,Groom,572,France,Female,39,2,0.0,2
15727177,Manfrin,557,France,Male,42,6,177822.03,1
15774358,Robertson,443,Germany,Male,59,4,110939.3,1
15791304,Ch'ang,604,Germany,Male,25,7,165413.43,1
15603328,Lucchesi,483,France,Male,27,1,77805.66,1
15804937,Cambage,702,France,Male,50,3,0.0,2
15804142,Tan,670,Spain,Female,57,3,175575.95,2
15608845,Tao,804,Spain,Female,38,3,124197.22,1
15702434,Hsieh,850,France,Female,30,3,0.0,2
15632609,Burdekin,554,France,Female,39,10,160132.75,1
15603550,Longo,588,Germany,Female,37,7,70258.88,2
15755239,Maughan,758,Germany,Male,32,4,162657.64,2
15670528,Franz,787,Germany,Male,43,0,132217.45,1
15732704,Piazza,582,Spain,Male,25,9,148042.97,2
15589019,Morant,633,Spain,Female,33,4,92855.02,1
15677796,Becher,766,Germany,Male,47,9,129289.98,1
15760177,Lombardi,564,Spain,Male,37,9,100252.18,1
15636595,Loton,602,Spain,Male,37,3,107592.89,2
15737275,Conti,649,France,Male,39,3,113096.41,1
15672905,Sani,679,Spain,Female,40,7,0.0,2
15753955,Lori,639,Spain,Male,34,7,149940.04,2
15708504,Wong,790,Germany,Male,50,8,121438.58,1
15592451,Lombardi,565,France,Male,32,9,0.0,2
15790455,Obialo,478,France,Female,50,2,0.0,1
15572174,Mazzi,825,France,Male,29,3,148874.01,2
15656330,Von Doussa,528,Spain,Female,32,0,68138.37,1
15569626,Miller,577,Spain,Male,35,5,110080.3,1
15608726,Miracle,663,France,Male,24,7,0.0,2
15637366,Su,505,Germany,Female,25,5,114268.85,2
15778049,Wyatt,633,Germany,Male,29,6,117412.35,1
15727421,Anayolisa,586,France,Female,38,6,0.0,2
15688865,Wade,850,France,Female,35,9,0.0,2
15751032,Enemuo,629,Germany,Female,37,1,35549.81,2
15734737,Bruno,744,France,Male,56,9,0.0,2
15746515,Greece,750,France,Male,36,7,136492.92,3
15664311,Yang,637,Germany,Male,28,3,123675.69,1
15708139,Brown,575,France,Female,40,1,139532.34,1
15768574,Anderson,671,Spain,Male,58,1,178713.98,1
15738018,Johnston,571,France,Male,40,5,0.0,2
15699753,Zakharov,590,France,Male,41,1,89086.31,1
15703199,Golibe,619,Spain,Male,38,3,96143.47,1
15627830,Nikitina,640,Germany,Female,30,5,32197.64,1
15570855,Leonard,670,France,Male,38,7,0.0,2
15772503,Burns,737,France,Female,33,4,0.0,2
15584453,Burtch,555,Spain,Male,32,10,0.0,2
15710111,Clark,742,France,Male,33,6,0.0,2
15618562,Woodward,618,Germany,Female,40,0,140306.38,1
15706764,Spencer,560,France,Female,35,1,0.0,2
15798737,Chao,654,France,Male,38,8,0.0,2
15712608,Costa,787,Germany,Female,42,2,74483.97,2
15636736,McLachlan,611,France,Female,53,7,0.0,2
15703544,Hung,559,Spain,Male,34,0,0.0,1
15815645,Akhtar,481,France,Male,37,8,152303.66,2
15705739,Toscani,753,Germany,Male,32,5,159904.79,1
15709643,Gray,675,France,Male,32,1,0.0,3
15669805,Warren,748,Germany,Female,31,1,99557.94,1
15737489,Ramsden,610,Spain,Female,46,5,116886.59,1
15775131,Bartlett,580,Spain,Male,32,9,142188.2,2
15765283,Wenz,624,Germany,Female,40,3,149961.99,2
15628715,Kisch,709,France,Female,36,8,0.0,2
15813283,Mai,605,France,Female,34,2,0.0,1
15745716,McGregor,706,Spain,Male,53,7,0.0,2
15598485,Pinto,567,Spain,Male,40,8,28649.64,1
15696552,Newman,747,France,Female,21,4,81025.6,2
15754569,Pagnotto,664,France,Male,57,1,0.0,2
15701741,Williams,711,France,Female,39,3,152462.79,1
15572631,Ndubuisi,609,France,Male,25,10,0.0,1
15636069,Plummer,632,Spain,Male,28,7,155519.59,1
15682467,Chimezie,725,France,Female,36,1,118851.05,1
15790744,Nash,850,France,Female,34,9,92899.27,2
15625023,Onochie,682,France,Male,40,4,0.0,1
15731267,Rizzo,797,France,Male,37,4,75263.7,1
15742879,Boni,668,Spain,Male,38,1,147904.31,1
15757015,Davies,783,Germany,Female,41,5,106640.5,1
15770711,Lu,766,Germany,Female,28,4,90696.78,1
15569430,Burrows,704,Spain,Female,36,2,175509.8,2
15617304,Ershova,722,France,Male,40,6,0.0,2
15704466,Udokamma,692,France,Female,34,7,0.0,2
15664681,Aitken,584,France,Female,35,2,114321.28,2
15605534,Turnbull,644,Germany,Female,51,4,95560.04,1
15792473,Reilly,598,Germany,Female,50,5,88379.81,3
15802625,Hardy,733,Germany,Male,48,7,85915.52,1
15766017,Brookman,615,Germany,Male,58,3,72309.3,1
15762172,Kerr,850,France,Female,39,2,0.0,2
15728333,McBurney,521,France,Male,43,8,0.0,1
15792868,Mickey,675,France,Male,69,1,0.0,2
15605698,Harrison,746,France,Male,58,3,0.0,3
15777060,Olszewski,770,France,Female,33,4,0.0,1
15626243,Chijioke,618,France,Male,30,3,133844.22,1
15719898,Young,556,France,Male,36,7,154872.08,2
15599976,Bellasis,749,France,Female,27,9,0.0,2
15752809,De Mestre,702,Spain,Male,43,6,116121.67,1
15589698,De Luca,555,Germany,Male,42,6,107104.5,1
15609977,Mundy,587,France,Male,47,6,71026.77,1
15750121,Tung,639,France,Male,38,3,0.0,1
15734177,Donahue,643,France,Male,33,4,0.0,2
15781347,Okagbue,600,France,Female,41,1,0.0,2
15592025,Nnaemeka,651,France,Male,53,7,0.0,2
15670163,Verjus,666,France,Female,27,4,0.0,2
15765402,Unknown,520,France,Female,39,6,145644.05,1
15624343,Napolitani,650,Spain,Female,50,7,129667.77,1
15602354,Ginikanwa,564,Germany,Male,33,3,109341.87,1
15579183,Spaull,586,France,Male,64,1,0.0,2
15584899,Siciliani,617,France,Female,35,5,0.0,2
15723658,Voronina,712,Spain,Female,30,6,0.0,2
15803965,Tang,654,France,Male,55,3,87485.67,1
15682489,Crumbley,605,France,Male,27,9,0.0,2
15813645,Hamilton,491,France,Female,36,0,53369.13,1
15766787,Piazza,707,France,Female,35,9,0.0,2
15687171,Birch,638,Spain,Male,34,5,146679.77,1
15690744,Custance,683,France,Male,43,2,112499.42,2
15707974,Anayochukwu,815,Spain,Female,38,2,48387.0,1
15673084,Galkin,645,Spain,Male,38,1,68079.8,1
15814772,Adams,645,Germany,Male,49,4,160133.88,1
15743709,Toomey,683,France,Male,30,4,66190.33,1
15610343,Marshall-Hall,705,France,Female,37,10,0.0,2
15737414,Shen,647,France,Male,35,4,123761.68,1
15788480,Pagnotto,786,Germany,Female,33,0,122325.58,1
15568519,Wood,534,France,Male,41,9,0.0,2
15792453,More,602,Spain,Female,42,1,138912.17,1
15658100,Piccio,695,France,Female,42,0,0.0,2
15695197,Tochukwu,553,Germany,Female,25,7,128524.19,2
15749807,Graham,516,Spain,Female,31,3,0.0,2
15773876,Tung,655,France,Female,34,3,0.0,2
15591698,P'eng,849,Germany,Female,49,9,132934.89,1
15712813,Nevzorova,520,Germany,Male,43,3,150805.17,3
15763898,Toscani,568,Spain,Female,46,3,0.0,2
15793324,McKenzie,695,Spain,Male,32,9,0.0,3
15757759,Okwuoma,807,Spain,Female,28,7,165969.26,3
15796230,Morley,642,Germany,Female,36,2,124495.98,3
15611729,Kerr,703,Germany,Male,39,1,141559.5,1
15709531,Harding,556,France,Male,38,2,114756.14,1
15650751,Butler,585,France,Female,30,6,0.0,2
15641413,Crawford,587,Germany,Female,49,7,155393.98,2
15753840,Brown,524,Spain,Female,32,6,0.0,1
15669994,Greece,556,Germany,Female,31,1,128663.81,2
15695301,Matthews,504,Spain,Male,44,4,113522.64,1
15792004,Heath,731,Spain,Female,26,3,0.0,2
15603035,Vincent,651,France,Male,34,3,0.0,2
15717286,Sal,675,Spain,Female,40,8,79035.95,1
15577107,Milne,657,Spain,Female,22,6,0.0,3
15754747,Bazile,686,Germany,Male,33,9,141918.09,2
15705676,Wardle,690,France,Female,35,9,107944.33,2
15751912,Lilly,567,France,Male,36,7,0.0,2
15677336,Aitken,557,Germany,Male,57,1,120043.13,1
15684395,Enderby,446,Spain,Female,45,10,125191.69,1
15659949,Chiu,850,France,Male,31,1,96399.31,2
15812422,Ugorji,637,France,Male,41,2,0.0,2
15806941,Sharpe,499,France,Male,60,7,76961.6,2
15637690,Houghton,622,Germany,Female,34,7,98675.74,1
15632882,Konovalova,684,Germany,Male,37,1,126817.13,2
15807107,Patel,612,France,Male,32,3,121394.42,1
15661034,Ngozichukwuka,813,Germany,Female,29,5,106059.4,1
15811958,Medland,850,Germany,Male,44,2,112755.34,2
15785167,Padovano,795,Spain,Male,29,4,0.0,2
15646720,Tsui,628,Spain,Female,55,7,0.0,3
15658614,Unknown,565,Germany,Female,38,7,145400.69,2
15704657,Denman,601,France,Male,39,3,72647.64,1
15567147,Ratten,802,Spain,Male,40,4,0.0,2
15701319,Baxter,614,Germany,Female,37,6,96340.81,2
15745266,Norman,434,Spain,Male,55,6,0.0,1
15650437,Shen,522,Germany,Male,32,8,124450.36,2
15764314,Reilly,550,Germany,Male,36,2,113877.23,2
15612594,Ifeanacho,599,Spain,Male,25,3,0.0,2
15593501,Graham,493,France,Female,36,5,148667.81,2
15804150,Lysaght,755,France,Male,34,3,0.0,2
15649297,T'ang,605,France,Female,62,4,111065.93,2
15641110,Abron,708,France,Male,41,0,0.0,1
15660608,Chimaraoke,699,France,Male,44,8,158697.61,1
15806570,Y?an,763,France,Female,53,4,0.0,1
15715345,Sergeyeva,743,Spain,Male,25,6,0.0,2
15755521,Ma,660,France,Female,48,0,90044.32,2
15579074,Obiajulu,619,Germany,Male,38,10,84651.79,1
15641158,Belcher,739,Germany,Male,32,3,102128.27,1
15752507,K?,769,Germany,Male,60,9,148846.39,1
15597983,Brown,692,France,Male,69,10,154953.94,1
15586069,Abernathy,560,France,Female,30,0,108883.29,1
15655082,Pape,607,France,Female,48,4,112070.86,3
15720155,Tao,630,Germany,Male,29,6,131354.39,1
15582116,Ma,767,Germany,Female,45,7,132746.2,2
15749365,Earle,543,France,Female,34,8,0.0,2
15632069,Kazantsev,776,France,Male,39,8,125211.55,2
15663134,Uspenskaya,535,Spain,Male,58,1,0.0,2
15766683,Coombes,549,Germany,Male,36,6,139422.37,1
15707219,Hopman,844,France,Female,28,4,0.0,2
15709232,McKay,586,Germany,Female,47,5,157099.47,2
15801351,Milanesi,583,France,Male,40,3,0.0,2
15578747,Chineze,701,Spain,Male,26,5,83600.24,1
15675626,Dawson,726,France,Male,28,2,0.0,1
15583736,Shih,829,Germany,Male,36,4,81795.74,2
15590011,Hughes,749,Spain,Male,38,9,129378.32,1
15609913,Clark,743,France,Female,46,9,0.0,1
15719479,Chukwuhaenye,619,Spain,Female,56,7,0.0,2
15575147,Wall,699,France,Male,22,9,99339.0,1
15597309,Howell,749,Spain,Male,36,7,0.0,2
15648367,Lo,600,Germany,Female,29,6,74430.1,2
15758031,Lazarev,760,Spain,Male,38,3,91241.85,1
15751771,Lowe,528,Germany,Male,32,2,99092.45,1
15689288,Folliero,630,France,Female,26,5,0.0,2
15731026,Han,683,Germany,Female,39,2,100062.16,2
15775809,Holloway,677,Germany,Female,26,6,98723.67,1
15743076,Pai,669,Spain,Male,29,9,0.0,1
15658258,Trejo,693,France,Male,43,6,128760.32,1
15756321,Johnston,612,Spain,Female,52,5,144772.69,1
15706799,Macknight,719,Spain,Male,44,4,0.0,1
15775703,Lo,702,France,Male,26,2,71281.29,1
15642636,Glossop,755,France,Male,29,9,117035.89,1
15704651,Bishop,514,France,Male,26,1,0.0,2
15806771,Yefremova,753,France,Female,40,0,3768.69,2
15566735,Obialo,548,Germany,Female,36,2,108913.84,2
15681671,Nkemjika,850,Germany,Male,28,2,101100.22,2
15775949,Trevisani,612,France,Female,38,7,110615.47,1
15586752,Parkes,628,Germany,Male,33,8,152143.89,1
15582519,Seleznyov,479,France,Male,47,6,121797.09,1
15658233,Naylor,724,France,Female,41,5,109798.25,1
15755330,Forbes,512,Germany,Male,41,7,122403.24,1
15605072,Douglas,638,France,Female,43,3,145860.98,1
15617538,Nwankwo,834,Spain,Male,40,7,0.0,2
15591428,Myers,781,France,Male,29,9,0.0,2
15692142,Rogova,707,Germany,Female,48,7,105086.74,1
15692931,Hsing,670,France,Male,22,2,114991.45,1
15781127,Giordano,663,Spain,Female,33,8,96769.04,1
15677136,Okwukwe,624,France,Female,23,5,0.0,2
15677828,Chalmers,598,France,Female,34,4,0.0,2
15567897,Chiazagomekpere,619,Germany,Male,23,5,132725.1,1
15793641,Evseyev,792,France,Female,70,3,0.0,2
15678333,Parry-Okeden,683,France,Female,26,7,0.0,2
15630511,Picot,691,France,Female,33,6,0.0,2
15792627,Reid,765,Spain,Female,33,5,84557.82,1
15717191,Ferri,508,France,Male,49,1,93817.41,2
15625716,Genovesi,637,France,Female,33,9,113913.53,1
15710053,Neumayer,667,Germany,Female,44,5,140406.68,2
15580043,Murray,575,Spain,Female,22,8,105229.34,1
15601410,Tien,744,Spain,Female,46,1,0.0,3
15684669,Parkes,567,France,Female,41,9,137891.35,1
15619083,Yip,502,France,Female,35,6,0.0,2
15692207,Ingle,609,France,Female,53,6,0.0,2
15730705,Chidubem,715,France,Male,37,9,165252.52,1
15749688,Lu,541,France,Male,32,8,0.0,2
15728542,Vorobyova,850,France,Female,71,4,0.0,2
15760063,Chiedozie,595,Spain,Male,23,7,0.0,2
15658982,Napolitani,650,Germany,Female,28,5,122034.4,3
15758769,Coffey,625,France,Female,44,7,0.0,1
15778481,Chigbogu,817,France,Male,59,1,118962.58,1
15661162,Akabueze,526,Spain,Male,49,2,0.0,1
15568164,Istomin,850,France,Female,34,4,71379.53,2
15601569,Ndubueze,598,France,Female,40,2,171178.25,1
15772383,Toscani,613,France,Male,36,9,131307.11,1
15667456,Ross,709,Spain,Male,62,3,0.0,2
15672983,Fernando,678,Spain,Female,27,5,87099.85,2
15799534,McClaran,720,France,Male,71,5,183135.39,2
15582847,Yermakova,662,France,Male,26,0,0.0,2
15612478,Somadina,525,France,Male,51,10,0.0,3
15709621,Wan,662,France,Male,31,3,0.0,2
15802009,Mazzi,770,France,Female,33,6,0.0,2
15698816,Tuan,721,Spain,Female,33,4,72535.45,1
15574830,Townsley,633,Germany,Male,58,2,128137.42,2
15603082,Yashina,701,France,Male,51,9,0.0,2
15685947,Henderson,556,Germany,Male,42,0,115915.53,2
15643048,Mueller,639,France,Male,66,0,0.0,2
15807568,Wright,632,France,Male,50,2,0.0,2
15597591,Lung,456,France,Male,29,5,107000.49,1
15747558,Bryant,729,Spain,Female,38,10,0.0,2
15756655,Madukaife,632,France,Female,34,2,0.0,2
15589949,Maclean,433,Spain,Male,34,9,152806.74,1
15601012,Abdullah,802,France,Female,60,3,92887.06,1
15724269,Yao,670,France,Male,25,7,0.0,2
15567506,Cheatham,738,Germany,Female,40,6,114940.67,2
15791877,Gallagher,706,Germany,Male,34,0,140641.26,2
15794360,Hao,592,Germany,Female,70,5,71816.74,2
15686538,Nixon,522,France,Female,41,7,0.0,2
15585985,Wang,746,France,Male,48,5,165282.42,1
15699257,Kerr,651,Spain,Male,42,2,143145.87,2
15804104,Romani,494,France,Male,28,9,114731.76,2
15727619,Lock,753,Germany,Female,46,9,113909.69,3
15740237,Millar,671,Germany,Male,36,2,116695.27,1
15801436,K'ung,696,France,Male,42,4,0.0,1
15705735,Onyekachi,577,Spain,Male,43,3,0.0,2
15649359,Somayina,587,France,Male,36,1,0.0,2
15624892,Dennis,712,Germany,Male,37,7,93978.96,2
15784918,Brown,498,Germany,Male,35,2,121968.11,2
15584785,Ogochukwu,660,France,Male,37,2,97324.91,1
15797197,Macleod,678,Spain,Male,29,6,0.0,2
15574858,Page,530,France,Male,37,8,0.0,2
15794101,Barese,559,France,Female,48,2,0.0,2
15743245,Agafonova,624,France,Male,42,3,145155.37,1
15791535,Caraway,592,France,Male,28,5,137222.77,1
15605215,Stevenson,767,France,Male,48,9,0.0,2
15771749,Duncan,653,Germany,Female,38,5,114268.22,2
15616833,Wang,678,Spain,Male,27,2,0.0,2
15750728,Kaur,586,Spain,Female,42,2,0.0,1
15769353,Jenkins,550,France,Female,40,8,150490.32,1
15770091,Edwards,643,Germany,Male,28,9,160858.13,2
15716420,Kelly,612,Spain,Male,39,5,170288.38,1
15740602,Boyle,674,Germany,Female,27,4,111568.01,1
15796071,Loane,657,Spain,Male,29,7,83889.03,1
15811389,Padovano,724,Germany,Female,35,0,171982.95,2
15783875,Li Fonti,500,France,Female,34,4,0.0,2
15671800,Robinson,688,France,Male,20,8,137624.4,2
15677288,Geach,599,France,Male,50,3,121159.65,1
15633525,Payne,631,France,Male,29,7,0.0,2
15634606,Chinonyelum,634,Spain,Male,52,1,0.0,2
15579207,Watkins,545,France,Male,37,3,91184.01,1
15619892,Page,644,Spain,Male,18,8,0.0,2
15567778,Genovese,690,Germany,Female,54,1,144027.8,1
15711750,Watson,711,France,Female,34,6,0.0,2
15751084,Mancini,712,France,Female,29,8,140170.61,1
15768945,Chibueze,627,France,Male,27,1,62092.9,1
15586931,Hunter,694,Spain,Male,39,3,0.0,1
15636353,Buchi,534,Spain,Male,35,4,0.0,2
15623858,Charteris,603,France,Male,45,9,0.0,1
15703354,Aksenov,808,France,Female,33,2,103516.87,1
15663987,Wright,723,Spain,Male,30,1,0.0,3
15780805,Lu,585,France,Female,35,2,0.0,2
15768566,K?,706,France,Male,34,8,0.0,2
15643229,Hou,671,France,Female,31,6,0.0,2
15754940,Descoteaux,597,Spain,Male,43,2,85162.26,1
15676576,Stephenson,646,France,Female,43,8,143061.88,1
15800068,Cooper,801,Spain,Female,46,6,0.0,2
15648030,Crump,731,Spain,Female,33,5,137388.01,2
15668594,Diggs,620,Germany,Female,25,1,137712.01,1
15728709,Shih,484,Germany,Male,40,7,106901.42,2
15724181,Hudson,647,Spain,Male,47,5,105603.21,2
15647546,Carvosso,688,Germany,Female,40,8,150679.71,2
15702601,Wyatt,680,Germany,Male,30,4,108300.27,2
15567725,Kodilinyechukwu,689,France,Female,46,7,52016.08,2
15674179,Vorobyova,513,Germany,Male,34,7,60515.13,1
15686957,Piccio,553,Germany,Male,35,2,158584.28,2
15607690,Hsing,689,Germany,Male,47,2,118812.5,2
15806546,Lucas,517,Spain,Male,46,4,0.0,1
15632850,T'ang,731,France,Male,37,8,0.0,2
15709016,North,687,Germany,Female,47,1,91219.29,1
15638068,Thompson,507,Spain,Male,32,7,0.0,2
15749345,Simpson,468,France,Female,22,1,76318.64,1
15791321,Nwora,682,Spain,Female,58,4,0.0,1
15699095,Chandler,603,France,Female,24,3,0.0,1
15638329,Uspensky,522,Germany,Male,25,1,111432.13,1
15575445,Ferguson,629,Spain,Male,41,10,150148.51,1
15752622,Kerr,729,France,Female,32,7,38550.06,1
15774507,Furneaux,574,France,Female,39,5,119013.86,1
15570857,Kambinachi,677,Germany,Female,39,0,111213.64,2
15599386,Black,627,Germany,Male,28,5,71097.23,1
15744913,Chizoba,788,Spain,Male,36,10,109632.85,1
15647292,Peng,697,France,Male,63,7,148368.02,1
15728838,Leach,578,France,Male,45,1,148600.91,1
15584704,Chiazagomekpele,519,France,Male,48,10,71083.98,1
15749068,Nickson,632,France,Female,40,9,139625.34,1
15622985,Lin,679,France,Female,39,4,0.0,1
15587676,Alexeieva,699,France,Male,30,9,0.0,1
15779496,Sykes,615,France,Male,64,0,81564.1,2
15733460,Martin,622,Spain,Male,36,9,0.0,2
15711457,Herz,755,France,Female,28,7,124540.28,1
15795290,Nikitina,767,France,Female,42,2,133616.39,1
15611223,Ko,752,Germany,Female,38,10,101648.5,2
15794159,Highett,633,France,Female,26,8,124281.84,1
15780677,Jackson,717,France,Female,59,4,0.0,2
15690175,Ball,585,Spain,Male,45,0,0.0,2
15722599,Nelson,751,France,Female,37,9,183613.66,2
15569976,Woronoff,754,Germany,Male,65,1,136186.44,1
15707011,Morrison,495,France,Male,47,10,137682.68,1
15702277,Smith,650,France,Male,34,4,106005.54,1
15801915,Rendall,529,France,Female,31,6,152310.55,1
15580213,McIntyre,585,France,Female,43,2,0.0,2
15637947,Wei,668,Spain,Male,32,1,134446.04,1
15715888,Allardyce,591,France,Female,38,2,142289.28,1
15732967,Cremonesi,731,France,Male,19,6,0.0,2
15737047,Weatherford,754,France,Female,45,6,0.0,1
15694039,Jen,650,Germany,Female,46,9,149003.76,2
15649457,Macleod,588,Germany,Male,41,2,131341.46,2
15742809,Mironova,712,Spain,Female,29,7,77919.78,1
15637829,Sharpe,691,France,Female,34,7,0.0,2
15633194,Osborne,771,France,Female,41,10,108309.0,4
15611635,Chu,678,Spain,Female,39,6,0.0,1
15638774,Chong,719,Spain,Female,40,9,0.0,2
15722037,Alvarez,610,Germany,Male,36,7,115462.02,1
15672930,Palerma,722,Spain,Male,37,9,0.0,2
15668774,Chiemenam,758,Germany,Female,23,5,122739.1,1
15780966,Pritchard,709,France,Female,32,2,0.0,2
15659694,Wallis,634,Germany,Female,53,3,113781.5,2
15624424,Palerma,678,Spain,Female,49,1,0.0,2
15708713,Hill,633,France,Male,35,3,0.0,2
15755405,Hudson,710,France,Male,43,9,128284.45,1
15647570,Chung,640,Germany,Male,45,8,120591.19,1
15684348,Zhdanova,656,France,Male,63,8,0.0,2
15702541,Fraser,551,France,Female,59,2,166968.28,1
15646942,Meng,786,Spain,Female,39,7,0.0,2
15748920,Cherkasova,561,France,Female,49,8,0.0,2
15694581,Rawlings,807,Spain,Male,42,5,0.0,2
15643215,Jen,602,Germany,Male,38,2,71667.97,2
15649060,Chien,727,Germany,Female,31,3,82729.47,2
15774258,Gorbunov,678,France,Male,40,1,0.0,2
15731553,Lucas,730,France,Male,23,8,0.0,2
15617029,Young,596,Spain,Female,30,1,0.0,2
15780716,Colombo,686,Germany,Male,39,3,129626.19,2
15577018,Tsao,684,Germany,Female,26,2,114035.39,1
15809515,Lewis,797,Germany,Male,32,1,151922.94,1
15789924,Hussain,658,France,Female,39,4,0.0,1
15725076,Anderson,653,Spain,Female,27,6,107751.68,2
15672481,Ulyanov,641,France,Male,37,6,0.0,2
15574115,Shaw,656,Spain,Female,41,6,101179.23,2
15661830,Lucciano,750,Spain,Female,36,6,0.0,2
15665879,Gordon,768,France,Female,40,8,0.0,2
15673820,Woodward,568,France,Male,33,7,0.0,2
15747772,Cunningham,706,Germany,Male,36,9,58571.18,2
15666197,Boni,430,Germany,Female,38,8,153058.64,1
15773639,Truscott,745,Germany,Male,35,4,98270.34,1
15581893,Ginikanwa,747,France,Male,43,1,130788.71,1
15672447,Bailey,657,Germany,Male,40,7,99165.84,1
15777830,Hutchinson,639,France,Female,42,4,0.0,2
15713890,Maclean,704,France,Male,44,3,0.0,2
15577598,Chiang,651,Spain,Male,23,4,115636.05,2
15786042,Willmore,706,Germany,Female,44,2,185932.18,2
15753462,Godson,632,Germany,Male,30,2,72549.0,2
15759690,Smith,751,France,Male,42,4,0.0,2
15801414,Bitter,767,France,Female,35,2,0.0,2
15656141,Ts'ao,741,France,Male,39,5,0.0,1
15608701,Chialuka,651,Germany,Male,29,3,121890.06,1
15582892,Scott,601,France,Male,46,2,99786.07,1
15632967,Feng,520,France,Male,34,3,0.0,2
15587573,Castiglione,626,Germany,Male,27,4,115084.53,2
15654891,He,811,France,Male,30,6,0.0,2
15611365,Fanucci,730,France,Female,32,9,127661.69,1
15749103,Ginikanwa,604,Germany,Female,47,4,118907.6,1
15810203,Manning,499,Germany,Female,44,6,77627.33,2
15813660,Forlonge,754,Spain,Male,40,2,160625.17,1
15605673,Liang,716,Spain,Female,29,8,0.0,2
15669282,Uchechukwu,636,France,Female,20,10,124266.86,1
15792726,Sung,470,France,Female,25,8,127974.06,2
15593241,Tochukwu,444,France,Male,43,3,0.0,2
15683053,Reyna,809,Spain,Female,48,2,0.0,1
15632736,Liang,850,Germany,Female,30,3,104911.35,2
15731865,Unwin,637,France,Male,27,1,0.0,2
15760450,Rutherford,512,France,Male,43,1,0.0,2
15787204,Howe,774,Spain,Female,43,1,110646.54,1
15650454,Tran,641,France,Male,57,5,0.0,2
15573730,Thompson,586,Germany,Male,42,6,126704.49,2
15705050,Linger,611,France,Male,30,9,0.0,2
15791342,Johnston,660,Spain,Male,31,1,84560.04,1
15684316,Udokamma,532,France,Male,43,9,0.0,2
15700540,Barrera,557,Germany,Female,38,2,129893.56,1
15770631,Sutherland,730,Spain,Male,25,5,167385.81,1
15790594,Bednall,535,France,Female,27,6,0.0,2
15604020,Otoole,773,Germany,Female,36,4,105858.71,1
15637599,Cremonesi,510,Germany,Female,44,4,123070.89,1
15736578,Hamilton,539,France,Male,39,1,0.0,1
15666332,Donaldson,690,Spain,Female,48,2,0.0,2
15727291,McKay,821,France,Female,40,1,0.0,2
15785920,Black,687,Germany,Male,35,1,125141.24,2
15658987,Kane,557,France,Female,46,4,96173.17,2
15687719,She,532,Spain,Female,37,5,0.0,2
15799641,Bruno,540,Spain,Male,39,2,0.0,2
15758702,Watson,705,France,Female,55,8,0.0,2
15689526,Shih,542,Germany,Female,35,9,127543.11,2
15586848,Rose,706,France,Male,38,1,0.0,2
15707637,Zikoranachukwudimma,765,France,Female,56,1,0.0,1
15719426,Cole,529,France,Male,67,8,103101.56,2
15639265,Isaacs,714,France,Male,54,7,126113.28,1
15576124,Muravyova,582,France,Male,41,1,40488.76,1
15757829,Timperley,609,Germany,Female,40,10,137389.77,2
15633227,Kenechukwu,518,France,Female,28,9,85146.36,1
15753092,He,791,Germany,Male,35,5,129828.58,1
15782939,Storey,747,France,Male,42,4,80214.36,1
15746338,Onyekachukwu,565,France,Female,40,2,0.0,2
15590676,Kharlamova,735,France,Male,34,1,141796.43,1
15599329,Christopher,697,France,Female,49,7,195238.29,4
15783097,Lombardo,813,Germany,Male,27,6,111348.15,1
15597885,Kerr,772,France,Male,43,6,0.0,2
15597467,Duncan,606,France,Female,71,8,0.0,2
15724764,Lawley,667,Germany,Female,42,10,64404.26,2
15778418,Burns,637,Germany,Male,40,9,154309.67,1
15684769,Whitson,542,France,Male,67,10,129431.36,1
15756167,Doyne,762,Spain,Female,43,5,134204.67,1
15632439,Pinto,698,France,Female,39,4,0.0,2
15755138,Chin,850,France,Female,32,8,0.0,2
15659092,Davide,621,France,Female,50,5,0.0,2
15742116,Torres,671,Germany,Female,48,9,116711.06,2
15801994,Buccho,775,France,Male,31,9,0.0,2
15647572,Greece,504,Spain,Male,34,0,54980.81,1
15644551,Wimble,751,Spain,Female,37,3,99773.85,2
15709135,Pirozzi,691,Germany,Male,30,7,101231.77,2
15684469,Hsiung,841,Germany,Male,32,2,117070.21,1
15627637,Obioma,709,Germany,Male,23,8,73314.04,2
15667093,Onio,673,France,Male,37,2,0.0,1
15690589,Udinesi,541,France,Male,37,9,212314.03,1
15595350,Fermin,661,France,Female,31,3,136067.82,2
15777586,Moss,784,Spain,Female,42,2,109052.04,2
15804064,Docherty,742,France,Female,35,2,79126.17,1
15717770,Marcelo,850,Spain,Female,55,7,0.0,1
15754443,Fadden,443,France,Female,35,9,108308.0,1
15776939,Zox,778,Germany,Female,48,3,102290.56,2
15713517,Otitodilinna,529,France,Male,39,6,102025.08,2
15683522,Kennedy,678,Germany,Female,37,2,113383.07,1
15673995,Tu,516,Spain,Female,65,9,102541.1,1
15771054,Barnes,469,Spain,Male,35,5,0.0,2
15578788,Bibi,786,Spain,Male,40,6,0.0,2
15737408,L?,703,France,Female,41,6,109941.51,1
15750837,Landseer,579,Germany,Male,41,0,141749.68,1
15576022,Nwachinemelu,565,France,Male,38,5,0.0,2
15635502,Ch'iu,443,France,Male,44,2,0.0,1
15627298,Vinogradova,589,France,Male,37,7,85146.48,2
15811415,Jenks,691,France,Female,44,6,134066.1,2
15645059,Crace,711,France,Female,28,8,0.0,2
15689671,Packham,775,Spain,Male,27,4,0.0,1
15718667,T'ien,621,France,Male,35,7,87619.29,1
15803202,Onyekachi,350,France,Male,51,10,0.0,1
15593683,Solomina,668,Spain,Female,30,8,0.0,2
15703394,Hawes,633,Spain,Male,27,3,0.0,2
15570289,Benson,697,Germany,Male,43,8,103409.16,1
15567437,Emenike,734,Germany,Female,30,7,123040.38,1
15711687,Nero,434,France,Male,41,4,108128.52,1
15656592,Toscano,646,Germany,Male,48,8,169023.33,2
15634373,Yang,764,France,Male,30,5,0.0,2
15769125,Palerma,727,Spain,Female,41,10,0.0,2
15711386,Trentini,724,France,Female,29,6,0.0,2
15714241,Haddon,749,Spain,Male,42,9,222267.63,1
15642530,Coates,706,Germany,Female,47,10,144090.42,1
15713599,Castiglione,728,France,Male,30,10,114835.43,1
15744770,Stone,636,France,Male,44,2,0.0,2
15780498,Maynard,634,France,Male,34,3,145030.92,1
15624397,Moore,627,France,Male,43,8,71240.3,1
15615219,Obielumani,518,France,Male,59,5,138772.15,1
15570908,Harding,687,Spain,Female,29,7,93617.07,1
15762855,Hill,622,Spain,Female,23,8,0.0,2
15661827,Brown,693,Spain,Female,45,4,0.0,2
15746035,Pagnotto,450,Spain,Male,25,9,74237.2,2
15691906,Esposito,664,Germany,Female,49,5,127421.78,2
15793424,Tan,663,Spain,Female,28,8,61274.7,2
15577905,Hammond,660,France,Male,34,8,106486.66,2
15667216,Chung,579,France,Female,29,10,73194.52,2
15673971,Houghton,655,Germany,Female,44,6,146498.76,1
15701238,Chia,683,France,Male,47,1,0.0,2
15644849,Zikoranachidimma,655,France,Female,32,2,0.0,1
15635531,Boag,575,Spain,Female,30,8,0.0,2
15632263,Pagnotto,574,Spain,Male,30,5,120355.0,1
15720110,Oluchukwu,795,France,Male,32,2,117265.21,1
15619045,Baxter,776,France,Female,43,4,0.0,2
15697510,Tien,707,Spain,Female,52,7,0.0,1
15784923,Chimezie,705,Germany,Female,37,3,109974.22,1
15567383,Slone,678,Germany,Female,44,2,98009.13,2
15732621,Martin,663,France,Male,34,10,0.0,1
15757981,Loggia,748,France,Male,66,8,0.0,1
15727819,Hartley,677,Spain,Female,34,10,171671.9,1
15738088,Parkin,634,Spain,Male,63,10,0.0,2
15765173,Lin,350,France,Female,60,3,0.0,1
15665159,Brooks,727,France,Male,61,0,128213.96,2
15618203,Tien,773,Germany,Male,51,8,116197.65,2
15791452,Dann,675,France,Male,39,1,0.0,2
15638159,Trentino,649,Spain,Female,36,6,86607.39,1
15585466,Russo,552,France,Male,29,10,0.0,2
15677310,Christie,761,Germany,Male,62,5,98854.34,1
15646262,Ross,622,France,Male,31,7,0.0,1
15656901,Nnonso,615,France,Male,59,8,0.0,2
15621093,Teng,681,Germany,Male,31,4,97338.19,2
15592123,Buccho,768,France,Male,30,6,0.0,2
15589200,Madukaife,617,Spain,Male,34,9,0.0,2
15602934,Dunn,452,France,Female,33,6,131698.57,2
15812720,Hooker,807,Germany,Male,37,10,130110.45,2
15695383,Griffin,567,Spain,Male,44,9,0.0,2
15723064,Kistler,603,Spain,Male,24,1,165149.13,2
15761606,Law,617,Spain,Female,37,9,101707.8,1
15650322,Grigoryeva,701,France,Female,34,3,105588.66,1
15669782,Chu,820,Germany,Male,39,9,111336.89,1
15751628,Onyemachukwu,438,France,Male,60,7,78391.17,1
15809057,Lu,600,Spain,Female,27,6,0.0,2
15617052,Watson,782,France,Male,34,9,0.0,1
15590810,Fallaci,638,Germany,Female,41,9,144326.09,1
15801293,Ni,850,Germany,Male,27,1,101278.25,2
15770968,Leason,741,Germany,Female,19,8,108711.57,2
15572356,Tsai,689,Spain,Male,73,1,108555.07,1
15603247,Bruner,743,Germany,Female,35,1,146781.24,1
15619116,Wallace,493,France,Female,36,2,0.0,2
15691792,Young,416,Spain,Male,35,8,0.0,1
15783276,Forbes,725,France,Female,25,9,0.0,2
15766137,Muir,497,France,Male,34,2,0.0,2
15574554,Pugh,537,Germany,Male,66,8,103291.25,2
15578671,Webb,706,Spain,Female,29,1,209490.21,1
15716608,Walker,651,Spain,Male,38,2,0.0,3
15690670,Cox,720,France,Male,33,2,0.0,2
15630466,Maclean,797,France,Male,45,8,0.0,1
15630349,Hollis,543,Spain,Male,23,5,0.0,2
15803801,Jamieson,454,France,Male,34,4,0.0,2
15647890,Su,691,France,Male,37,9,149405.18,1
15606115,P'eng,510,France,Female,52,6,191665.21,1
15714642,Hawkins,792,Spain,Female,40,7,0.0,1
15741181,Ndubuagha,721,France,Male,41,6,135071.12,1
15773973,Hill,765,France,Male,41,2,0.0,2
15758546,Norton,850,Spain,Male,39,8,0.0,2
15598940,Achebe,681,Germany,Male,38,6,181804.34,2
15669783,Simpson,586,France,Female,60,3,47020.65,2
15624993,Chiang,753,France,Female,36,7,128518.98,1
15760568,Dalrymple,593,Germany,Female,38,5,142658.04,2
15699047,Chukwuemeka,674,France,Female,21,9,120150.39,2
15616168,Ojiofor,610,France,Female,35,7,81905.95,1
15773146,Rubeo,652,France,Male,26,3,137998.2,2
15770375,Fanucci,850,Germany,Female,26,8,123126.29,1
15589725,Zubarev,740,France,Female,51,4,0.0,2
15710034,T'ao,637,Germany,Male,43,1,135645.29,2
15800806,Pai,685,Spain,Male,31,7,122449.31,2
15570485,Udegbunam,558,Spain,Male,40,4,161766.87,1
15575391,Claypool,677,France,Female,37,3,0.0,2
15790750,Manfrin,592,Germany,Male,36,10,123187.51,1
15714832,Baker,652,Germany,Male,36,9,150956.71,1
15619953,Efremov,662,Spain,Female,42,6,105021.28,1
15673929,Chin,543,France,Male,64,4,0.0,2
15578835,Brookes,675,Spain,Female,50,1,133204.91,1
15752388,Doyle,643,Spain,Female,35,6,0.0,2
15797081,Ajuluchukwu,611,Germany,Female,49,9,115488.52,2
15570194,Ikemefuna,412,France,Male,29,5,0.0,2
15580149,Fowler,638,Spain,Male,41,7,0.0,2
15777708,Liao,824,Spain,Female,38,3,0.0,2
15769955,Onuora,683,France,Female,40,1,0.0,2
15810444,Aksenov,562,Germany,Female,39,6,130565.02,1
15645593,Trevisani,599,France,Female,41,2,91328.71,1
15765345,Wood,753,France,Male,35,4,0.0,2
15760873,Lombardo,594,France,Male,50,7,81310.34,1
15794178,Walpole,657,France,Male,34,3,107136.6,1
15589361,Chikwendu,716,Spain,Male,34,9,0.0,1
15662483,Ko,850,France,Male,43,7,0.0,2
15809736,Steigrad,664,France,Male,46,2,0.0,1
15731148,Isayeva,558,France,Male,33,0,108477.49,1
15774328,Boni,606,Germany,Male,40,1,144757.97,2
15646969,Anayolisa,776,Spain,Male,33,2,0.0,2
15718769,Fallaci,557,Spain,Male,36,1,113110.26,1
15610226,Fenton,614,France,Female,27,9,106414.57,2
15616270,Chao,620,Spain,Male,42,4,106920.91,1
15790717,Osinachi,695,Spain,Male,35,7,0.0,2
15635703,Chu,729,Germany,Female,39,1,131513.26,1
15616365,Obiuto,571,France,Female,53,2,0.0,2
15630244,Chu,457,France,Male,40,10,134320.23,2
15734714,Nash,559,France,Female,29,3,79715.36,1
15721433,Hixson,664,France,Female,38,4,74306.19,2
15590201,Fiorentini,500,Spain,Female,50,5,0.0,4
15590828,Chidimma,782,Germany,Male,42,7,126428.38,1
15752097,Chiazagomekpere,708,Spain,Male,38,8,99640.89,1
15800031,Laura,681,France,Male,43,3,66338.68,1
15630857,Wu,674,Spain,Female,39,6,0.0,2
15689953,Toscani,697,Spain,Male,43,10,128226.37,1
15759733,McMillan,774,France,Female,26,5,0.0,2
15810826,Chiekwugo,624,France,Male,36,6,0.0,2
15668009,Hendley,747,Spain,Male,37,1,0.0,2
15743456,Birnie,715,France,Female,32,10,0.0,2
15725762,Kemp,808,France,Male,24,4,122168.65,1
15761713,Johnstone,678,France,Female,43,7,178074.33,1
15769246,Lo Duca,813,Germany,Male,59,2,135078.41,1
15781129,Montgomery,687,Spain,Male,38,8,69434.4,2
15599124,Miller,832,France,Female,29,5,0.0,2
15639004,Chiemezie,668,France,Male,72,2,0.0,2
15810995,Wright,526,Germany,Male,34,3,122726.56,1
15653773,Shaw,457,France,Female,38,7,164496.99,1
15708357,Chapman,649,Spain,Female,38,8,0.0,1
15733597,Y?an,669,France,Female,41,0,150219.41,2
15789560,Clark,668,France,Male,42,8,187534.79,1
15699524,Howells,466,France,Female,30,3,0.0,1
15626475,Gamble,685,France,Male,30,2,0.0,2
15810839,Rogers,610,France,Male,34,0,103108.17,1
15684318,McMillan,582,Germany,Female,50,6,96486.57,2
15768120,Brown,702,Germany,Male,36,9,90560.48,2
15712807,Robertson,556,Spain,Male,46,3,131764.96,1
15696371,Thomas,812,Spain,Female,24,1,92476.88,1
15675794,Hsing,645,Germany,Male,47,9,152076.93,1
15774277,Chiu,809,France,Male,43,2,0.0,2
15603764,Chang,560,France,Male,49,4,0.0,1
15618647,Kornilova,744,France,Male,29,1,43504.42,1
15614643,Chifo,731,Spain,Female,39,2,0.0,2
15707696,Lu,471,Spain,Female,28,5,0.0,2
15749583,Bellucci,686,Germany,Female,38,2,93569.86,3
15815125,Michael,668,Spain,Male,45,4,102486.21,2
15779620,Sinclair,575,France,Male,36,1,0.0,1
15768233,Chukwuebuka,435,Germany,Male,37,8,114346.3,1
15637788,Schmidt,743,France,Male,23,3,110203.77,1
15777046,Parry,580,France,Female,39,9,128362.59,1
15788723,McIntyre,599,Germany,Female,49,10,143888.22,2
15790489,Lo Duca,534,Spain,Male,34,5,170600.78,1
15739476,Ferrari,680,France,Female,32,5,0.0,1
15612670,Berry,631,Spain,Female,46,10,0.0,2
15631222,Cattaneo,485,France,Female,39,2,75339.64,1
15658972,Foster,699,France,Female,40,8,122038.34,1
15724691,Gordon,712,France,Male,34,1,0.0,2
15740442,May,603,France,Male,51,8,186825.57,1
15760427,Cameron,850,France,Male,40,6,124788.18,1
15677939,Ch'eng,584,France,Female,41,3,0.0,2
15611599,Curtis,604,France,Female,71,2,0.0,2
15633474,Whitehead,586,France,Male,51,2,138553.57,1
15671973,Chukwuemeka,467,Spain,Male,39,5,0.0,2
15790019,Onwughara,520,France,Male,35,9,105387.89,1
15737735,Grant,683,Spain,Male,40,4,95053.1,1
15661745,Browne,557,France,Male,36,3,0.0,1
15797065,Goloubev,613,Spain,Female,32,0,0.0,2
15710671,Gordon,786,France,Male,34,3,137361.96,1
15656522,Sutherland,593,Spain,Male,32,10,158537.42,1
15705085,Quesada,670,Spain,Female,29,9,0.0,2
15744873,Wright,657,Germany,Female,48,5,143595.87,1
15781914,Simmons,718,Germany,Male,32,9,169947.41,2
15637354,Yobachukwu,623,France,Female,24,7,148167.83,2
15717307,Read,496,France,Male,31,5,0.0,2
15746695,Wunder,429,France,Female,39,6,48023.83,1
15804962,Nnaife,606,France,Male,36,1,155655.46,1
15665378,Shen,499,France,Female,46,6,0.0,2
15757865,Powell,642,France,Male,62,7,0.0,2
15578787,Goddard,641,France,Female,52,4,0.0,1
15794323,Buckley,673,France,Male,32,8,121240.76,1
15697546,McIntyre,570,France,Female,36,3,0.0,2
15629519,Yen,472,France,Female,37,1,0.0,2
15624703,Okonkwo,550,Germany,Male,35,9,129847.75,2
15570002,Burlingame,625,Germany,Female,55,8,118772.71,4
15808566,Hs?,516,France,Male,46,2,0.0,2
15805463,Board,682,Germany,Male,32,2,105163.88,2
15709136,Adams,620,France,Male,28,8,0.0,2
15801605,Rizzo,626,France,Female,39,0,0.0,2
15567855,Chukwufumnanya,623,France,Female,29,1,0.0,2
15675141,Fraser,569,France,Female,35,4,93934.63,1
15665759,Russell,724,France,Female,69,5,117866.92,1
15761487,Yefimova,678,France,Female,55,5,0.0,1
15700394,Palermo,713,Spain,Female,26,4,122857.46,2
15631162,Bergamaschi,631,France,Male,32,10,0.0,2
15630641,Shao,846,France,Female,37,6,127103.97,1
15585066,Chimaraoke,660,France,Female,43,1,0.0,1
15722991,McGregor,567,France,Male,54,9,96402.96,1
15737404,Kesteven,731,France,Male,31,1,132512.26,1
15722409,Ritchie,693,Spain,Male,47,8,107604.66,1
15806420,Jenks,772,France,Male,34,9,0.0,2
15658148,Udokamma,657,France,Male,38,7,0.0,2
15810660,Boyle,774,Germany,Male,34,4,120875.23,2
15709780,Azuka,667,France,Female,37,9,71786.9,2
15727350,Pai,516,France,Female,37,8,113143.12,1
15752312,Howells,551,Spain,Male,49,1,150777.72,2
15616745,Hs?,542,Spain,Male,35,2,174894.53,1
15572294,Kelly,623,France,Male,28,7,0.0,1
15674110,Walton,701,France,Female,43,2,160416.56,1
15662501,Ebelechukwu,583,France,Male,48,3,91246.53,1
15649239,Vasilieva,731,Spain,Male,46,10,0.0,2
15700424,Hsiao,461,France,Female,35,5,0.0,1
15636388,Abrego,702,Germany,Female,23,7,98775.23,1
15713975,Gibson,565,Germany,Female,47,10,139756.12,1
15592925,Giordano,711,Spain,Male,42,3,177626.77,3
15581626,Mancini,664,France,Male,54,8,0.0,1
15641319,Afanasyeva,518,Spain,Male,50,4,0.0,1
15723481,Wright,728,Spain,Male,42,8,0.0,2
15787825,Okwudiliolisa,585,Germany,Male,37,6,152496.82,1
15710726,Hughes,573,France,Male,52,8,0.0,2
15627195,Parrott,568,Germany,Male,26,1,112930.28,2
15657957,Hughes,602,Germany,Female,26,8,113674.2,1
15676117,Zinachukwudi,603,France,Male,44,9,0.0,1
15607874,Keane,687,France,Male,38,0,144450.58,1
15796993,McCollum,741,France,Male,52,1,171236.3,2
15649858,Simpson,469,Spain,Male,37,9,96776.49,1
15811032,Gambrell,477,Germany,Female,58,8,145984.92,1
15679963,Moretti,737,Germany,Male,43,8,96353.8,1
15579131,Ricci,835,France,Male,25,7,0.0,2
15572428,Rieke,717,Germany,Female,33,0,115777.23,1
15622461,Ndubuagha,562,France,Female,51,7,122822.0,2
15636105,Chung,758,Spain,Male,61,2,0.0,2
15583849,Ts'ai,408,France,Male,40,3,0.0,2
15718780,Cox,650,Spain,Female,32,4,79450.09,1
15739271,Lei,582,Germany,Male,33,2,122394.0,1
15697129,Ulyanova,706,Spain,Female,43,1,0.0,2
15763415,Gray,567,Germany,Male,41,0,134378.89,1
15796617,McGregor,720,France,Male,29,2,0.0,2
15626628,Tretiakova,631,Spain,Female,31,2,88161.85,2
15765857,Genovesi,623,Spain,Male,41,2,142412.13,1
15742511,Gordon,514,France,Male,35,3,121030.9,1
15786433,Aitken,650,Germany,Female,35,3,165982.43,2
15685805,Ginikanwa,673,Spain,Female,35,6,0.0,2
15627971,Coates,504,France,Female,32,8,206663.75,1
15783025,Piazza,723,Germany,Male,37,3,94661.53,2
15726289,Cawood,645,France,Male,25,0,174400.36,1
15802118,Ignatieff,664,Spain,Male,41,7,123428.69,1
15607990,Gallo,760,Spain,Male,43,6,175735.5,1
15695932,Yelverton,766,Spain,Male,36,5,78381.13,1
15812279,William,634,France,Male,37,5,115345.86,2
15687558,Mault,640,Germany,Female,31,10,118613.34,1
15729065,Mackay,784,Germany,Male,28,2,109960.06,2
15698902,McIntyre,547,Germany,Female,42,1,142703.4,1
15570192,Henry,608,Germany,Female,40,8,121729.42,1
15809265,Kao,547,France,Female,35,4,0.0,1
15745201,Frewin,612,France,Female,43,4,139496.35,2
15580623,Yefremova,573,Spain,Male,28,8,0.0,2
15578156,Anenechukwu,615,Spain,Male,32,5,138521.83,1
15631063,Trentino,710,France,Female,33,2,0.0,2
15692577,Tomlinson,674,Germany,Female,38,10,83727.68,1
15810910,Royston,702,Spain,Female,38,9,0.0,2
15723217,Cremonesi,616,France,Male,37,9,0.0,1
15733111,Yeh,688,Spain,Male,32,6,124179.3,1
15610727,Ch'in,605,France,Male,36,7,128829.25,1
15792720,Martinez,676,France,Male,33,6,171490.78,1
15723153,Wearing,708,Spain,Male,33,3,0.0,2
15802823,Maclean,745,Spain,Female,38,7,0.0,2
15756118,T'ao,661,Spain,Male,20,8,0.0,1
15684934,Rose,726,France,Male,31,9,0.0,2
15776936,Whitworth,475,France,Male,40,7,160818.08,1
15729087,Suttor,751,Germany,Male,54,9,156367.6,2
15786463,Hsing,645,Germany,Female,59,8,121669.93,2
15717498,Boni,775,France,Male,42,6,133970.22,2
15718406,Marshall,540,France,Male,41,3,0.0,2
15799468,Catchpole,591,France,Female,34,3,96127.27,1
15626383,Tang,596,Spain,Male,60,7,121907.97,1
15597385,Siddons,573,Spain,Male,41,5,0.0,2
15570271,Wan,577,Spain,Male,31,6,0.0,1
15690330,Efimov,830,Germany,Female,40,8,77701.64,1
15680611,Rose,663,France,Male,67,9,0.0,3
15810227,Fanucci,421,France,Male,34,2,0.0,2
15807194,Iweobiegbulam,718,Spain,Male,34,5,113922.44,2
15712199,Ijendu,655,Germany,Female,61,2,183997.7,2
15694995,O'Sullivan,712,France,Male,23,2,0.0,2
15723400,Hutchinson,663,France,Male,28,4,0.0,2
15654772,Kwemto,640,France,Female,47,6,89799.46,2
15574743,Chiu,577,Spain,Male,29,2,0.0,1
15807593,Berry,546,Spain,Female,36,7,85660.96,1
15686718,Hung,802,Germany,Male,37,9,115569.21,1
15695299,Mordvinova,590,France,Female,45,2,81828.22,1
15722701,Bruno,594,Germany,Male,18,1,132694.73,1
15799635,Arbour,577,Spain,Male,51,2,108867.0,1
15742323,Barese,541,France,Male,39,7,0.0,2
15658435,Hingston,781,France,Female,27,5,0.0,2
15586029,Davis,806,Germany,Male,34,2,96152.68,2
15772337,Lawrence,723,Germany,Female,49,0,153855.52,1
15807555,Chung,535,France,Male,45,2,0.0,2
15603378,Padovano,768,France,Female,36,3,141334.95,1
15792862,Blinova,653,Germany,Male,41,1,104584.11,1
15657349,Carter,803,Germany,Female,50,8,98173.02,1
15777614,Webb,545,Spain,Female,44,1,0.0,2
15653952,T'an,581,Germany,Female,38,3,135157.05,1
15724336,Yates,513,Germany,Female,49,5,171601.27,1
15689594,Su,731,France,Male,29,5,179539.2,1
15801920,Christian,727,Germany,Male,39,5,80615.46,2
15653347,Chiu,560,Spain,Male,47,1,0.0,1
15749951,Sacco,766,Germany,Male,27,5,126285.73,1
15648178,Lettiere,630,Germany,Female,23,4,137964.51,1
15738662,Daluchi,652,Germany,Male,41,9,159434.03,1
15640855,T'ien,729,Germany,Male,40,5,113574.61,2
15584288,Hung,629,France,Female,33,6,0.0,2
15760988,Liu,667,Germany,Male,33,9,124573.33,2
15569624,Feng,671,Germany,Female,31,6,105864.6,2
15597949,Gilbert,768,Germany,Female,47,5,104552.61,1
15604551,Robb,732,France,Female,35,3,0.0,2
15617476,Manfrin,546,France,Female,30,5,0.0,2
15645323,Chinwenma,630,France,Male,55,2,0.0,1
15793311,Smith,765,Germany,Female,46,8,119492.88,2
15764153,Rowe,704,France,Female,33,0,130499.09,2
15802560,Moran,470,Spain,Female,48,6,140576.11,1
15728608,Walker,688,Germany,Female,34,9,91025.58,2
15770474,Myers,685,France,Female,33,1,0.0,3
15724444,Wall,567,France,Female,38,1,125877.65,2
15753110,McKay,720,Spain,Male,64,3,45752.78,2
15711521,Egobudike,609,France,Male,39,3,121778.71,1
15632816,Williams,521,Germany,Female,49,2,127948.57,1
15693637,Ochoa,556,France,Female,30,7,0.0,2
15725509,Otutodilinna,662,Germany,Male,30,5,115286.68,2
15684645,Ajuluchukwu,704,Germany,Male,41,9,62078.21,2
15692235,Bellucci,750,France,Female,38,1,0.0,2
15777459,Gordon,619,Spain,Female,32,4,175406.13,2
15656937,Johnston,468,Spain,Male,26,1,131643.25,1
15610643,De Luca,435,Germany,Male,44,3,151739.65,1
15777315,Hill,529,France,Male,43,6,93616.35,2
15611058,Eluemuno,702,Germany,Female,60,5,138597.54,2
15630413,Howarth,608,France,Female,41,5,0.0,2
15635942,Thomson,576,France,Male,40,9,0.0,2
15648858,King,666,France,Female,27,1,85225.21,1
15810732,Grant,730,France,Female,36,8,148749.29,2
15705448,Gilbert,647,Germany,Male,52,7,130013.12,1
15730488,Richmond,516,Spain,Female,27,1,0.0,1
15620443,Fiorentino,711,France,Female,81,6,0.0,2
15741078,Greece,736,France,Male,54,7,111729.47,2
15753161,Dickson,768,France,Female,36,5,180169.44,2
15711396,Henderson,427,Spain,Male,40,8,0.0,2
15593499,Stevens,686,Spain,Female,47,6,0.0,1
15579189,Mitchell,690,France,Female,42,5,0.0,2
15743545,Nworie,647,Spain,Female,29,2,0.0,2
15791316,Boni,714,France,Male,35,3,0.0,2
15608246,Wentcher,736,Germany,Female,36,8,103914.17,1
15676526,Bentley,608,France,Female,34,4,88772.87,1
15813911,Hayes-Williams,809,France,Female,39,5,0.0,1
15630195,Johnstone,745,France,Female,40,6,131184.67,1
15736250,Johnstone,781,France,Male,38,2,117810.79,1
15671334,Nixon,527,France,Male,31,4,0.0,1
15574169,Trevisano,595,Germany,Female,32,0,92466.21,1
15718839,Tsui,850,Germany,Female,38,2,102741.15,2
15762331,Moss,569,France,Male,37,9,178755.84,1
15606901,Graham,728,France,Male,43,7,0.0,2
15713559,Onyemauchechukwu,473,Germany,Female,32,5,146602.25,2
15768881,Saunders,738,France,Male,29,2,0.0,2
15743075,Ko,659,France,Male,35,6,0.0,2
15660980,Cairns,597,Spain,Male,38,6,115702.67,2
15810942,Chiemela,445,Germany,Female,61,2,137655.31,1
15728362,Robertson,671,France,Female,29,3,0.0,2
15683339,P'eng,656,Spain,Female,34,6,59877.33,1
15685476,Tseng,658,France,Male,31,5,100082.14,1
15663650,Russell,698,Germany,Male,52,10,107304.39,3
15617434,Yen,655,Spain,Male,38,9,0.0,1
15622470,Yeh,772,Spain,Male,41,10,96032.22,1
15703682,Kalinina,681,Spain,Male,33,10,0.0,1
15727391,Collier,688,Germany,Male,29,9,144553.5,2
15711062,Thomas,633,Germany,Male,40,5,86172.81,2
15567339,Shaw,735,France,Male,73,9,0.0,1
15760662,Francis,521,Germany,Female,29,2,87212.8,1
15605737,George,541,France,Male,36,5,0.0,2
15692977,Ikenna,612,Germany,Female,36,2,130700.92,2
15672082,Schatz,562,France,Male,62,3,0.0,2
15600280,Tao,703,France,Female,32,6,0.0,2
15804052,Scott,710,Spain,Male,23,6,0.0,2
15576065,Sims,731,Spain,Female,40,5,171325.98,1
15796838,Chibugo,703,Spain,Male,58,4,92930.92,1
15693526,Ku,618,France,Female,40,0,0.0,1
15748595,Stanton,689,France,Female,29,1,77556.79,2
15679029,Kung,718,France,Male,33,7,102874.28,1
15753639,Gibson,608,France,Male,37,5,146093.39,2
15604138,Iheanacho,749,Spain,Male,34,2,0.0,1
15666095,Costa,753,Spain,Male,51,4,79811.72,2
15643487,Sal,630,Spain,Male,39,10,105473.74,1
15764033,Lin,693,Germany,Female,43,1,121927.92,1
15747288,Ferri,838,Spain,Female,40,6,61671.19,1
15790599,Yin,756,Germany,Female,39,5,149363.12,2
15737705,Avdeyeva,775,France,Female,27,4,152309.37,1
15737194,Tu,635,France,Female,33,5,0.0,2
15726776,Donnelly,705,Spain,Male,36,1,111629.29,1
15804357,Loggia,481,France,Male,40,3,0.0,1
15664432,Chao,727,Spain,Female,49,7,96296.78,1
15688984,Belonwu,595,France,Male,20,4,95830.43,1
15583026,Welch,535,France,Female,38,0,135919.33,1
15771668,Henderson,578,France,Male,59,10,185966.64,1
15779904,Yobanna,597,France,Female,29,5,0.0,2
15784323,Gallo,449,France,Female,21,7,0.0,2
15756277,Wilson,850,Germany,Female,43,8,92244.83,2
15663312,Marino,494,France,Female,35,9,112727.06,2
15793197,Bailey,676,France,Female,34,8,100359.54,1
15731463,Gboliwe,818,Germany,Male,43,10,105301.5,1
15621768,Chukwuhaenye,712,Spain,Male,45,6,112994.65,1
15691323,Bianchi,672,Germany,Male,40,4,89025.88,2
15781326,Ford,636,France,Male,35,9,95478.17,1
15595640,Rizzo,698,France,Male,37,8,0.0,2
15814331,Lung,597,Germany,Female,43,7,119127.46,2
15602030,Ramirez,717,France,Male,28,4,128206.79,1
15747974,Sabbatini,614,France,Male,49,1,0.0,2
15611315,Ts'ao,708,Germany,Female,23,4,71433.08,1
15636977,Trevisan,507,Germany,Male,36,9,118214.32,3
15690337,Chinwenma,581,France,Female,27,5,102258.11,2
15680666,Berry,579,Spain,Female,39,2,151963.26,2
15679551,Colombo,504,Spain,Female,46,2,163764.84,1
15778915,Harris,737,France,Female,32,7,128551.36,2
15568849,Bryan,540,Spain,Female,31,10,118158.74,1
15747762,Chigozie,609,France,Male,32,7,118520.41,1
15753679,Mullawirraburka,778,France,Male,24,4,0.0,2
15750049,Steele,621,France,Male,40,10,163823.37,1
15606097,Zakharov,665,Germany,Male,63,7,104469.58,1
15802368,Ch'eng,608,France,Female,47,6,0.0,1
15767488,Berry,680,Spain,Male,36,7,0.0,2
15669946,Jen,663,Germany,Female,46,2,141726.88,1
15612103,Wang,627,Germany,Female,35,2,137852.96,1
15645353,Chubb,607,France,Male,26,1,0.0,1
15650018,Chen,681,France,Female,43,8,154100.3,1
15659002,Mazzanti,766,France,Female,45,6,0.0,2
15616028,T'ao,694,France,Male,30,2,0.0,3
15660475,Ndubueze,411,France,Female,54,9,0.0,1
15652615,Ferri,742,France,Male,39,8,140004.96,1
15653572,Thornton,673,Spain,Male,43,8,127132.96,1
15628059,DeRose,529,France,Male,61,1,0.0,2
15703413,Montes,519,France,Female,38,7,125328.56,1
15610433,Kwemto,573,France,Male,35,9,0.0,2
15770548,Lucchese,453,Germany,Female,28,3,139986.65,1
15645637,Huggins,798,Germany,Female,39,6,119787.76,1
15590888,Wade,693,Spain,Female,34,10,107556.06,2
15568326,Kenenna,637,France,Female,44,2,0.0,2
15655368,Wheeler,672,France,Male,47,1,0.0,1
15665579,Cartwright,597,France,Female,28,0,142705.95,1
15676091,Iloerika,543,France,Male,42,7,0.0,1
15716984,Palermo,695,Spain,Female,56,4,0.0,2
15715078,Nkemakolam,584,France,Male,35,6,161613.94,2
15569452,Butler,652,Germany,Female,58,3,116353.2,2
15628863,Calabresi,601,France,Male,38,4,60013.81,1
15778192,Nkemdilim,628,Spain,Male,28,4,0.0,2
15793723,Ch'iu,607,Germany,Male,32,9,144272.07,2
15798943,Alexander,646,France,Female,46,8,0.0,2
15764708,Chiabuotu,572,France,Male,30,6,117696.67,1
15791040,Vasilyeva,801,Spain,Male,58,1,79954.61,2
15631512,Schneider,597,France,Female,26,8,149989.39,1
15640106,Mason,613,France,Male,40,7,124339.9,1
15710315,Chukwukadibia,529,Germany,Male,29,4,135759.4,1
15771535,Tsui,794,Spain,Female,37,9,0.0,2
15611947,Banks,557,France,Male,34,3,83074.0,1
15670266,Shih,499,France,Female,28,4,141792.61,1
15609083,Tretiakova,544,France,Female,26,6,0.0,1
15567923,Barese,739,France,Female,30,6,0.0,1
15788183,Longo,458,Germany,Female,43,1,106870.12,2
15735782,MacDonald,528,France,Male,31,9,120962.59,1
15774401,Chambers,773,Spain,Male,51,4,0.0,2
15737971,Cowen,646,France,Female,30,5,0.0,2
15758750,Iweobiegbunam,564,France,Male,31,0,110527.17,1
15611767,Mai,624,Germany,Female,52,0,133723.43,1
15643770,Yu,682,France,Female,52,5,112670.48,1
15744717,Duffy,726,France,Female,44,2,0.0,2
15570681,Chiang,560,France,Male,24,1,116084.32,1
15792650,Watts,382,Spain,Male,36,0,0.0,1
15605531,Daly,457,Spain,Female,38,6,0.0,2
15605339,Baker,673,France,Female,37,10,0.0,2
15672216,Uvarov,584,France,Female,40,4,82441.75,1
15812893,Costa,629,France,Female,39,10,0.0,2
15624180,Genovesi,584,Germany,Female,37,10,134171.8,4
15701364,Doherty,724,France,Male,30,10,0.0,2
15762588,Kaleski,644,France,Male,31,5,0.0,2
15806318,Wright,676,Germany,Female,48,2,124442.38,1
15712596,Huang,499,France,Male,31,4,0.0,1
15600399,Trentino,598,France,Male,60,4,0.0,1
15576216,Chienezie,655,Germany,Female,37,4,108862.76,1
15620750,Sugden,559,France,Male,28,3,141099.43,1
15623489,Tu,543,France,Female,67,0,128843.67,1
15667944,Onuchukwu,679,France,Male,39,0,86843.61,1
15584928,Ugochukwutubelum,594,Germany,Female,32,4,120074.97,2
15779913,Davidson,586,France,Male,27,5,130231.8,2
15644977,Goddard,776,France,Female,31,5,0.0,2
15749679,Beck,699,France,Male,39,2,109724.38,1
15629010,Beam,847,Germany,Female,35,5,111743.43,1
15768465,Sheppard,582,Germany,Male,35,8,121309.17,2
15767781,Godfrey,648,France,Male,38,10,82697.28,1
15635364,Gray,618,France,Female,49,9,44301.43,3
15722004,Hsiung,543,France,Female,31,4,138317.94,1
15766044,Cameron,642,Germany,Male,49,4,120688.61,1
15586680,Fleming,462,France,Male,27,4,176913.52,1
15635388,Austin,640,Spain,Male,47,6,89047.14,1
15655175,Wallace,740,Germany,Male,40,4,114318.78,2
15639133,Ku,773,France,Female,50,4,0.0,2
15799653,Fiorentino,583,Germany,Female,32,7,94753.55,2
15723872,Buccho,589,Spain,Female,46,10,0.0,2
15775627,Gordon,509,France,Male,35,8,0.0,2
15630704,Haworth,612,Germany,Male,32,9,106520.73,2
15815534,Guidry,505,Spain,Male,37,0,134006.39,1
15697249,Lettiere,546,Germany,Female,25,3,132837.7,1
15681316,Tai,681,France,Female,41,0,120549.29,2
15682523,Chigozie,762,France,Male,20,1,139432.55,1
15650244,Bezrukov,786,Spain,Male,29,7,80895.44,2
15648638,Chia,629,Spain,Male,34,6,0.0,2
15795747,Sheppard,787,Spain,Female,39,7,171646.76,1
15607330,Vasilyev,713,Spain,Male,42,0,109121.71,1
15624013,Maxwell,541,France,Female,39,6,109844.81,1
15800805,Maher,451,France,Female,31,7,140931.82,1
15667321,Cocci,644,Spain,Male,49,10,0.0,2
15601116,P'an,686,France,Male,32,6,0.0,2
15622033,Rapuluchukwu,847,Germany,Female,41,3,101543.51,4
15758451,Azuka,765,Germany,Male,37,7,102708.77,1
15688689,Esposito,678,Germany,Female,37,8,149000.91,2
15652674,Hou,539,France,Male,20,0,83459.86,1
15806327,Cyril,800,France,Female,40,3,75893.11,2
15649618,Tomlinson,799,Germany,Female,39,7,167395.6,2
15677117,Crawford,629,France,Female,61,6,0.0,2
15751445,Chikwado,734,Germany,Female,52,6,71283.09,2
15749669,Hargreaves,542,France,Female,31,3,0.0,2
15656351,Laidley,414,Spain,Male,60,3,0.0,2
15667438,Ferguson,675,France,Female,38,1,104016.88,1
15682273,Burns,683,France,Female,38,5,127616.56,1
15580912,McNeill,748,France,Male,32,5,154737.88,2
15785183,Chukwuebuka,596,Spain,Male,29,2,0.0,2
15705383,Shen,642,France,Male,35,4,125476.31,1
15712903,Diaz,499,France,Female,21,3,176511.08,1
15774285,Kentish,649,Spain,Female,47,8,110783.28,1
15583138,Persse,739,France,Male,42,2,141642.92,2
15740160,Okwukwe,616,France,Male,31,1,0.0,2
15793425,Watt,560,Spain,Female,33,9,0.0,1
15749265,Carslaw,427,Germany,Male,42,1,75681.52,1
15623989,Griffin,435,France,Male,54,3,0.0,1
15604832,Hsia,633,France,Male,29,7,0.0,1
15584580,Fyodorova,443,France,Male,35,6,161111.45,1
15573854,Chukwujekwu,727,France,Male,62,5,0.0,2
15614847,Townsend,674,France,Female,45,6,72494.69,1
15679966,Marsh,661,France,Female,31,3,133964.3,1
15799435,Hayes,619,Spain,Male,34,1,0.0,1
15752186,Padovano,562,France,Female,27,3,0.0,2
15705544,Ma,633,France,Male,61,3,157201.48,1
15713632,Ham,551,Spain,Female,48,5,95679.29,1
15586523,Paten,720,Germany,Female,29,7,106230.92,1
15609176,Cawthorne,688,France,Female,32,5,0.0,2
15769308,Herbert,635,Germany,Female,36,9,81231.85,2
15676810,Jen,561,France,Female,31,1,81480.27,2
15634591,Saunders,850,France,Male,33,8,73059.38,1
15679804,Esquivel,636,France,Male,36,5,117559.05,2
15677764,Chao,461,Germany,Female,74,1,186445.31,2
15571917,Eluemuno,771,Germany,Female,38,5,137657.71,2
15574608,Sidorova,713,France,Male,36,8,133889.35,1
15740868,Pirogova,658,Germany,Female,45,9,134562.8,1
15702442,Benson,586,Germany,Female,56,9,100781.75,2
15699797,Santana,737,France,Male,30,8,174356.13,1
15648047,Williamson,742,Germany,Male,27,5,190125.43,2
15766826,North,824,France,Male,26,7,146266.0,1
15591628,Davies,701,Germany,Male,41,9,164046.1,1
15583857,Siciliano,623,Spain,Female,43,4,123536.52,2
15752534,Mironov,744,France,Male,36,10,0.0,2
15741403,Amechi,698,Spain,Female,38,1,171848.38,1
15783589,Toscano,616,France,Male,40,9,0.0,2
15598046,Su,662,France,Female,39,5,139562.05,2
15643330,Chukwuemeka,594,France,Male,37,2,0.0,2
15680405,P'eng,685,France,Male,40,2,168001.34,2
15728683,Lombardo,742,France,Male,27,0,0.0,2
15621644,Lombardi,678,Germany,Male,83,6,123356.63,1
15733032,Butler,651,Spain,Male,47,2,0.0,2
15608381,Dean,585,Germany,Male,50,2,125845.66,1
15658946,Piccio,579,Germany,Male,40,10,45408.85,2
15757912,Bradley,722,Germany,Female,37,0,125977.81,1
15645371,Cameron,613,Germany,Female,51,7,147262.11,1
15653110,Chan,694,France,Male,42,8,133767.19,1
15766355,Lettiere,550,Germany,Male,49,0,108806.96,3
15585249,Mironova,741,France,Male,42,6,106036.52,1
15611786,Tsui,668,Spain,Female,69,9,0.0,1
15575486,Okoli,529,France,Female,27,1,0.0,2
15780215,Berry,636,France,Male,31,6,0.0,2
15686099,Ruse,563,Spain,Male,61,1,82182.1,1
15739042,Bogolyubov,767,France,Female,35,9,0.0,2
15815316,Kennedy,644,France,Male,50,9,76817.0,4
15778489,Bolton,780,Germany,Male,71,9,142550.25,2
15786389,Chuang,635,Spain,Female,41,10,0.0,2
15601787,Greco,641,Germany,Male,35,2,103711.56,1
15624715,Ma,593,Spain,Female,40,2,0.0,1
15763093,Nucci,540,Germany,Female,35,7,128369.75,2
15572073,Yao,663,Spain,Male,35,5,0.0,2
15780256,Palfreyman,630,France,Male,34,9,0.0,2
15659305,Webster,605,Germany,Male,19,8,166133.28,1
15638882,Cardell,710,Germany,Female,62,9,148214.36,1
15714680,Bianchi,755,France,Female,78,5,121206.96,1
15777217,Somadina,641,Spain,Male,25,10,0.0,2
15739123,Mellor,737,Germany,Male,50,4,127552.85,2
15594450,Tomlinson,695,France,Male,49,9,159458.53,1
15797751,Pai,466,Germany,Female,47,5,102085.72,1
15691543,Lennox,558,Germany,Male,58,2,142537.18,1
15722845,Meldrum,665,Spain,Male,29,1,182781.74,2
15605804,Watson,737,France,Male,45,10,0.0,2
15702061,Findlay,654,France,Male,29,7,0.0,2
15694321,Su,619,France,Female,28,3,0.0,2
15798749,Davidson,845,Germany,Female,43,3,152063.59,2
15720050,Barrett,727,France,Female,28,2,110997.76,1
15758048,Miah,582,France,Male,50,2,148942.0,1
15805681,Chamberlain,716,France,Male,41,9,0.0,1
15802809,Vidal,660,Spain,Female,36,0,84438.57,1
15807239,Lung,664,France,Female,34,7,93920.47,1
15749093,Tretyakova,801,France,Male,43,4,158713.08,2
15689344,Montgomery,615,Spain,Male,42,4,0.0,3
15606076,Golubev,718,Germany,Male,63,7,123204.88,1
15610090,Han,667,France,Male,40,8,72945.29,2
15693926,Pan,670,Spain,Male,37,0,178742.71,1
15791501,Carroll,590,France,Male,43,8,0.0,2
15621870,Hawkins,739,Spain,Female,40,8,0.0,1
15734711,Loggia,373,France,Male,42,7,0.0,1
15814405,Chesnokova,418,France,Female,46,9,0.0,1
15729359,Chambers,837,France,Female,29,9,0.0,2
15606944,Fleming,645,Germany,Male,43,9,140121.17,1
15671934,Veale,552,Germany,Male,39,2,132906.88,1
15641773,Browne,580,Germany,Male,45,2,179334.83,2
15701972,Parsons,684,France,Male,35,3,137179.39,1
15749114,Bailey,634,Spain,Male,35,3,0.0,2
15780362,Ferrari,607,France,Female,49,9,119960.29,2
15753229,Genovese,802,France,Male,29,9,127414.55,1
15656009,McIntyre,736,France,Female,36,6,0.0,1
15785024,Warner,629,France,Female,40,9,137409.19,1
15670492,Gordon,737,France,Male,28,8,0.0,2
15795458,McMillan,718,Spain,Female,39,2,0.0,1
15732438,Cheng,561,France,Male,43,4,0.0,4
15781987,Akhtar,641,France,Male,31,9,112494.99,1
15775826,Iadanza,677,France,Male,30,1,78133.15,1
15807457,Abernathy,641,Spain,Female,36,1,0.0,2
15632538,Watson,658,Spain,Female,32,5,145553.07,1
15641389,Shen,659,Germany,Male,48,4,123593.22,2
15657306,Kershaw,567,France,Female,47,2,0.0,1
15709447,Reed,584,France,Female,26,0,146286.22,1
15762682,Mitchell,709,Spain,Female,35,1,111827.27,2
15626042,Webb,690,Spain,Female,26,2,0.0,2
15597109,Vanzetti,627,France,Male,70,1,94416.78,1
15756148,Nnanna,765,Spain,Male,45,2,91549.78,1
15665634,Campbell,645,France,Female,38,7,59568.57,1
15739997,Capon,716,France,Female,23,2,94464.81,2
15686242,Otutodilichukwu,771,France,Female,57,4,0.0,1
15759244,Boone,687,Germany,Male,44,8,95368.14,2
15672027,McIntyre,717,Germany,Female,33,10,102185.42,2
15594576,Zhdanov,524,France,Male,32,1,144875.71,1
15707138,Nagy,679,Spain,Male,39,5,0.0,2
15756954,Lombardo,538,France,Female,32,2,0.0,1
15619130,Simpson,752,Germany,Female,37,5,113291.05,2
15639665,Herbert,846,Spain,Male,61,0,0.0,2
15571065,Lehr,532,Spain,Female,39,0,0.0,2
15686060,Chou,670,Germany,Male,43,9,111677.88,1
15615753,Upchurch,597,Germany,Female,35,8,131101.04,1
15800961,Ugorji,627,Germany,Male,52,1,76101.81,2
15763065,Palerma,700,Spain,Female,40,2,0.0,2
15672467,Coles,766,France,Female,52,7,92510.9,2
15752915,Hsueh,488,France,Female,34,2,0.0,2
15744695,Tu,694,France,Male,39,5,77652.4,1
15584897,Kuo,639,France,Female,31,3,98360.03,1
15601857,Woodhouse,705,Germany,Female,46,4,115518.07,1
15674156,Tretiakova,810,Germany,Male,69,3,27288.43,1
15695465,Gibson,638,France,Female,36,6,0.0,1
15792232,Moss,595,Spain,Female,43,5,0.0,2
15807900,Chineze,575,France,Male,36,7,0.0,1
15743760,Davidson,850,France,Male,31,6,131996.66,2
15652835,Liang,419,Spain,Female,27,2,121580.42,1
15767818,Graham,640,France,Male,55,10,132436.34,1
15591150,Nwebube,570,Spain,Male,34,10,0.0,2
15734659,Sozonov,640,Germany,Female,46,5,107978.4,2
15796115,Forbes,689,Germany,Female,40,4,78119.59,4
15724648,Chikezie,725,France,Male,26,6,98684.15,1
15737732,Onwuemelie,751,France,Female,44,10,0.0,2
15632280,Toth,544,Spain,Female,53,9,0.0,1
15750407,Hunt,768,Germany,Female,43,2,129264.05,2
15795370,Mazure,648,Germany,Male,37,6,131753.41,1
15656829,Hughes,577,Spain,Female,33,6,0.0,2
15643794,Bennett,639,Spain,Female,27,2,0.0,1
15798605,Tien,686,Germany,Male,26,1,57422.62,1
15637324,Kay,657,France,Female,28,7,0.0,2
15589589,Bryan,613,France,Male,34,5,144094.2,1
15778936,Ingamells,701,France,Male,33,9,147510.34,1
15757385,Milne,578,Spain,Female,28,8,161592.76,1
15666200,Lombardo,689,France,Female,40,1,0.0,2
15683977,Owens,687,Spain,Female,72,4,0.0,2
15675518,Charlton,499,Spain,Female,53,1,75225.53,2
15584812,Overby,693,Spain,Female,39,0,0.0,2
15752984,Chifley,737,France,Female,70,9,87542.89,2
15577913,Oliver,651,France,Female,32,8,144581.96,1
15591980,Hill,753,France,Male,33,5,122568.05,2
15598948,DeRose,523,Spain,Female,24,5,172231.93,1
15574142,Chuang,458,Germany,Female,28,2,171932.26,2
15582903,Edwards,643,France,Male,39,7,0.0,2
15733229,Rodriguez,638,Spain,Female,34,7,0.0,2
15635752,Lo,685,Germany,Male,38,4,111798.06,2
15771000,Powell,684,France,Male,38,4,0.0,3
15804864,Chu,670,France,Female,27,5,79336.61,1
15641175,Munro,701,Germany,Male,63,3,120916.52,3
15692226,Onwumelu,705,France,Female,31,3,142905.51,1
15584156,Siciliani,593,Spain,Male,27,10,0.0,3
15702656,Yobachi,651,France,Female,33,1,96834.78,1
15606552,Akabueze,741,France,Male,37,9,105261.76,2
15687001,Chiemenam,596,Germany,Male,54,1,123544.0,1
15781903,Odinakachukwu,581,Germany,Male,41,2,127913.71,2
15731951,Reilly,689,Spain,Female,28,5,95328.6,1
15580953,Forbes,544,France,Male,30,4,73218.89,1
15810390,Amadi,718,France,Female,41,1,0.0,2
15628274,Ferri,583,Germany,Male,35,8,149995.72,2
15615444,Y?an,663,Germany,Male,28,8,123674.28,2
15784010,Williamson,666,Germany,Male,33,2,124125.26,1
15571586,Briggs,524,Spain,Male,29,3,159035.45,1
15748616,Napolitani,599,France,Male,27,5,0.0,2
15769402,Carpenter,667,France,Male,27,7,156811.74,1
15739248,Lin,727,France,Male,52,4,0.0,2
15603481,Robinson,689,Spain,Female,55,4,0.0,2
15723604,Collins,639,France,Male,39,6,150555.83,1
15797822,Kingsley,678,France,Male,28,2,109137.12,1
15665064,Harvey,523,France,Male,36,8,158351.02,2
15640580,Obiora,650,France,Female,47,9,0.0,1
15581089,Knight,744,Spain,Male,35,7,0.0,2
15728605,Hung,697,France,Male,40,4,0.0,2
15737385,Curtis,800,Spain,Female,46,6,0.0,2
15714789,Perez,664,France,Male,24,7,0.0,1
15786035,Gosnell,740,France,Male,39,9,0.0,2
15815259,Fang,835,France,Female,56,2,0.0,2
15592716,Clarke,559,France,Male,52,2,0.0,1
15734850,Milanesi,676,Spain,Male,36,1,82729.49,1
15638047,Chia,613,Germany,Female,45,9,142765.24,2
15674573,Gearhart,713,France,Female,25,4,121172.97,1
15694859,McLean,751,Germany,Female,28,10,132932.14,2
15776404,Williamson,523,France,Male,22,8,123374.46,1
15579345,Murphy,775,Germany,Female,74,0,161371.5,1
15690733,Angelo,608,Spain,Male,45,4,0.0,2
15631481,Thomson,673,France,Male,51,8,79563.36,2
15620988,Murray,616,France,Male,46,2,0.0,2
15571529,Kirby,650,Germany,Female,48,7,138232.24,1
15592104,Lane,655,France,Female,41,5,0.0,1
15651900,Bergamaschi,782,Germany,Female,53,1,81571.05,1
15596212,Yang,781,Spain,Male,35,1,0.0,2
15710687,Mills,593,France,Female,33,0,95927.04,1
15613787,Chidubem,505,Spain,Male,35,8,116932.59,1
15599211,Findlay,707,France,Male,40,1,0.0,2
15675983,Wood,692,France,Female,36,3,79551.12,1
15622370,Boyle,813,Germany,Male,30,1,116416.94,1
15656319,Toscano,850,Spain,Male,37,4,88141.1,1
15605130,Seccombe,753,France,Male,32,6,177729.13,1
15672574,Uspenskaya,850,Spain,Female,32,5,0.0,1
15659355,McKenzie,671,Spain,Male,32,6,123912.78,2
15777907,Liang,791,France,Female,33,3,0.0,1
15655171,Yermakova,624,France,Male,80,3,0.0,1
15619674,White,649,France,Female,35,4,108306.44,1
15775192,Rounsevell,732,Germany,Female,48,4,102962.62,1
15617657,Ts'ai,664,France,Female,36,0,103502.22,1
15688951,Stoneman,789,Germany,Male,43,8,119654.44,2
15763460,Yao,680,France,Male,33,10,183768.47,1
15756992,Chukwukere,701,France,Male,37,1,0.0,2
15617454,Ifeatu,684,France,Female,25,1,0.0,2
15701932,Millar,586,France,Female,52,6,140900.97,1
15700813,Igwebuike,522,Germany,Female,25,5,94049.92,2
15645600,Obidimkpa,739,Spain,Female,27,8,98926.4,1
15634146,Hou,835,Germany,Male,18,2,142872.36,1
15686743,Moody,790,Spain,Male,29,3,46057.96,2
15698792,Keldie,671,France,Female,48,6,119769.77,1
15591724,Liu,560,France,Female,44,5,143244.97,1
15571281,Ts'ao,651,France,Male,28,10,79562.98,1
15661380,Walker,682,France,Male,69,6,0.0,2
15728885,Defalco,808,France,Male,41,0,0.0,1
15618950,Lo Duca,644,Spain,Male,26,8,96659.64,2
15609804,Hyde,688,France,Male,29,1,0.0,2
15735849,Kanayochukwu,617,France,Female,26,2,165947.99,2
15652948,Yen,738,France,Male,33,4,92676.3,1
15618155,Ts'ui,663,France,Male,45,5,83195.12,1
15566378,Tillman,515,France,Male,48,5,129387.94,1
15565879,Riley,845,France,Female,28,9,0.0,2
15792922,Tu,639,Spain,Male,38,9,130233.14,1
15770567,Ruiz,557,France,Female,32,3,123502.53,1
15738042,Goliwe,543,Germany,Male,37,8,140894.06,2
15714920,Balashov,585,Germany,Male,44,7,163867.86,1
15782121,Leonard,610,France,Female,27,2,0.0,2
15673180,Onyekaozulu,727,Germany,Female,18,2,93816.7,2
15660636,Carpenter,540,Spain,Female,40,8,0.0,2
15664504,Beede,418,France,Male,35,7,0.0,2
15790322,Beneventi,660,France,Female,32,0,114668.89,1
15739847,Sadlier,850,Germany,Male,38,5,146756.68,1
15699415,Lewis,618,France,Female,46,6,150213.71,1
15665521,Chiazagomekpele,642,Germany,Male,18,5,111183.53,2
15682868,Elliott,850,France,Female,40,9,99816.46,1
15584462,Liang,739,France,Male,34,9,0.0,1
15661708,She,508,France,Female,41,5,0.0,2
15584452,Bozeman,667,France,Male,41,6,0.0,2
15717010,Yu,741,France,Female,60,5,0.0,1
15643828,Teng,592,France,Male,29,7,0.0,2
15733361,Davide,651,Germany,Female,45,6,86714.06,1
15795488,Beneventi,773,Spain,Male,52,2,0.0,2
15581551,Yobachukwu,850,Spain,Male,41,8,132838.07,1
15632051,Douglas,550,Germany,Female,42,10,128707.31,1
15780409,Egobudike,783,France,Male,40,6,0.0,2
15572767,Shelby,777,France,Male,29,2,0.0,2
15590337,Golubov,659,France,Male,29,6,123192.12,1
15634551,Williamson,727,Germany,Male,46,3,115248.11,4
15669290,Fan,603,France,Male,38,8,59360.77,1
15621140,Nwebube,644,Spain,Male,37,9,0.0,2
15613518,Bellucci,647,France,Female,35,6,112668.7,1
15728043,Udinese,648,Germany,Female,37,7,138503.51,2
15570073,Marian,721,Spain,Male,57,1,0.0,1
15777033,Chizoba,524,France,Male,29,7,0.0,2
15682454,McFarland,626,France,Female,34,3,0.0,2
15758513,McDonald,569,France,Male,43,7,0.0,2
15772604,Chiemezie,578,Spain,Male,36,1,157267.95,2
15721715,Fane,769,France,Female,40,9,133871.05,1
15688563,Marchesi,694,Germany,Male,31,4,141989.27,2
15772009,Scott,664,France,Female,41,5,0.0,1
15809585,Unknown,646,France,Male,38,7,0.0,2
15593778,Craig,779,France,Female,29,3,46388.16,3
15655360,Chikelu,782,Germany,Female,72,5,148666.99,1
15780909,Caffyn,769,Germany,Male,34,7,115101.5,1
15757310,Otitodilichukwu,655,Germany,Male,67,6,148363.38,1
15801411,Green,623,Spain,Male,46,4,0.0,1
15761706,Y?an,705,Spain,Female,39,8,144102.32,1
15658409,Mao,686,France,Male,41,5,128876.71,3
15810010,Dahlenburg,678,Germany,Male,36,6,118448.15,2
15627027,Shih,738,France,Male,39,5,0.0,2
15624374,Maclean,703,France,Male,28,9,0.0,2
15720083,Fiorentino,554,Spain,Male,42,1,0.0,2
15752294,Long,582,France,Female,38,9,135979.01,4
15743193,Olson,644,France,Male,37,6,117271.8,2
15696733,McKenzie,724,France,Male,29,4,0.0,1
15677522,Rossi,593,France,Male,33,1,0.0,2
15643523,Power,710,Spain,Female,30,10,0.0,2
15624936,Yen,631,France,Male,35,8,129205.49,1
15716085,Norris,739,Spain,Female,41,8,0.0,1
15641688,Collier,644,Spain,Male,18,7,0.0,1
15796834,Rivers,652,Germany,Male,35,7,104015.54,2
15720123,Hudson,554,Spain,Male,37,3,0.0,2
15604732,Milani,483,France,Female,30,9,0.0,2
15723484,Hunt,669,Germany,Female,42,1,103873.39,1
15807120,Oluchukwu,841,Germany,Female,52,3,112383.03,1
15810891,Lorenzo,662,France,Male,34,2,117731.79,2
15640407,Chidiegwu,821,Germany,Male,45,0,135827.33,2
15778838,Warren,783,France,Male,38,9,114135.17,1
15709256,Glover,850,France,Female,28,9,0.0,2
15742285,Andersen,559,France,Male,62,6,118756.62,1
15729019,Arcuri,602,Spain,Male,34,8,98382.72,1
15608588,Mackinlay,563,Germany,Male,41,2,100520.92,1
15610557,McCarthy,695,Spain,Female,35,7,79858.13,2
15786418,Chiu,546,France,Female,20,6,0.0,1
15653050,Norriss,719,Germany,Female,76,10,95052.29,1
15744914,Moore,539,Germany,Male,42,1,177728.55,1
15669611,Mott,632,France,Male,71,3,83116.68,1
15594786,Ts'ai,772,Germany,Male,34,7,111565.91,1
15649211,Fokina,708,Spain,Male,40,8,83015.71,1
15766066,Nikitina,668,Germany,Female,28,1,124511.01,1
15772216,Henry,738,France,Female,67,1,130652.52,1
15619898,Chiefo,785,France,Male,55,5,0.0,2
15724543,Mao,597,France,Male,61,5,0.0,2
15755084,Bezrukova,531,France,Male,37,7,121854.45,1
15730441,Dodd,509,France,Male,26,10,0.0,2
15666767,Lori,508,France,Male,35,1,86893.28,1
15690456,Yudina,749,Germany,Female,32,7,79523.13,1
15570533,Conti,621,Germany,Female,55,7,131033.76,1
15797692,Volkova,659,France,Female,33,7,89939.62,1
15603135,Boni,634,Germany,Female,59,3,95727.05,1
15698927,Ritchie,675,France,Male,39,7,0.0,2
15687363,McMillan,770,France,Male,31,3,155047.56,2
15733444,Phillips,736,France,Female,29,9,0.0,2
15678057,Lombardi,524,France,Male,44,10,118569.03,2
15806918,Ireland,674,France,Male,28,5,0.0,1
15638247,Boan,700,Spain,Male,44,9,0.0,2
15674833,Shao,741,France,Female,35,1,0.0,2
15812534,Chiemenam,455,France,Male,40,1,0.0,3
15586522,Hunter,608,Spain,Male,37,2,130461.02,1
15794297,McKay,776,France,Male,36,1,0.0,2
15737025,Roberts,635,France,Male,33,1,0.0,3
15615931,Aitken,746,France,Female,37,4,0.0,2
15664860,Chao,692,Spain,Female,47,3,0.0,2
15664539,Bruce,683,Spain,Male,35,9,61172.04,1
15583692,Chan,591,Germany,Female,35,2,90194.34,2
15693131,Watts,581,France,Female,24,3,95508.2,1
15779973,Gibbons,684,Germany,Male,35,3,99967.76,1
15620557,Ni,561,Spain,Male,37,4,101470.29,1
15639549,Jen,718,Germany,Female,33,4,70541.06,1
15618750,Phillips,590,France,Male,31,8,112211.61,1
15796790,Amaechi,573,France,Female,47,8,154543.98,1
15668309,Maslow,350,France,Female,40,0,111098.85,1
15732437,Rowley,504,Germany,Female,44,0,131873.07,2
15665158,Chukwuemeka,813,Spain,Male,27,1,137275.36,1
15689322,Bevan,641,Spain,Male,31,3,153316.14,1
15596624,Topp,662,France,Female,22,9,0.0,2
15601977,Burgoyne,497,Spain,Male,44,2,121250.04,1
15801462,Yermakov,716,France,Male,31,8,109578.04,2
15566139,Ts'ui,526,France,Female,37,5,53573.18,1
15791006,Kodilinyechukwu,760,Germany,Female,34,6,58003.41,1
15668057,K?,669,France,Female,31,6,113000.66,1
15580805,Marino,655,France,Male,27,10,0.0,2
15658768,Lucas,547,France,Female,49,2,0.0,1
15613048,Anderson,648,Germany,Female,40,5,139973.65,1
15803654,Wei,790,France,Female,31,2,151290.16,1
15662337,Baldwin,744,Germany,Female,50,1,121498.11,2
15650924,Foster,761,Spain,Female,32,4,103515.39,2
15647203,Gebhart,750,France,Female,35,3,0.0,1
15682778,Fedorov,680,France,Male,34,9,0.0,2
15579820,Robertson,704,Spain,Male,38,6,106687.76,1
15709354,Tudawali,521,France,Female,41,2,0.0,2
15728480,Iloerika,452,France,Female,35,8,0.0,2
15641091,Onyemauchechukwu,695,France,Female,31,5,106089.2,1
15603111,Muir,850,Spain,Male,71,10,69608.14,1
15679693,Walker,625,France,Male,31,5,0.0,2
15797190,Charlton,608,Germany,Female,40,7,96202.32,1
15788025,Tseng,715,France,Female,38,0,0.0,2
15646168,Ifeatu,834,Spain,Male,33,5,0.0,2
15580493,Chin,469,France,Male,33,1,127818.52,1
15726720,Blinova,480,France,Female,40,7,0.0,1
15735799,Maconochie,527,Germany,Male,58,3,137318.42,1
15773098,Ch'in,834,Spain,Male,34,5,0.0,2
15668971,Nicholson,583,France,Female,40,4,55776.39,2
15603221,Burgess,696,Germany,Male,32,4,84421.62,1
15740043,Young,606,France,Male,32,5,83161.65,1
15712264,Plumb,713,France,Female,39,10,0.0,2
15751926,Trentino,821,Germany,Male,42,3,87807.29,2
15589401,Allen,550,France,Female,30,4,0.0,2
15742019,Benford,675,France,Female,39,6,0.0,2
15660611,Gallo,748,Spain,Male,39,3,0.0,2
15607634,Cobb,606,Germany,Male,40,9,95293.86,2
15595036,Doherty,726,Germany,Male,30,7,92847.59,1
15745794,Cocci,547,France,Male,30,6,0.0,2
15781689,Macadam,758,Spain,Male,35,5,0.0,2
15696054,Tychonoff,596,France,Male,37,2,0.0,1
15752467,Johnson,720,Spain,Male,34,3,0.0,2
15597739,Tu,674,France,Male,37,3,0.0,1
15651336,Chidiebere,756,France,Female,32,4,0.0,2
15636061,Pope,649,Germany,Male,78,4,68345.86,2
15723013,Sutherland,613,Germany,Male,28,7,76656.4,2
15784148,Beneventi,643,France,Male,62,9,0.0,2
15578098,Jamieson,600,France,Male,31,8,0.0,2
15638621,Simmons,735,Spain,Male,39,1,60374.98,1
15720924,Chijioke,585,France,Female,34,1,0.0,1
15566531,Iloerika,724,Germany,Male,33,4,88046.88,1
15718064,Chia,635,Spain,Male,29,2,0.0,2
15605067,Nwachinemelu,472,France,Male,19,9,0.0,2
15655335,Becher,590,France,Male,36,1,0.0,2
15607301,Romano,651,Spain,Female,63,8,129968.67,1
15694628,Walker,686,Germany,Female,39,4,157731.6,2
15607112,Chiawuotu,606,France,Male,32,6,0.0,2
15635775,Watt,781,France,Male,33,3,89276.48,1
15644280,Udegbunam,593,France,Male,45,4,138825.19,1
15708362,Watson,793,France,Male,63,4,103729.79,2
15771997,Bryant,791,France,Female,31,10,75499.24,1
15730579,Ward,850,France,Male,68,5,169445.4,1
15728005,Urban,698,France,Female,57,9,111359.55,2
15791674,Sutherland,846,France,Female,34,10,142388.61,2
15754599,K'ung,765,France,Male,42,4,123311.39,2
15693690,Iweobiegbunam,574,Spain,Male,52,7,115532.52,1
15728963,Wei,617,Germany,Female,51,10,167273.71,1
15659710,Lascelles,581,France,Male,25,5,77886.53,2
15658675,Ts'ao,710,Germany,Male,37,6,135795.63,1
15638788,Mack,550,France,Male,32,8,97514.07,1
15609735,Campbell,533,Germany,Male,51,6,127545.56,2
15771477,Fiorentini,779,France,Male,49,9,106160.37,1
15570145,Long,763,France,Female,23,2,0.0,2
15797149,Lloyd,563,Spain,Female,36,4,143680.47,2
15636912,Sneddon,678,Spain,Male,38,3,124483.53,1
15687828,Gorshkov,644,Spain,Female,31,5,86006.3,1
15667424,Forbes,682,Germany,Female,43,7,111094.05,2
15759872,L?,625,France,Male,22,9,0.0,2
15572374,Hopetoun,733,Spain,Male,36,1,0.0,2
15754926,Lucchesi,512,France,Female,30,6,0.0,2
15687431,Faria,642,France,Female,41,7,115171.71,1
15604515,Yefremov,737,Germany,Female,22,10,111543.26,2
15682839,Genovesi,575,France,Female,57,8,137936.94,1
15624677,Marquez,543,Germany,Female,37,3,122304.65,2
15646366,Trevisani,521,Germany,Male,41,8,120586.54,1
15701768,Tung,637,France,Male,32,3,0.0,2
15623566,Barnhill,714,France,Male,40,9,46520.69,1
15681274,Marshall,726,Spain,Female,56,2,105473.74,1
15762573,Bednall,680,Spain,Female,34,7,0.0,2
15706458,Pan,812,Germany,Male,39,5,115730.71,3
15654222,Ogg,757,Spain,Male,30,3,145396.49,1
15704053,T'ang,710,Spain,Male,62,3,131078.42,2
15724321,Baresi,516,Germany,Female,47,9,128298.74,1
15621815,Obiajulu,803,France,Female,40,6,165526.71,1
15724876,McGregor,560,France,Female,38,5,83714.41,1
15696588,Lung,679,France,Female,36,3,0.0,2
15612832,Jamieson,526,France,Male,32,7,125540.05,1
15804295,Pinto,485,France,Male,41,2,100254.76,2
15712536,Fallaci,625,France,Female,36,3,0.0,2
15662494,Goliwe,773,Spain,Male,43,7,138150.57,1
15807728,Ferri,530,France,Female,45,1,0.0,1
15764916,Rowley,616,Germany,Female,43,7,95984.21,1
15615330,Tretiakova,651,France,Male,23,10,0.0,2
15638487,She,586,Germany,Male,38,2,136858.42,1
15627859,Nebeolisa,607,Germany,Male,29,7,102609.0,1
15622192,Young,724,Spain,Male,39,3,0.0,2
15789413,Fitzgerald,733,France,Male,64,3,0.0,2
15583221,Arnold,667,Germany,Male,70,3,77356.92,2
15768495,Chidimma,700,France,Female,32,8,110923.15,2
15644103,Wells,659,Spain,Male,78,2,151675.65,1
15741197,Calzada,710,Spain,Male,22,8,0.0,3
15664547,Black,760,France,Male,37,7,0.0,1
15797293,Sopuluchukwu,677,France,Female,25,3,0.0,2
15572021,Ts'ao,798,Germany,Female,29,8,80204.11,2
15637461,Ukaegbunam,758,France,Male,35,7,0.0,2
15620577,Wood,715,France,Male,45,4,0.0,2
15609643,Furneaux,752,Germany,Male,32,9,115587.49,2
15785358,Gresswell,586,Germany,Male,46,8,106968.96,1
15603883,Ch'in,818,France,Male,36,4,0.0,2
15782550,Ma,490,Germany,Female,41,0,139659.04,1
15775761,Iweobiegbunam,610,Germany,Female,69,5,86038.21,3
15680201,Marcelo,627,Germany,Male,24,5,102773.2,2
15767594,Azubuike,533,France,Female,35,8,0.0,2
15591985,Stewart,708,France,Female,51,8,70754.18,1
15789339,Yen,681,France,Male,59,4,122781.51,1
15781530,Hsieh,690,France,Male,21,8,0.0,2
15705174,Chiedozie,656,Germany,Male,68,7,153545.11,1
15572114,Shih,673,Spain,Male,40,1,121629.22,1
15804009,Amechi,806,Germany,Male,36,8,167983.17,2
15662698,Ko,648,Spain,Female,43,7,81153.82,1
15696047,Chimezie,501,France,Male,35,6,99760.84,1
15701160,Azubuike,556,Germany,Female,43,4,125890.72,1
15790093,Aguirre,627,France,Female,27,2,0.0,2
15632143,Lung,652,France,Male,31,2,119148.55,1
15736778,Adams,807,Germany,Female,60,1,72948.58,2
15734917,Castiglione,708,Germany,Male,21,8,133974.36,2
15643903,Yao,619,France,Male,27,1,154483.98,1
15569526,Morales,601,France,Male,40,10,98627.13,2
15777067,Thomas,445,France,Male,64,2,136770.67,1
15795511,Vasiliev,800,Germany,Male,39,4,95252.72,1
15610419,Chukwueloka,554,France,Male,33,3,117413.95,1
15644994,Ko,714,Germany,Male,54,4,137986.58,2
15703707,Atkins,656,France,Male,44,10,143571.52,1
15659327,Moffitt,520,France,Male,49,5,121197.64,1
15771323,Panicucci,480,Spain,Male,39,5,121626.9,1
15750549,Akobundu,660,Germany,Male,30,1,84440.1,2
15698462,Chiu,532,France,Male,36,4,0.0,2
15739692,Tsui,679,France,Male,42,1,0.0,2
15744041,Yobanna,780,France,Female,26,3,140356.7,1
15700714,Hollis,747,France,Male,29,7,0.0,2
15777743,Cattaneo,705,France,Female,39,3,92224.56,1
15623143,Lung,732,France,Female,43,9,0.0,2
15712568,Angelo,515,Spain,Male,40,10,121355.99,1
15617432,Folliero,816,Germany,Female,40,9,109003.26,1
15650424,Bryant,641,France,Female,48,3,147341.43,1
15728829,Weigel,509,France,Male,18,7,102983.91,1
15680430,Ajuluchukwu,601,Germany,Female,49,4,96252.98,2
15687626,Zhirov,527,France,Male,39,4,0.0,2
15609187,Cox,455,France,Female,27,5,155879.09,2
15609521,Chimaraoke,803,Germany,Male,34,4,142929.16,2
15752626,Genovese,553,France,Male,32,7,64082.09,1
15571756,Ohearn,724,France,Female,28,5,0.0,1
15814040,Munroe,610,France,Female,45,1,0.0,2
15658211,Morrison,559,Spain,Female,39,2,0.0,2
15742091,Parkhill,825,Germany,Female,35,6,118336.95,1
15787168,Y?,819,Spain,Female,28,8,168253.21,1
15772363,Hilton,772,Germany,Female,42,0,101979.16,1
15659364,Thompson,685,Spain,Male,23,5,164902.43,1
15738980,Yobanna,506,France,Male,43,2,0.0,2
15794236,Thorpe,642,Germany,Male,22,10,111812.52,2
15721383,Harvey,627,Spain,Male,40,10,0.0,2
15652981,Robinson,600,Germany,Male,30,2,119755.0,1
15722731,Manna,653,France,Male,46,0,119556.1,1
15640507,Li,762,Spain,Female,35,3,119349.69,3
15578878,Hancock,569,Spain,Female,30,3,139528.23,1
15744295,Hao,756,France,Male,40,1,94773.11,1
15776558,Nicholls,673,France,Male,31,1,108345.22,1
15596136,Folliero,637,France,Female,36,9,166939.88,1
15704597,Trumbull,644,France,Male,33,7,174571.36,1
15648272,Medvedeva,658,Spain,Male,35,9,71829.34,1
15594915,Crist,649,France,Female,36,8,0.0,2
15581115,Middleton,603,France,Female,39,9,76769.68,1
15763907,Watts,820,France,Female,39,1,104614.29,1
15705994,Udinese,712,Spain,Male,27,10,0.0,1
15772421,Tretiakov,645,Germany,Female,31,1,128927.93,1
15711572,O'Kane,705,Germany,Female,31,9,110941.93,2
15691170,Vasilyeva,590,Spain,Female,29,10,99250.08,1
15600106,Wei,631,France,Male,36,1,0.0,2
15745431,Chinonyelum,604,France,Male,34,7,0.0,2
15649508,Chin,643,Spain,Male,48,8,0.0,2
15812611,Lorimer,690,Spain,Female,30,5,0.0,2
15619699,Yeh,558,France,Male,31,7,0.0,1
15813946,Duffy,637,Germany,Male,51,1,104682.83,1
15762762,Onyekachukwu,648,Germany,Female,45,5,118886.55,1
15629793,Banks,652,Spain,Male,28,8,156823.7,2
15781298,Hughes,808,Germany,Male,39,3,124216.93,1
15622658,Lai,551,France,Female,26,2,144258.52,1
15658980,Matthews,711,Germany,Male,26,9,128793.63,1
15701936,Bell,467,Germany,Male,28,10,126315.26,1
15686917,Tu,789,Spain,Female,40,4,0.0,2
15807312,Hsia,602,Spain,Male,33,5,0.0,2
15574523,Cheng,576,France,Male,39,1,0.0,2
15724200,Cheng,584,France,Male,38,1,115341.55,1
15738224,Lin,593,France,Male,32,6,99162.29,1
15593283,Higgins,705,Germany,Female,48,1,156848.13,2
15814690,Chukwujekwu,595,Germany,Female,64,2,105736.32,1
15807245,McKay,699,Germany,Female,41,1,200117.76,2
15799358,Vincent,516,France,Female,46,6,62212.29,1
15616172,Ubanwa,838,France,Male,31,2,0.0,2
15777958,Ch'ien,587,France,Male,39,10,0.0,2
15809124,T'ien,750,France,Male,38,5,151532.4,1
15616367,Ricci,581,Germany,Male,39,1,121523.51,1
15687385,McDowell,484,France,Male,41,5,0.0,1
15607877,Maclean,576,Spain,Male,26,8,0.0,2
15736327,Manna,567,Germany,Female,46,1,68238.51,2
15746704,Jibunoh,638,Spain,Male,30,9,136808.53,2
15778304,Fan,646,Germany,Male,24,0,92398.08,1
15588456,Hsieh,658,France,Female,40,5,143566.12,1
15664035,Parsons,590,Spain,Female,38,9,0.0,2
15596405,Udinese,546,Spain,Male,25,7,127728.24,2
15815097,Root,603,France,Female,34,9,0.0,2
15762708,Chiemezie,619,Spain,Female,38,10,119658.49,1
15776211,Toscani,678,France,Female,34,6,0.0,2
15626012,Obidimkpa,459,France,Male,26,4,149879.66,1
15792077,Degtyaryov,671,Germany,Male,28,8,119859.52,2
15718765,Maclean,501,Spain,Male,43,6,104533.24,1
15576615,Giordano,719,Spain,Male,37,10,145382.61,1
15752650,Saad,681,Spain,Female,37,6,121231.39,1
15797502,Lord,706,Spain,Male,24,2,141078.57,1
15687329,Hope,763,Germany,Female,32,1,108465.65,2
15779423,K?,716,France,Male,39,1,70657.61,2
15619514,Bull,507,Germany,Male,40,3,120105.43,1
15615430,Adams,678,Germany,Male,55,4,129646.91,1
15716431,Brookes,775,France,Female,30,10,191091.74,2
15798341,Victor,544,France,Male,38,8,0.0,1
15651958,Giles,756,France,Male,27,8,0.0,2
15726179,Ferrari,757,Germany,Female,43,5,131433.33,2
15652999,Milne,742,Germany,Male,33,1,137937.95,1
15691950,Parry,591,France,Male,49,3,0.0,2
15632446,Allan,667,France,Male,24,4,0.0,2
15620936,Warren,787,France,Male,32,4,0.0,2
15587640,Rowntree,718,France,Female,43,0,93143.39,1
15782231,Andrejew,521,France,Male,38,6,0.0,2
15580462,Corby,607,Spain,Male,40,1,112544.45,1
15736371,Kennedy,633,France,Female,34,3,123034.43,2
15648032,Young,588,Spain,Male,37,2,0.0,2
15610454,Poole,724,Germany,Female,33,9,119278.44,1
15671358,Fletcher,720,France,Male,44,4,0.0,2
15747130,Tsao,521,France,Male,39,7,0.0,2
15578374,Gilroy,620,Spain,Male,36,7,169312.72,1
15572182,Onwuamaeze,505,Germany,Female,33,3,106506.77,3
15770041,Manna,728,Spain,Female,43,8,128412.61,1
15669414,Pisano,486,Germany,Male,62,9,118356.89,2
15777054,Thorpe,584,Germany,Male,42,3,137479.13,1
15621021,Dwyer,687,Spain,Female,40,1,0.0,2
15785490,Okeke,771,France,Male,50,3,105229.72,1
15577695,Zito,678,France,Male,41,2,148088.11,1
15686974,Sergeyeva,751,France,Female,48,4,0.0,1
15574584,Fang,670,France,Male,33,8,126679.69,1
15719541,Flannagan,675,Spain,Male,31,2,90826.27,2
15646310,Mao,684,Spain,Male,24,8,143582.89,1
15697606,Sturdee,637,France,Female,21,10,125712.2,1
15711489,Azikiwe,760,Spain,Female,32,2,0.0,1
15670427,Chidi,662,Spain,Male,37,4,155187.3,1
15731755,Hull,680,France,Male,49,10,0.0,2
15796370,Shah,604,Spain,Male,40,5,155455.43,1
15598331,Morgan,764,France,Female,40,9,100480.53,1
15704795,Vagin,521,France,Female,77,6,0.0,2
15796764,Bruno,684,Germany,Female,56,3,127585.98,3
15589420,Osinachi,795,France,Female,40,2,101891.1,1
15810563,Ho,678,Spain,Female,61,8,0.0,2
15746569,Tsui,589,France,Male,38,4,0.0,1
15811594,Gordon,660,Spain,Female,28,3,128929.88,1
15645896,Duncan,646,Germany,Male,39,6,121681.91,2
15802909,Hu,706,Germany,Female,56,3,139603.22,1
15797665,Docherty,730,France,Female,27,7,0.0,2
15778959,Brookes,606,France,Female,36,10,0.0,2
15722532,Angelo,690,Spain,Female,36,10,91760.11,1
15784124,Emenike,645,Germany,Male,41,2,93925.3,1
15776518,Pugh,579,France,Female,38,4,175739.36,1
15611247,McKenzie,481,France,Female,28,10,0.0,2
15721469,Mach,492,Germany,Male,45,9,170295.04,2
15773338,Endrizzi,739,France,Male,58,2,101579.28,1
15784042,L?,624,France,Male,55,7,118793.6,1
15776229,MacPherson,682,France,Male,44,3,115282.3,1
15655903,Michael,701,Spain,Female,34,6,107980.37,1
15590177,Chiedozie,718,France,Female,44,1,133866.22,1
15568876,Hughes,496,France,Female,34,1,102723.35,2
15813140,Taylor,543,Spain,Male,41,5,0.0,2
15770516,Evdokimov,616,Spain,Female,44,7,193213.02,2
15755731,Davis,635,Germany,Male,53,8,117005.55,1
15574480,Ubanwa,652,Spain,Male,31,1,132862.59,1
15798084,Murray,688,France,Male,26,0,0.0,2
15673020,Smith,678,France,Female,49,3,204510.94,1
15643575,Evseev,757,Germany,Male,36,1,65349.71,1
15596811,Mitchell,667,France,Male,36,8,139753.35,1
15786789,Ni,725,France,Female,29,6,0.0,2
15578865,Palerma,632,Germany,Female,50,5,107959.39,1
15605672,Yuan,694,France,Female,38,5,195926.39,1
15603674,Knight,803,France,Male,36,1,0.0,2
15759915,Rapuokwu,814,France,Female,31,6,87772.52,1
15686219,Wan,611,France,Male,38,4,71018.6,2
15696388,Artamonova,755,Germany,Male,38,4,111096.91,1
15713604,Rossi,425,Germany,Male,40,9,166776.6,2
15647800,Greco,850,France,Female,34,6,101266.51,1
15813451,Fleetwood-Smith,677,Spain,Male,18,8,134796.87,2
15765375,Butusov,797,France,Female,46,8,0.0,1
15774586,West,692,Germany,Female,43,10,118588.83,1
15603454,Sanders,735,Germany,Male,28,5,160454.15,2
15653037,Parks,609,France,Male,77,1,0.0,1
15782475,Edith,700,France,Female,42,8,0.0,2
15593496,Korovin,526,Spain,Female,36,5,91132.18,1
15808971,Lajoie,693,Spain,Female,57,9,0.0,2
15791972,Bergamaschi,748,France,Female,20,7,0.0,2
15676869,T'ien,657,Spain,Male,36,8,0.0,2
15683007,Torode,739,Germany,Female,25,5,113113.12,1
15659495,Fu,784,Spain,Male,23,2,0.0,1
15703923,Cameron,744,Germany,Male,41,7,190409.34,2
15674000,Cattaneo,645,France,Male,44,10,0.0,2
15618171,James,669,France,Female,33,9,0.0,2
15732202,Abramovich,615,France,Male,34,1,83503.11,2
15735078,Onwughara,724,Germany,Female,53,1,139687.66,2
15798615,Wan,850,France,Female,47,9,137301.87,1
15638494,Salinas,625,Germany,Female,39,10,129845.26,1
15763874,Ho,635,Spain,Male,46,8,0.0,2
15696355,Cleveland,724,Germany,Male,37,6,125489.4,1
15655952,Burke,550,France,Male,47,2,0.0,2
15739850,Trentino,645,France,Male,45,6,155417.61,1
15611338,Kashiwagi,714,Spain,Male,29,4,0.0,2
15707861,Nucci,520,France,Female,46,10,85216.61,1
15672237,Oluchi,633,France,Male,25,1,0.0,1
15657771,Ts'ui,537,France,Male,37,6,0.0,1
15677783,Graham,764,Spain,Male,38,4,113607.47,1
15681026,Lucciano,795,Germany,Female,33,9,104552.72,1
15566543,Aldridge,573,Spain,Male,44,9,0.0,2
15594612,Flynn,702,Spain,Male,44,9,0.0,1
15814664,Scott,740,Germany,Male,33,2,126524.11,1
15642785,Douglas,479,France,Male,34,5,117593.48,2
15690164,Shao,627,Germany,Female,33,4,83199.05,1
15590213,Ch'en,479,Spain,Male,35,4,125920.98,1
15603794,Pugliesi,623,France,Male,48,5,118469.38,1
15733491,McGregor,512,Germany,Female,40,8,153537.57,2
15806360,Hou,609,France,Male,41,6,0.0,1
15587133,Thompson,518,France,Male,42,7,151027.05,2
15721377,Chou,833,France,Female,34,3,144751.81,1
15747927,Ch'in,758,France,Male,26,4,155739.76,1
15806455,Miller,611,France,Male,27,7,0.0,2
15695474,Barker,583,France,Male,33,7,122531.86,1
15666295,Smith,610,Germany,Male,50,1,113957.01,2
15656062,Azikiwe,637,France,Female,33,7,103377.81,1
15579969,Mancini,683,France,Female,32,9,0.0,2
15703563,P'eng,774,France,Male,40,9,93017.47,2
15692664,Diribe,677,France,Female,58,1,90022.85,1
15719276,T'ao,741,Spain,Male,35,6,74371.49,1
15672754,Burbidge,498,Germany,Male,42,3,152039.7,1
15768163,Griffin,655,Germany,Female,46,7,137145.12,1
15656710,Cocci,613,France,Male,40,4,0.0,1
15696175,Echezonachukwu,602,Germany,Male,35,7,90602.42,2
15586914,Nepean,659,France,Male,36,6,123841.49,2
15581736,Bartlett,673,Germany,Male,47,1,183579.54,2
15588839,Mancini,606,Spain,Male,30,8,180307.73,2
15589329,Pirozzi,775,France,Male,30,4,0.0,2
15605622,McMillan,841,Spain,Male,28,4,0.0,2
15798964,Nkemakonam,714,Germany,Male,33,3,35016.6,1
15769959,Ajuluchukwu,597,France,Female,53,4,88381.21,1
15657105,Chukwualuka,726,Spain,Male,36,2,0.0,1
15569266,Rahman,644,France,Male,28,7,155060.41,1
15719294,Wood,800,France,Female,29,2,0.0,2
15606229,Obijiaku,771,France,Male,39,5,0.0,2
15682355,Sabbatini,772,Germany,Male,42,3,75075.31,2
15628319,Walker,792,France,Female,28,4,130142.79,1
15569892,Johnstone,516,France,Male,35,10,57369.61,1
15584532,Liu,709,France,Female,36,7,0.0,1
